"rest.age","plant.target.richness","cover.vegetation","agrar.r600","lk.grassland.per.min","lc.shannon.div.r600","field.size.avg.r600","perm.grassland.r600","region","butterfly.Hill2.total"
10.6607142857143,43.2678571428571,80.3415178571429,34.8200892857143,0.6,1.58052142857143,6.34944017857143,23.1784821428571,"Centre",3.80647412467517
10.6607142857143,43.2678571428571,80.3415178571429,34.8200892857143,0.6,1.58052142857143,6.34944017857143,23.1784821428571,"North",3.91303999564479
10.6607142857143,43.2678571428571,80.3415178571429,34.8200892857143,0.6,1.58052142857143,6.34944017857143,23.1784821428571,"South",2.3877405870407
10.6607142857143,43.2678571428571,80.3415178571429,34.8200892857143,0.68989898989899,1.58052142857143,6.34944017857143,23.1784821428571,"Centre",3.83116607012703
10.6607142857143,43.2678571428571,80.3415178571429,34.8200892857143,0.68989898989899,1.58052142857143,6.34944017857143,23.1784821428571,"North",3.9384232156428
10.6607142857143,43.2678571428571,80.3415178571429,34.8200892857143,0.68989898989899,1.58052142857143,6.34944017857143,23.1784821428571,"South",2.40322945111735
10.6607142857143,43.2678571428571,80.3415178571429,34.8200892857143,0.77979797979798,1.58052142857143,6.34944017857143,23.1784821428571,"Centre",3.85601818799836
10.6607142857143,43.2678571428571,80.3415178571429,34.8200892857143,0.77979797979798,1.58052142857143,6.34944017857143,23.1784821428571,"North",3.96397109223983
10.6607142857143,43.2678571428571,80.3415178571429,34.8200892857143,0.77979797979798,1.58052142857143,6.34944017857143,23.1784821428571,"South",2.41881878880143
10.6607142857143,43.2678571428571,80.3415178571429,34.8200892857143,0.86969696969697,1.58052142857143,6.34944017857143,23.1784821428571,"Centre",3.88103151730019
10.6607142857143,43.2678571428571,80.3415178571429,34.8200892857143,0.86969696969697,1.58052142857143,6.34944017857143,23.1784821428571,"North",3.98968469353501
10.6607142857143,43.2678571428571,80.3415178571429,34.8200892857143,0.86969696969697,1.58052142857143,6.34944017857143,23.1784821428571,"South",2.43450925184802
10.6607142857143,43.2678571428571,80.3415178571429,34.8200892857143,0.95959595959596,1.58052142857143,6.34944017857143,23.1784821428571,"Centre",3.90620710378347
10.6607142857143,43.2678571428571,80.3415178571429,34.8200892857143,0.95959595959596,1.58052142857143,6.34944017857143,23.1784821428571,"North",4.01556509455607
10.6607142857143,43.2678571428571,80.3415178571429,34.8200892857143,0.95959595959596,1.58052142857143,6.34944017857143,23.1784821428571,"South",2.45030149624002
10.6607142857143,43.2678571428571,80.3415178571429,34.8200892857143,1.04949494949495,1.58052142857143,6.34944017857143,23.1784821428571,"Centre",3.93154599998272
10.6607142857143,43.2678571428571,80.3415178571429,34.8200892857143,1.04949494949495,1.58052142857143,6.34944017857143,23.1784821428571,"North",4.04161337730425
10.6607142857143,43.2678571428571,80.3415178571429,34.8200892857143,1.04949494949495,1.58052142857143,6.34944017857143,23.1784821428571,"South",2.46619618221556
10.6607142857143,43.2678571428571,80.3415178571429,34.8200892857143,1.13939393939394,1.58052142857143,6.34944017857143,23.1784821428571,"Centre",3.95704926526009
10.6607142857143,43.2678571428571,80.3415178571429,34.8200892857143,1.13939393939394,1.58052142857143,6.34944017857143,23.1784821428571,"North",4.06783063079954
10.6607142857143,43.2678571428571,80.3415178571429,34.8200892857143,1.13939393939394,1.58052142857143,6.34944017857143,23.1784821428571,"South",2.48219397429567
10.6607142857143,43.2678571428571,80.3415178571429,34.8200892857143,1.22929292929293,1.58052142857143,6.34944017857143,23.1784821428571,"Centre",3.98271796584963
10.6607142857143,43.2678571428571,80.3415178571429,34.8200892857143,1.22929292929293,1.58052142857143,6.34944017857143,23.1784821428571,"North",4.09421795112624
10.6607142857143,43.2678571428571,80.3415178571429,34.8200892857143,1.22929292929293,1.58052142857143,6.34944017857143,23.1784821428571,"South",2.49829554131196
10.6607142857143,43.2678571428571,80.3415178571429,34.8200892857143,1.31919191919192,1.58052142857143,6.34944017857143,23.1784821428571,"Centre",4.00855317490186
10.6607142857143,43.2678571428571,80.3415178571429,34.8200892857143,1.31919191919192,1.58052142857143,6.34944017857143,23.1784821428571,"North",4.12077644147874
10.6607142857143,43.2678571428571,80.3415178571429,34.8200892857143,1.31919191919192,1.58052142857143,6.34944017857143,23.1784821428571,"South",2.51450155643467
10.6607142857143,43.2678571428571,80.3415178571429,34.8200892857143,1.40909090909091,1.58052142857143,6.34944017857143,23.1784821428571,"Centre",4.03455597252865
10.6607142857143,43.2678571428571,80.3415178571429,34.8200892857143,1.40909090909091,1.58052142857143,6.34944017857143,23.1784821428571,"North",4.14750721220767
10.6607142857143,43.2678571428571,80.3415178571429,34.8200892857143,1.40909090909091,1.58052142857143,6.34944017857143,23.1784821428571,"South",2.53081269720077
10.6607142857143,43.2678571428571,80.3415178571429,34.8200892857143,1.4989898989899,1.58052142857143,6.34944017857143,23.1784821428571,"Centre",4.06072744584837
10.6607142857143,43.2678571428571,80.3415178571429,34.8200892857143,1.4989898989899,1.58052142857143,6.34944017857143,23.1784821428571,"North",4.17441138086631
10.6607142857143,43.2678571428571,80.3415178571429,34.8200892857143,1.4989898989899,1.58052142857143,6.34944017857143,23.1784821428571,"South",2.54722964554229
10.6607142857143,43.2678571428571,80.3415178571429,34.8200892857143,1.58888888888889,1.58052142857143,6.34944017857143,23.1784821428571,"Centre",4.08706868903134
10.6607142857143,43.2678571428571,80.3415178571429,34.8200892857143,1.58888888888889,1.58052142857143,6.34944017857143,23.1784821428571,"North",4.20149007225733
10.6607142857143,43.2678571428571,80.3415178571429,34.8200892857143,1.58888888888889,1.58052142857143,6.34944017857143,23.1784821428571,"South",2.56375308781486
10.6607142857143,43.2678571428571,80.3415178571429,34.8200892857143,1.67878787878788,1.58052142857143,6.34944017857143,23.1784821428571,"Centre",4.11358080334557
10.6607142857143,43.2678571428571,80.3415178571429,34.8200892857143,1.67878787878788,1.58052142857143,6.34944017857143,23.1784821428571,"North",4.22874441847978
10.6607142857143,43.2678571428571,80.3415178571429,34.8200892857143,1.67878787878788,1.58052142857143,6.34944017857143,23.1784821428571,"South",2.58038371482635
10.6607142857143,43.2678571428571,80.3415178571429,34.8200892857143,1.76868686868687,1.58052142857143,6.34944017857143,23.1784821428571,"Centre",4.14026489720282
10.6607142857143,43.2678571428571,80.3415178571429,34.8200892857143,1.76868686868687,1.58052142857143,6.34944017857143,23.1784821428571,"North",4.25617555897646
10.6607142857143,43.2678571428571,80.3415178571429,34.8200892857143,1.76868686868687,1.58052142857143,6.34944017857143,23.1784821428571,"South",2.5971222218658
10.6607142857143,43.2678571428571,80.3415178571429,34.8200892857143,1.85858585858586,1.58052142857143,6.34944017857143,23.1784821428571,"Centre",4.16712208620491
10.6607142857143,43.2678571428571,80.3415178571429,34.8200892857143,1.85858585858586,1.58052142857143,6.34944017857143,23.1784821428571,"North",4.28378464058154
10.6607142857143,43.2678571428571,80.3415178571429,34.8200892857143,1.85858585858586,1.58052142857143,6.34944017857143,23.1784821428571,"South",2.61396930873246
10.6607142857143,43.2678571428571,80.3415178571429,34.8200892857143,1.94848484848485,1.58052142857143,6.34944017857143,23.1784821428571,"Centre",4.19415349319039
10.6607142857143,43.2678571428571,80.3415178571429,34.8200892857143,1.94848484848485,1.58052142857143,6.34944017857143,23.1784821428571,"North",4.31157281756849
10.6607142857143,43.2678571428571,80.3415178571429,34.8200892857143,1.94848484848485,1.58052142857143,6.34944017857143,23.1784821428571,"South",2.63092567976508
10.6607142857143,43.2678571428571,80.3415178571429,34.8200892857143,2.03838383838384,1.58052142857143,6.34944017857143,23.1784821428571,"Centre",4.22136024828147
10.6607142857143,43.2678571428571,80.3415178571429,34.8200892857143,2.03838383838384,1.58052142857143,6.34944017857143,23.1784821428571,"North",4.33954125169838
10.6607142857143,43.2678571428571,80.3415178571429,34.8200892857143,2.03838383838384,1.58052142857143,6.34944017857143,23.1784821428571,"South",2.64799204387131
10.6607142857143,43.2678571428571,80.3415178571429,34.8200892857143,2.12828282828283,1.58052142857143,6.34944017857143,23.1784821428571,"Centre",4.24874348893127
10.6607142857143,43.2678571428571,80.3415178571429,34.8200892857143,2.12828282828283,1.58052142857143,6.34944017857143,23.1784821428571,"North",4.36769111226841
10.6607142857143,43.2678571428571,80.3415178571429,34.8200892857143,2.12828282828283,1.58052142857143,6.34944017857143,23.1784821428571,"South",2.66516911455737
10.6607142857143,43.2678571428571,80.3415178571429,34.8200892857143,2.21818181818182,1.58052142857143,6.34944017857143,23.1784821428571,"Centre",4.27630435997136
10.6607142857143,43.2678571428571,80.3415178571429,34.8200892857143,2.21818181818182,1.58052142857143,6.34944017857143,23.1784821428571,"North",4.3960235761608
10.6607142857143,43.2678571428571,80.3415178571429,34.8200892857143,2.21818181818182,1.58052142857143,6.34944017857143,23.1784821428571,"South",2.68245760995789
10.6607142857143,43.2678571428571,80.3415178571429,34.8200892857143,2.30808080808081,1.58052142857143,6.34944017857143,23.1784821428571,"Centre",4.30404401365966
10.6607142857143,43.2678571428571,80.3415178571429,34.8200892857143,2.30808080808081,1.58052142857143,6.34944017857143,23.1784821428571,"North",4.42453982789203
10.6607142857143,43.2678571428571,80.3415178571429,34.8200892857143,2.30808080808081,1.58052142857143,6.34944017857143,23.1784821428571,"South",2.69985825286588
10.6607142857143,43.2678571428571,80.3415178571429,34.8200892857143,2.3979797979798,1.58052142857143,6.34944017857143,23.1784821428571,"Centre",4.33196360972856
10.6607142857143,43.2678571428571,80.3415178571429,34.8200892857143,2.3979797979798,1.58052142857143,6.34944017857143,23.1784821428571,"North",4.45324105966231
10.6607142857143,43.2678571428571,80.3415178571429,34.8200892857143,2.3979797979798,1.58052142857143,6.34944017857143,23.1784821428571,"South",2.71737177076303
10.6607142857143,43.2678571428571,80.3415178571429,34.8200892857143,2.48787878787879,1.58052142857143,6.34944017857143,23.1784821428571,"Centre",4.36006431543347
10.6607142857143,43.2678571428571,80.3415178571429,34.8200892857143,2.48787878787879,1.58052142857143,6.34944017857143,23.1784821428571,"North",4.48212847140546
10.6607142857143,43.2678571428571,80.3415178571429,34.8200892857143,2.48787878787879,1.58052142857143,6.34944017857143,23.1784821428571,"South",2.73499889585003
10.6607142857143,43.2678571428571,80.3415178571429,34.8200892857143,2.57777777777778,1.58052142857143,6.34944017857143,23.1784821428571,"Centre",4.38834730560156
10.6607142857143,43.2678571428571,80.3415178571429,34.8200892857143,2.57777777777778,1.58052142857143,6.34944017857143,23.1784821428571,"North",4.51120327083907
10.6607142857143,43.2678571428571,80.3415178571429,34.8200892857143,2.57777777777778,1.58052142857143,6.34944017857143,23.1784821428571,"South",2.75274036507727
10.6607142857143,43.2678571428571,80.3415178571429,34.8200892857143,2.66767676767677,1.58052142857143,6.34944017857143,23.1784821428571,"Centre",4.41681376268091
10.6607142857143,43.2678571428571,80.3415178571429,34.8200892857143,2.66767676767677,1.58052142857143,6.34944017857143,23.1784821428571,"North",4.54046667351498
10.6607142857143,43.2678571428571,80.3415178571429,34.8200892857143,2.66767676767677,1.58052142857143,6.34944017857143,23.1784821428571,"South",2.7705969201756
10.6607142857143,43.2678571428571,80.3415178571429,34.8200892857143,2.75757575757576,1.58052142857143,6.34944017857143,23.1784821428571,"Centre",4.44546487678994
10.6607142857143,43.2678571428571,80.3415178571429,34.8200892857143,2.75757575757576,1.58052142857143,6.34944017857143,23.1784821428571,"North",4.56991990287011
10.6607142857143,43.2678571428571,80.3415178571429,34.8200892857143,2.75757575757576,1.58052142857143,6.34944017857143,23.1784821428571,"South",2.78856930768733
10.6607142857143,43.2678571428571,80.3415178571429,34.8200892857143,2.84747474747475,1.58052142857143,6.34944017857143,23.1784821428571,"Centre",4.47430184576716
10.6607142857143,43.2678571428571,80.3415178571429,34.8200892857143,2.84747474747475,1.58052142857143,6.34944017857143,23.1784821428571,"North",4.59956419027759
10.6607142857143,43.2678571428571,80.3415178571429,34.8200892857143,2.84747474747475,1.58052142857143,6.34944017857143,23.1784821428571,"South",2.8066582789975
10.6607142857143,43.2678571428571,80.3415178571429,34.8200892857143,2.93737373737374,1.58052142857143,6.34944017857143,23.1784821428571,"Centre",4.50332587522125
10.6607142857143,43.2678571428571,80.3415178571429,34.8200892857143,2.93737373737374,1.58052142857143,6.34944017857143,23.1784821428571,"North",4.62940077509829
10.6607142857143,43.2678571428571,80.3415178571429,34.8200892857143,2.93737373737374,1.58052142857143,6.34944017857143,23.1784821428571,"South",2.82486459036522
10.6607142857143,43.2678571428571,80.3415178571429,34.8200892857143,3.02727272727273,1.58052142857143,6.34944017857143,23.1784821428571,"Centre",4.53253817858149
10.6607142857143,43.2678571428571,80.3415178571429,34.8200892857143,3.02727272727273,1.58052142857143,6.34944017857143,23.1784821428571,"North",4.65943090473256
10.6607142857143,43.2678571428571,80.3415178571429,34.8200892857143,3.02727272727273,1.58052142857143,6.34944017857143,23.1784821428571,"South",2.84318900295535
10.6607142857143,43.2678571428571,80.3415178571429,34.8200892857143,3.11717171717172,1.58052142857143,6.34944017857143,23.1784821428571,"Centre",4.56193997714843
10.6607142857143,43.2678571428571,80.3415178571429,34.8200892857143,3.11717171717172,1.58052142857143,6.34944017857143,23.1784821428571,"North",4.68965583467246
10.6607142857143,43.2678571428571,80.3415178571429,34.8200892857143,3.11717171717172,1.58052142857143,6.34944017857143,23.1784821428571,"South",2.86163228287027
10.6607142857143,43.2678571428571,80.3415178571429,34.8200892857143,3.20707070707071,1.58052142857143,6.34944017857143,23.1784821428571,"Centre",4.59153250014503
10.6607142857143,43.2678571428571,80.3415178571429,34.8200892857143,3.20707070707071,1.58052142857143,6.34944017857143,23.1784821428571,"North",4.72007682855419
10.6607142857143,43.2678571428571,80.3415178571429,34.8200892857143,3.20707070707071,1.58052142857143,6.34944017857143,23.1784821428571,"South",2.88019520118196
10.6607142857143,43.2678571428571,80.3415178571429,34.8200892857143,3.2969696969697,1.58052142857143,6.34944017857143,23.1784821428571,"Centre",4.62131698476797
10.6607142857143,43.2678571428571,80.3415178571429,34.8200892857143,3.2969696969697,1.58052142857143,6.34944017857143,23.1784821428571,"North",4.75069515821095
10.6607142857143,43.2678571428571,80.3415178571429,34.8200892857143,3.2969696969697,1.58052142857143,6.34944017857143,23.1784821428571,"South",2.8988785339642
10.6607142857143,43.2678571428571,80.3415178571429,34.8200892857143,3.38686868686869,1.58052142857143,6.34944017857143,23.1784821428571,"Centre",4.65129467623943
10.6607142857143,43.2678571428571,80.3415178571429,34.8200892857143,3.38686868686869,1.58052142857143,6.34944017857143,23.1784821428571,"North",4.78151210372611
10.6607142857143,43.2678571428571,80.3415178571429,34.8200892857143,3.38686868686869,1.58052142857143,6.34944017857143,23.1784821428571,"South",2.91768306232502
10.6607142857143,43.2678571428571,80.3415178571429,34.8200892857143,3.47676767676768,1.58052142857143,6.34944017857143,23.1784821428571,"Centre",4.68146682785915
10.6607142857143,43.2678571428571,80.3415178571429,34.8200892857143,3.47676767676768,1.58052142857143,6.34944017857143,23.1784821428571,"North",4.81252895348669
10.6607142857143,43.2678571428571,80.3415178571429,34.8200892857143,3.47676767676768,1.58052142857143,6.34944017857143,23.1784821428571,"South",2.93660957243939
10.6607142857143,43.2678571428571,80.3415178571429,34.8200892857143,3.56666666666667,1.58052142857143,6.34944017857143,23.1784821428571,"Centre",4.71183470105677
10.6607142857143,43.2678571428571,80.3415178571429,34.8200892857143,3.56666666666667,1.58052142857143,6.34944017857143,23.1784821428571,"North",4.84374700423729
10.6607142857143,43.2678571428571,80.3415178571429,34.8200892857143,3.56666666666667,1.58052142857143,6.34944017857143,23.1784821428571,"South",2.95565885558203
10.6607142857143,43.2678571428571,80.3415178571429,34.8200892857143,3.65656565656566,1.58052142857143,6.34944017857143,23.1784821428571,"Centre",4.74239956544465
10.6607142857143,43.2678571428571,80.3415178571429,34.8200892857143,3.65656565656566,1.58052142857143,6.34944017857143,23.1784821428571,"North",4.87516756113427
10.6607142857143,43.2678571428571,80.3415178571429,34.8200892857143,3.65656565656566,1.58052142857143,6.34944017857143,23.1784821428571,"South",2.97483170816054
10.6607142857143,43.2678571428571,80.3415178571429,34.8200892857143,3.74646464646465,1.58052142857143,6.34944017857143,23.1784821428571,"Centre",4.77316269887088
10.6607142857143,43.2678571428571,80.3415178571429,34.8200892857143,3.74646464646465,1.58052142857143,6.34944017857143,23.1784821428571,"North",4.90679193780029
10.6607142857143,43.2678571428571,80.3415178571429,34.8200892857143,3.74646464646465,1.58052142857143,6.34944017857143,23.1784821428571,"South",2.99412893174869
10.6607142857143,43.2678571428571,80.3415178571429,34.8200892857143,3.83636363636364,1.58052142857143,6.34944017857143,23.1784821428571,"Centre",4.80412538747274
10.6607142857143,43.2678571428571,80.3415178571429,34.8200892857143,3.83636363636364,1.58052142857143,6.34944017857143,23.1784821428571,"North",4.93862145637928
10.6607142857143,43.2678571428571,80.3415178571429,34.8200892857143,3.83636363636364,1.58052142857143,6.34944017857143,23.1784821428571,"South",3.0135513331199
10.6607142857143,43.2678571428571,80.3415178571429,34.8200892857143,3.92626262626263,1.58052142857143,6.34944017857143,23.1784821428571,"Centre",4.83528892573046
10.6607142857143,43.2678571428571,80.3415178571429,34.8200892857143,3.92626262626263,1.58052142857143,6.34944017857143,23.1784821428571,"North",4.97065744759167
10.6607142857143,43.2678571428571,80.3415178571429,34.8200892857143,3.92626262626263,1.58052142857143,6.34944017857143,23.1784821428571,"South",3.033099724281
10.6607142857143,43.2678571428571,80.3415178571429,34.8200892857143,4.01616161616162,1.58052142857143,6.34944017857143,23.1784821428571,"Centre",4.86665461652136
10.6607142857143,43.2678571428571,80.3415178571429,34.8200892857143,4.01616161616162,1.58052142857143,6.34944017857143,23.1784821428571,"North",5.00290125079006
10.6607142857143,43.2678571428571,80.3415178571429,34.8200892857143,4.01616161616162,1.58052142857143,6.34944017857143,23.1784821428571,"South",3.05277492250618
10.6607142857143,43.2678571428571,80.3415178571429,34.8200892857143,4.10606060606061,1.58052142857143,6.34944017857143,23.1784821428571,"Centre",4.89822377117427
10.6607142857143,43.2678571428571,80.3415178571429,34.8200892857143,4.10606060606061,1.58052142857143,6.34944017857143,23.1784821428571,"North",5.0353542140152
10.6607142857143,43.2678571428571,80.3415178571429,34.8200892857143,4.10606060606061,1.58052142857143,6.34944017857143,23.1784821428571,"South",3.07257775037113
10.6607142857143,43.2678571428571,80.3415178571429,34.8200892857143,4.1959595959596,1.58052142857143,6.34944017857143,23.1784821428571,"Centre",4.92999770952441
10.6607142857143,43.2678571428571,80.3415178571429,34.8200892857143,4.1959595959596,1.58052142857143,6.34944017857143,23.1784821428571,"North",5.06801769405235
10.6607142857143,43.2678571428571,80.3415178571429,34.8200892857143,4.1959595959596,1.58052142857143,6.34944017857143,23.1784821428571,"South",3.09250903578745
10.6607142857143,43.2678571428571,80.3415178571429,34.8200892857143,4.28585858585859,1.58052142857143,6.34944017857143,23.1784821428571,"Centre",4.96197775996853
10.6607142857143,43.2678571428571,80.3415178571429,34.8200892857143,4.28585858585859,1.58052142857143,6.34944017857143,23.1784821428571,"North",5.10089305648799
10.6607142857143,43.2678571428571,80.3415178571429,34.8200892857143,4.28585858585859,1.58052142857143,6.34944017857143,23.1784821428571,"South",3.11256961203728
10.6607142857143,43.2678571428571,80.3415178571429,34.8200892857143,4.37575757575758,1.58052142857143,6.34944017857143,23.1784821428571,"Centre",4.99416525952047
10.6607142857143,43.2678571428571,80.3415178571429,34.8200892857143,4.37575757575758,1.58052142857143,6.34944017857143,23.1784821428571,"North",5.13398167576694
10.6607142857143,43.2678571428571,80.3415178571429,34.8200892857143,4.37575757575758,1.58052142857143,6.34944017857143,23.1784821428571,"South",3.13276031780809
10.6607142857143,43.2678571428571,80.3415178571429,34.8200892857143,4.46565656565657,1.58052142857143,6.34944017857143,23.1784821428571,"Centre",5.02656155386706
10.6607142857143,43.2678571428571,80.3415178571429,34.8200892857143,4.46565656565657,1.58052142857143,6.34944017857143,23.1784821428571,"North",5.1672849352498
10.6607142857143,43.2678571428571,80.3415178571429,34.8200892857143,4.46565656565657,1.58052142857143,6.34944017857143,23.1784821428571,"South",3.1530819972278
10.6607142857143,43.2678571428571,80.3415178571429,34.8200892857143,4.55555555555556,1.58052142857143,6.34944017857143,23.1784821428571,"Centre",5.05916799742434
10.6607142857143,43.2678571428571,80.3415178571429,34.8200892857143,4.55555555555556,1.58052142857143,6.34944017857143,23.1784821428571,"North",5.20080422727081
10.6607142857143,43.2678571428571,80.3415178571429,34.8200892857143,4.55555555555556,1.58052142857143,6.34944017857143,23.1784821428571,"South",3.17353549990002
10.6607142857143,43.2678571428571,80.3415178571429,34.8200892857143,4.64545454545455,1.58052142857143,6.34944017857143,23.1784821428571,"Centre",5.09198595339425
10.6607142857143,43.2678571428571,80.3415178571429,34.8200892857143,4.64545454545455,1.58052142857143,6.34944017857143,23.1784821428571,"North",5.23454095319602
10.6607142857143,43.2678571428571,80.3415178571429,34.8200892857143,4.64545454545455,1.58052142857143,6.34944017857143,23.1784821428571,"South",3.1941216809396
10.6607142857143,43.2678571428571,80.3415178571429,34.8200892857143,4.73535353535354,1.58052142857143,6.34944017857143,23.1784821428571,"Centre",5.12501679382156
10.6607142857143,43.2678571428571,80.3415178571429,34.8200892857143,4.73535353535354,1.58052142857143,6.34944017857143,23.1784821428571,"North",5.26849652348191
10.6607142857143,43.2678571428571,80.3415178571429,34.8200892857143,4.73535353535354,1.58052142857143,6.34944017857143,23.1784821428571,"South",3.21484140100839
10.6607142857143,43.2678571428571,80.3415178571429,34.8200892857143,4.82525252525253,1.58052142857143,6.34944017857143,23.1784821428571,"Centre",5.15826189965127
10.6607142857143,43.2678571428571,80.3415178571429,34.8200892857143,4.82525252525253,1.58052142857143,6.34944017857143,23.1784821428571,"North",5.30267235773435
10.6607142857143,43.2678571428571,80.3415178571429,34.8200892857143,4.82525252525253,1.58052142857143,6.34944017857143,23.1784821428571,"South",3.23569552635118
10.6607142857143,43.2678571428571,80.3415178571429,34.8200892857143,4.91515151515152,1.58052142857143,6.34944017857143,23.1784821428571,"Centre",5.19172266078635
10.6607142857143,43.2678571428571,80.3415178571429,34.8200892857143,4.91515151515152,1.58052142857143,6.34944017857143,23.1784821428571,"North",5.33706988476796
10.6607142857143,43.2678571428571,80.3415178571429,34.8200892857143,4.91515151515152,1.58052142857143,6.34944017857143,23.1784821428571,"South",3.25668492883196
10.6607142857143,43.2678571428571,80.3415178571429,34.8200892857143,5.00505050505051,1.58052142857143,6.34944017857143,23.1784821428571,"Centre",5.22540047614579
10.6607142857143,43.2678571428571,80.3415178571429,34.8200892857143,5.00505050505051,1.58052142857143,6.34944017857143,23.1784821428571,"North",5.37169054266582
10.6607142857143,43.2678571428571,80.3415178571429,34.8200892857143,5.00505050505051,1.58052142857143,6.34944017857143,23.1784821428571,"South",3.27781048597035
10.6607142857143,43.2678571428571,80.3415178571429,34.8200892857143,5.0949494949495,1.58052142857143,6.34944017857143,23.1784821428571,"Centre",5.25929675372317
10.6607142857143,43.2678571428571,80.3415178571429,34.8200892857143,5.0949494949495,1.58052142857143,6.34944017857143,23.1784821428571,"North",5.40653577883962
10.6607142857143,43.2678571428571,80.3415178571429,34.8200892857143,5.0949494949495,1.58052142857143,6.34944017857143,23.1784821428571,"South",3.29907308097827
10.6607142857143,43.2678571428571,80.3415178571429,34.8200892857143,5.18484848484848,1.58052142857143,6.34944017857143,23.1784821428571,"Centre",5.29341291064546
10.6607142857143,43.2678571428571,80.3415178571429,34.8200892857143,5.18484848484848,1.58052142857143,6.34944017857143,23.1784821428571,"North",5.44160705009015
10.6607142857143,43.2678571428571,80.3415178571429,34.8200892857143,5.18484848484848,1.58052142857143,6.34944017857143,23.1784821428571,"South",3.32047360279691
10.6607142857143,43.2678571428571,80.3415178571429,34.8200892857143,5.27474747474747,1.58052142857143,6.34944017857143,23.1784821428571,"Centre",5.3277503732323
10.6607142857143,43.2678571428571,80.3415178571429,34.8200892857143,5.27474747474747,1.58052142857143,6.34944017857143,23.1784821428571,"North",5.47690582266823
10.6607142857143,43.2678571428571,80.3415178571429,34.8200892857143,5.27474747474747,1.58052142857143,6.34944017857143,23.1784821428571,"South",3.34201294613386
10.6607142857143,43.2678571428571,80.3415178571429,34.8200892857143,5.36464646464646,1.58052142857143,6.34944017857143,23.1784821428571,"Centre",5.36231057705562
10.6607142857143,43.2678571428571,80.3415178571429,34.8200892857143,5.36464646464646,1.58052142857143,6.34944017857143,23.1784821428571,"North",5.512433572336
10.6607142857143,43.2678571428571,80.3415178571429,34.8200892857143,5.36464646464646,1.58052142857143,6.34944017857143,23.1784821428571,"South",3.36369201150052
10.6607142857143,43.2678571428571,80.3415178571429,34.8200892857143,5.45454545454546,1.58052142857143,6.34944017857143,23.1784821428571,"Centre",5.39709496699965
10.6607142857143,43.2678571428571,80.3415178571429,34.8200892857143,5.45454545454546,1.58052142857143,6.34944017857143,23.1784821428571,"North",5.54819178442859
10.6607142857143,43.2678571428571,80.3415178571429,34.8200892857143,5.45454545454546,1.58052142857143,6.34944017857143,23.1784821428571,"South",3.38551170524976
10.6607142857143,43.2678571428571,80.3415178571429,34.8200892857143,5.54444444444444,1.58052142857143,6.34944017857143,23.1784821428571,"Centre",5.43210499732135
10.6607142857143,43.2678571428571,80.3415178571429,34.8200892857143,5.54444444444444,1.58052142857143,6.34944017857143,23.1784821428571,"North",5.58418195391628
10.6607142857143,43.2678571428571,80.3415178571429,34.8200892857143,5.54444444444444,1.58052142857143,6.34944017857143,23.1784821428571,"South",3.4074729396138
10.6607142857143,43.2678571428571,80.3415178571429,34.8200892857143,5.63434343434343,1.58052142857143,6.34944017857143,23.1784821428571,"Centre",5.46734213171119
10.6607142857143,43.2678571428571,80.3415178571429,34.8200892857143,5.63434343434343,1.58052142857143,6.34944017857143,23.1784821428571,"North",5.62040558546693
10.6607142857143,43.2678571428571,80.3415178571429,34.8200892857143,5.63434343434343,1.58052142857143,6.34944017857143,23.1784821428571,"South",3.42957663274236
10.6607142857143,43.2678571428571,80.3415178571429,34.8200892857143,5.72424242424242,1.58052142857143,6.34944017857143,23.1784821428571,"Centre",5.50280784335434
10.6607142857143,43.2678571428571,80.3415178571429,34.8200892857143,5.72424242424242,1.58052142857143,6.34944017857143,23.1784821428571,"North",5.65686419350896
10.6607142857143,43.2678571428571,80.3415178571429,34.8200892857143,5.72424242424242,1.58052142857143,6.34944017857143,23.1784821428571,"South",3.45182370874104
10.6607142857143,43.2678571428571,80.3415178571429,34.8200892857143,5.81414141414141,1.58052142857143,6.34944017857143,23.1784821428571,"Centre",5.53850361499229
10.6607142857143,43.2678571428571,80.3415178571429,34.8200892857143,5.81414141414141,1.58052142857143,6.34944017857143,23.1784821428571,"North",5.69355930229461
10.6607142857143,43.2678571428571,80.3415178571429,34.8200892857143,5.81414141414141,1.58052142857143,6.34944017857143,23.1784821428571,"South",3.47421509770994
10.6607142857143,43.2678571428571,80.3415178571429,34.8200892857143,5.9040404040404,1.58052142857143,6.34944017857143,23.1784821428571,"Centre",5.57443093898479
10.6607142857143,43.2678571428571,80.3415178571429,34.8200892857143,5.9040404040404,1.58052142857143,6.34944017857143,23.1784821428571,"North",5.73049244596366
10.6607142857143,43.2678571428571,80.3415178571429,34.8200892857143,5.9040404040404,1.58052142857143,6.34944017857143,23.1784821428571,"South",3.49675173578258
10.6607142857143,43.2678571428571,80.3415178571429,34.8200892857143,5.99393939393939,1.58052142857143,6.34944017857143,23.1784821428571,"Centre",5.61059131737231
10.6607142857143,43.2678571428571,80.3415178571429,34.8200892857143,5.99393939393939,1.58052142857143,6.34944017857143,23.1784821428571,"North",5.76766516860763
10.6607142857143,43.2678571428571,80.3415178571429,34.8200892857143,5.99393939393939,1.58052142857143,6.34944017857143,23.1784821428571,"South",3.519434565165
10.6607142857143,43.2678571428571,80.3415178571429,34.8200892857143,6.08383838383838,1.58052142857143,6.34944017857143,23.1784821428571,"Centre",5.64698626193877
10.6607142857143,43.2678571428571,80.3415178571429,34.8200892857143,6.08383838383838,1.58052142857143,6.34944017857143,23.1784821428571,"North",5.80507902433429
10.6607142857143,43.2678571428571,80.3415178571429,34.8200892857143,6.08383838383838,1.58052142857143,6.34944017857143,23.1784821428571,"South",3.5422645341752
10.6607142857143,43.2678571428571,80.3415178571429,34.8200892857143,6.17373737373737,1.58052142857143,6.34944017857143,23.1784821428571,"Centre",5.68361729427479
10.6607142857143,43.2678571428571,80.3415178571429,34.8200892857143,6.17373737373737,1.58052142857143,6.34944017857143,23.1784821428571,"North",5.84273557733261
10.6607142857143,43.2678571428571,80.3415178571429,34.8200892857143,6.17373737373737,1.58052142857143,6.34944017857143,23.1784821428571,"South",3.56524259728271
10.6607142857143,43.2678571428571,80.3415178571429,34.8200892857143,6.26363636363636,1.58052142857143,6.34944017857143,23.1784821428571,"Centre",5.72048594584127
10.6607142857143,43.2678571428571,80.3415178571429,34.8200892857143,6.26363636363636,1.58052142857143,6.34944017857143,23.1784821428571,"North",5.88063640193823
10.6607142857143,43.2678571428571,80.3415178571429,34.8200892857143,6.26363636363636,1.58052142857143,6.34944017857143,23.1784821428571,"South",3.58836971514858
10.6607142857143,43.2678571428571,80.3415178571429,34.8200892857143,6.35353535353535,1.58052142857143,6.34944017857143,23.1784821428571,"Centre",5.75759375803344
10.6607142857143,43.2678571428571,80.3415178571429,34.8200892857143,6.35353535353535,1.58052142857143,6.34944017857143,23.1784821428571,"North",5.91878308269919
10.6607142857143,43.2678571428571,80.3415178571429,34.8200892857143,6.35353535353535,1.58052142857143,6.34944017857143,23.1784821428571,"South",3.61164685466548
10.6607142857143,43.2678571428571,80.3415178571429,34.8200892857143,6.44343434343434,1.58052142857143,6.34944017857143,23.1784821428571,"Centre",5.79494228224532
10.6607142857143,43.2678571428571,80.3415178571429,34.8200892857143,6.44343434343434,1.58052142857143,6.34944017857143,23.1784821428571,"North",5.95717721444227
10.6607142857143,43.2678571428571,80.3415178571429,34.8200892857143,6.44343434343434,1.58052142857143,6.34944017857143,23.1784821428571,"South",3.63507498899816
10.6607142857143,43.2678571428571,80.3415178571429,34.8200892857143,6.53333333333333,1.58052142857143,6.34944017857143,23.1784821428571,"Centre",5.83253307993453
10.6607142857143,43.2678571428571,80.3415178571429,34.8200892857143,6.53333333333333,1.58052142857143,6.34944017857143,23.1784821428571,"North",5.99582040233957
10.6607142857143,43.2678571428571,80.3415178571429,34.8200892857143,6.53333333333333,1.58052142857143,6.34944017857143,23.1784821428571,"South",3.65865509762412
10.6607142857143,43.2678571428571,80.3415178571429,34.8200892857143,6.62323232323232,1.58052142857143,6.34944017857143,23.1784821428571,"Centre",5.8703677226876
10.6607142857143,43.2678571428571,80.3415178571429,34.8200892857143,6.62323232323232,1.58052142857143,6.34944017857143,23.1784821428571,"North",6.03471426197571
10.6607142857143,43.2678571428571,80.3415178571429,34.8200892857143,6.62323232323232,1.58052142857143,6.34944017857143,23.1784821428571,"South",3.68238816637457
10.6607142857143,43.2678571428571,80.3415178571429,34.8200892857143,6.71313131313131,1.58052142857143,6.34944017857143,23.1784821428571,"Centre",5.90844779228568
10.6607142857143,43.2678571428571,80.3415178571429,34.8200892857143,6.71313131313131,1.58052142857143,6.34944017857143,23.1784821428571,"North",6.07386041941529
10.6607142857143,43.2678571428571,80.3415178571429,34.8200892857143,6.71313131313131,1.58052142857143,6.34944017857143,23.1784821428571,"South",3.70627518747561
10.6607142857143,43.2678571428571,80.3415178571429,34.8200892857143,6.8030303030303,1.58052142857143,6.34944017857143,23.1784821428571,"Centre",5.94677488077068
10.6607142857143,43.2678571428571,80.3415178571429,34.8200892857143,6.8030303030303,1.58052142857143,6.34944017857143,23.1784821428571,"North",6.11326051127095
10.6607142857143,43.2678571428571,80.3415178571429,34.8200892857143,6.8030303030303,1.58052142857143,6.34944017857143,23.1784821428571,"South",3.73031715958977
10.6607142857143,43.2678571428571,80.3415178571429,34.8200892857143,6.89292929292929,1.58052142857143,6.34944017857143,23.1784821428571,"Centre",5.98535059051177
10.6607142857143,43.2678571428571,80.3415178571429,34.8200892857143,6.89292929292929,1.58052142857143,6.34944017857143,23.1784821428571,"North",6.15291618477174
10.6607142857143,43.2678571428571,80.3415178571429,34.8200892857143,6.89292929292929,1.58052142857143,6.34944017857143,23.1784821428571,"South",3.75451508785772
10.6607142857143,43.2678571428571,80.3415178571429,34.8200892857143,6.98282828282828,1.58052142857143,6.34944017857143,23.1784821428571,"Centre",6.02417653427246
10.6607142857143,43.2678571428571,80.3415178571429,34.8200892857143,6.98282828282828,1.58052142857143,6.34944017857143,23.1784821428571,"North",6.19282909783198
10.6607142857143,43.2678571428571,80.3415178571429,34.8200892857143,6.98282828282828,1.58052142857143,6.34944017857143,23.1784821428571,"South",3.77886998394032
10.6607142857143,43.2678571428571,80.3415178571429,34.8200892857143,7.07272727272727,1.58052142857143,6.34944017857143,23.1784821428571,"Centre",6.06325433527795
10.6607142857143,43.2678571428571,80.3415178571429,34.8200892857143,7.07272727272727,1.58052142857143,6.34944017857143,23.1784821428571,"North",6.23300091912064
10.6607142857143,43.2678571428571,80.3415178571429,34.8200892857143,7.07272727272727,1.58052142857143,6.34944017857143,23.1784821428571,"South",3.80338286606088
10.6607142857143,43.2678571428571,80.3415178571429,34.8200892857143,7.16262626262626,1.58052142857143,6.34944017857143,23.1784821428571,"Centre",6.10258562728304
10.6607142857143,43.2678571428571,80.3415178571429,34.8200892857143,7.16262626262626,1.58052142857143,6.34944017857143,23.1784821428571,"North",6.27343332813102
10.6607142857143,43.2678571428571,80.3415178571429,34.8200892857143,7.16262626262626,1.58052142857143,6.34944017857143,23.1784821428571,"South",3.82805475904775
10.6607142857143,43.2678571428571,80.3415178571429,34.8200892857143,7.25252525252525,1.58052142857143,6.34944017857143,23.1784821428571,"Centre",6.14217205464041
10.6607142857143,43.2678571428571,80.3415178571429,34.8200892857143,7.25252525252525,1.58052142857143,6.34944017857143,23.1784821428571,"North",6.31412801525103
10.6607142857143,43.2678571428571,80.3415178571429,34.8200892857143,7.25252525252525,1.58052142857143,6.34944017857143,23.1784821428571,"South",3.8528866943772
10.6607142857143,43.2678571428571,80.3415178571429,34.8200892857143,7.34242424242424,1.58052142857143,6.34944017857143,23.1784821428571,"Centre",6.18201527236937
10.6607142857143,43.2678571428571,80.3415178571429,34.8200892857143,7.34242424242424,1.58052142857143,6.34944017857143,23.1784821428571,"North",6.35508668183383
10.6607142857143,43.2678571428571,80.3415178571429,34.8200892857143,7.34242424242424,1.58052142857143,6.34944017857143,23.1784821428571,"South",3.87787971021646
10.6607142857143,43.2678571428571,80.3415178571429,34.8200892857143,7.43232323232323,1.58052142857143,6.34944017857143,23.1784821428571,"Centre",6.22211694622508
10.6607142857143,43.2678571428571,80.3415178571429,34.8200892857143,7.43232323232323,1.58052142857143,6.34944017857143,23.1784821428571,"North",6.39631104026896
10.6607142857143,43.2678571428571,80.3415178571429,34.8200892857143,7.43232323232323,1.58052142857143,6.34944017857143,23.1784821428571,"South",3.90303485146721
10.6607142857143,43.2678571428571,80.3415178571429,34.8200892857143,7.52222222222222,1.58052142857143,6.34944017857143,23.1784821428571,"Centre",6.26247875276813
10.6607142857143,43.2678571428571,80.3415178571429,34.8200892857143,7.52222222222222,1.58052142857143,6.34944017857143,23.1784821428571,"North",6.43780281405394
10.6607142857143,43.2678571428571,80.3415178571429,34.8200892857143,7.52222222222222,1.58052142857143,6.34944017857143,23.1784821428571,"South",3.92835316980921
10.6607142857143,43.2678571428571,80.3415178571429,34.8200892857143,7.61212121212121,1.58052142857143,6.34944017857143,23.1784821428571,"Centre",6.3031023794347
10.6607142857143,43.2678571428571,80.3415178571429,34.8200892857143,7.61212121212121,1.58052142857143,6.34944017857143,23.1784821428571,"North",6.47956373786634
10.6607142857143,43.2678571428571,80.3415178571429,34.8200892857143,7.61212121212121,1.58052142857143,6.34944017857143,23.1784821428571,"South",3.9538357237443
10.6607142857143,43.2678571428571,80.3415178571429,34.8200892857143,7.7020202020202,1.58052142857143,6.34944017857143,23.1784821428571,"Centre",6.34398952460707
10.6607142857143,43.2678571428571,80.3415178571429,34.8200892857143,7.7020202020202,1.58052142857143,6.34944017857143,23.1784821428571,"North",6.52159555763627
10.6607142857143,43.2678571428571,80.3415178571429,34.8200892857143,7.7020202020202,1.58052142857143,6.34944017857143,23.1784821428571,"South",3.97948357864063
10.6607142857143,43.2678571428571,80.3415178571429,34.8200892857143,7.79191919191919,1.58052142857143,6.34944017857143,23.1784821428571,"Centre",6.38514189768464
10.6607142857143,43.2678571428571,80.3415178571429,34.8200892857143,7.79191919191919,1.58052142857143,6.34944017857143,23.1784821428571,"North",6.56390003061938
10.6607142857143,43.2678571428571,80.3415178571429,34.8200892857143,7.79191919191919,1.58052142857143,6.34944017857143,23.1784821428571,"South",4.00529780677721
10.6607142857143,43.2678571428571,80.3415178571429,34.8200892857143,7.88181818181818,1.58052142857143,6.34944017857143,23.1784821428571,"Centre",6.42656121915538
10.6607142857143,43.2678571428571,80.3415178571429,34.8200892857143,7.88181818181818,1.58052142857143,6.34944017857143,23.1784821428571,"North",6.60647892547035
10.6607142857143,43.2678571428571,80.3415178571429,34.8200892857143,7.88181818181818,1.58052142857143,6.34944017857143,23.1784821428571,"South",4.03127948738874
10.6607142857143,43.2678571428571,80.3415178571429,34.8200892857143,7.97171717171717,1.58052142857143,6.34944017857143,23.1784821428571,"Centre",6.46824922066779
10.6607142857143,43.2678571428571,80.3415178571429,34.8200892857143,7.97171717171717,1.58052142857143,6.34944017857143,23.1784821428571,"North",6.64933402231683
10.6607142857143,43.2678571428571,80.3415178571429,34.8200892857143,7.97171717171717,1.58052142857143,6.34944017857143,23.1784821428571,"South",4.05742970671075
10.6607142857143,43.2678571428571,80.3415178571429,34.8200892857143,8.06161616161616,1.58052142857143,6.34944017857143,23.1784821428571,"Centre",6.51020764510326
10.6607142857143,43.2678571428571,80.3415178571429,34.8200892857143,8.06161616161616,1.58052142857143,6.34944017857143,23.1784821428571,"North",6.69246711283382
10.6607142857143,43.2678571428571,80.3415178571429,34.8200892857143,8.06161616161616,1.58052142857143,6.34944017857143,23.1784821428571,"South",4.08374955802496
10.6607142857143,43.2678571428571,80.3415178571429,34.8200892857143,8.15151515151515,1.58052142857143,6.34944017857143,23.1784821428571,"Centre",6.55243824664895
10.6607142857143,43.2678571428571,80.3415178571429,34.8200892857143,8.15151515151515,1.58052142857143,6.34944017857143,23.1784821428571,"North",6.73588000031865
10.6607142857143,43.2678571428571,80.3415178571429,34.8200892857143,8.15151515151515,1.58052142857143,6.34944017857143,23.1784821428571,"South",4.11024014170505
10.6607142857143,43.2678571428571,80.3415178571429,34.8200892857143,8.24141414141414,1.58052142857143,6.34944017857143,23.1784821428571,"Centre",6.59494279087115
10.6607142857143,43.2678571428571,80.3415178571429,34.8200892857143,8.24141414141414,1.58052142857143,6.34944017857143,23.1784821428571,"North",6.7795744997663
10.6607142857143,43.2678571428571,80.3415178571429,34.8200892857143,8.24141414141414,1.58052142857143,6.34944017857143,23.1784821428571,"South",4.13690256526262
10.6607142857143,43.2678571428571,80.3415178571429,34.8200892857143,8.33131313131313,1.58052142857143,6.34944017857143,23.1784821428571,"Centre",6.63772305478907
10.6607142857143,43.2678571428571,80.3415178571429,34.8200892857143,8.33131313131313,1.58052142857143,6.34944017857143,23.1784821428571,"North",6.82355243794533
10.6607142857143,43.2678571428571,80.3415178571429,34.8200892857143,8.33131313131313,1.58052142857143,6.34944017857143,23.1784821428571,"South",4.16373794339351
10.6607142857143,43.2678571428571,80.3415178571429,34.8200892857143,8.42121212121212,1.58052142857143,6.34944017857143,23.1784821428571,"Centre",6.68078082694911
10.6607142857143,43.2678571428571,80.3415178571429,34.8200892857143,8.42121212121212,1.58052142857143,6.34944017857143,23.1784821428571,"North",6.86781565347422
10.6607142857143,43.2678571428571,80.3415178571429,34.8200892857143,8.42121212121212,1.58052142857143,6.34944017857143,23.1784821428571,"South",4.19074739802441
10.6607142857143,43.2678571428571,80.3415178571429,34.8200892857143,8.51111111111111,1.58052142857143,6.34944017857143,23.1784821428571,"Centre",6.72411790749972
10.6607142857143,43.2678571428571,80.3415178571429,34.8200892857143,8.51111111111111,1.58052142857143,6.34944017857143,23.1784821428571,"North",6.91236599689826
10.6607142857143,43.2678571428571,80.3415178571429,34.8200892857143,8.51111111111111,1.58052142857143,6.34944017857143,23.1784821428571,"South",4.21793205835974
10.6607142857143,43.2678571428571,80.3415178571429,34.8200892857143,8.6010101010101,1.58052142857143,6.34944017857143,23.1784821428571,"Centre",6.76773610826655
10.6607142857143,43.2678571428571,80.3415178571429,34.8200892857143,8.6010101010101,1.58052142857143,6.34944017857143,23.1784821428571,"North",6.95720533076691
10.6607142857143,43.2678571428571,80.3415178571429,34.8200892857143,8.6010101010101,1.58052142857143,6.34944017857143,23.1784821428571,"South",4.24529306092889
10.6607142857143,43.2678571428571,80.3415178571429,34.8200892857143,8.69090909090909,1.58052142857143,6.34944017857143,23.1784821428571,"Centre",6.81163725282829
10.6607142857143,43.2678571428571,80.3415178571429,34.8200892857143,8.69090909090909,1.58052142857143,6.34944017857143,23.1784821428571,"North",7.00233552971167
10.6607142857143,43.2678571428571,80.3415178571429,34.8200892857143,8.69090909090909,1.58052142857143,6.34944017857143,23.1784821428571,"South",4.27283154963373
10.6607142857143,43.2678571428571,80.3415178571429,34.8200892857143,8.78080808080808,1.58052142857143,6.34944017857143,23.1784821428571,"Centre",6.85582317659285
10.6607142857143,43.2678571428571,80.3415178571429,34.8200892857143,8.78080808080808,1.58052142857143,6.34944017857143,23.1784821428571,"North",7.04775848052444
10.6607142857143,43.2678571428571,80.3415178571429,34.8200892857143,8.78080808080808,1.58052142857143,6.34944017857143,23.1784821428571,"South",4.30054867579639
10.6607142857143,43.2678571428571,80.3415178571429,34.8200892857143,8.87070707070707,1.58052142857143,6.34944017857143,23.1784821428571,"Centre",6.90029572687413
10.6607142857143,43.2678571428571,80.3415178571429,34.8200892857143,8.87070707070707,1.58052142857143,6.34944017857143,23.1784821428571,"North",7.09347608223645
10.6607142857143,43.2678571428571,80.3415178571429,34.8200892857143,8.87070707070707,1.58052142857143,6.34944017857143,23.1784821428571,"South",4.32844559820746
10.6607142857143,43.2678571428571,80.3415178571429,34.8200892857143,8.96060606060606,1.58052142857143,6.34944017857143,23.1784821428571,"Centre",6.94505676296923
10.6607142857143,43.2678571428571,80.3415178571429,34.8200892857143,8.96060606060606,1.58052142857143,6.34944017857143,23.1784821428571,"North",7.13949024619759
10.6607142857143,43.2678571428571,80.3415178571429,34.8200892857143,8.96060606060606,1.58052142857143,6.34944017857143,23.1784821428571,"South",4.3565234831744
10.6607142857143,43.2678571428571,80.3415178571429,34.8200892857143,9.05050505050505,1.58052142857143,6.34944017857143,23.1784821428571,"Centre",6.9901081562362
10.6607142857143,43.2678571428571,80.3415178571429,34.8200892857143,9.05050505050505,1.58052142857143,6.34944017857143,23.1784821428571,"North",7.18580289615636
10.6607142857143,43.2678571428571,80.3415178571429,34.8200892857143,9.05050505050505,1.58052142857143,6.34944017857143,23.1784821428571,"South",4.38478350457031
10.6607142857143,43.2678571428571,80.3415178571429,34.8200892857143,9.14040404040404,1.58052142857143,6.34944017857143,23.1784821428571,"Centre",7.03545179017227
10.6607142857143,43.2678571428571,80.3415178571429,34.8200892857143,9.14040404040404,1.58052142857143,6.34944017857143,23.1784821428571,"North",7.23241596834027
10.6607142857143,43.2678571428571,80.3415178571429,34.8200892857143,9.14040404040404,1.58052142857143,6.34944017857143,23.1784821428571,"South",4.41322684388298
10.6607142857143,43.2678571428571,80.3415178571429,34.8200892857143,9.23030303030303,1.58052142857143,6.34944017857143,23.1784821428571,"Centre",7.08108956049257
10.6607142857143,43.2678571428571,80.3415178571429,34.8200892857143,9.23030303030303,1.58052142857143,6.34944017857143,23.1784821428571,"North",7.27933141153684
10.6607142857143,43.2678571428571,80.3415178571429,34.8200892857143,9.23030303030303,1.58052142857143,6.34944017857143,23.1784821428571,"South",4.44185469026434
10.6607142857143,43.2678571428571,80.3415178571429,34.8200892857143,9.32020202020202,1.58052142857143,6.34944017857143,23.1784821428571,"Centre",7.12702337520944
10.6607142857143,43.2678571428571,80.3415178571429,34.8200892857143,9.32020202020202,1.58052142857143,6.34944017857143,23.1784821428571,"North",7.32655118717501
10.6607142857143,43.2678571428571,80.3415178571429,34.8200892857143,9.32020202020202,1.58052142857143,6.34944017857143,23.1784821428571,"South",4.47066824058013
10.6607142857143,43.2678571428571,80.3415178571429,34.8200892857143,9.41010101010101,1.58052142857143,6.34944017857143,23.1784821428571,"Centre",7.17325515471216
10.6607142857143,43.2678571428571,80.3415178571429,34.8200892857143,9.41010101010101,1.58052142857143,6.34944017857143,23.1784821428571,"North",7.37407726940718
10.6607142857143,43.2678571428571,80.3415178571429,34.8200892857143,9.41010101010101,1.58052142857143,6.34944017857143,23.1784821428571,"South",4.49966869945995
10.6607142857143,43.2678571428571,80.3415178571429,34.8200892857143,9.5,1.58052142857143,6.34944017857143,23.1784821428571,"Centre",7.21978683184723
10.6607142857143,43.2678571428571,80.3415178571429,34.8200892857143,9.5,1.58052142857143,6.34944017857143,23.1784821428571,"North",7.42191164519176
10.6607142857143,43.2678571428571,80.3415178571429,34.8200892857143,9.5,1.58052142857143,6.34944017857143,23.1784821428571,"South",4.52885727934764
