"rest.age","site.cwm.pres.oek.f","cover.vegetation","flower.cover","plant.target.richness","veg.heterogeneity","mang.app.NEU.MM.1.minus","mngm.type","region","obs.year","butterfly.Hill2.target"
10.6607142857143,4.83736607142857,19,0.862925892857143,43.2678571428571,8.44491071428571,0.745427395921057,"mowing","Centre","2023",3.92493287464033
10.6607142857143,4.83736607142857,19,0.862925892857143,43.2678571428571,8.44491071428571,0.745427395921057,"mowing","Centre","2022",3.06188895807728
10.6607142857143,4.83736607142857,19,0.862925892857143,43.2678571428571,8.44491071428571,0.745427395921057,"mowing","North","2023",3.52247179944402
10.6607142857143,4.83736607142857,19,0.862925892857143,43.2678571428571,8.44491071428571,0.745427395921057,"mowing","North","2022",2.83044260346266
10.6607142857143,4.83736607142857,19,0.862925892857143,43.2678571428571,8.44491071428571,0.745427395921057,"mowing","South","2023",2.99946324690861
10.6607142857143,4.83736607142857,19,0.862925892857143,43.2678571428571,8.44491071428571,0.745427395921057,"mowing","South","2022",3.39703180688123
10.6607142857143,4.83736607142857,19.8106060606061,0.862925892857143,43.2678571428571,8.44491071428571,0.745427395921057,"mowing","Centre","2023",3.90883744961382
10.6607142857143,4.83736607142857,19.8106060606061,0.862925892857143,43.2678571428571,8.44491071428571,0.745427395921057,"mowing","Centre","2022",3.04579353305077
10.6607142857143,4.83736607142857,19.8106060606061,0.862925892857143,43.2678571428571,8.44491071428571,0.745427395921057,"mowing","North","2023",3.50637637441751
10.6607142857143,4.83736607142857,19.8106060606061,0.862925892857143,43.2678571428571,8.44491071428571,0.745427395921057,"mowing","North","2022",2.81434717843615
10.6607142857143,4.83736607142857,19.8106060606061,0.862925892857143,43.2678571428571,8.44491071428571,0.745427395921057,"mowing","South","2023",2.9833678218821
10.6607142857143,4.83736607142857,19.8106060606061,0.862925892857143,43.2678571428571,8.44491071428571,0.745427395921057,"mowing","South","2022",3.38093638185472
10.6607142857143,4.83736607142857,20.6212121212121,0.862925892857143,43.2678571428571,8.44491071428571,0.745427395921057,"mowing","Centre","2023",3.89274202458731
10.6607142857143,4.83736607142857,20.6212121212121,0.862925892857143,43.2678571428571,8.44491071428571,0.745427395921057,"mowing","Centre","2022",3.02969810802427
10.6607142857143,4.83736607142857,20.6212121212121,0.862925892857143,43.2678571428571,8.44491071428571,0.745427395921057,"mowing","North","2023",3.490280949391
10.6607142857143,4.83736607142857,20.6212121212121,0.862925892857143,43.2678571428571,8.44491071428571,0.745427395921057,"mowing","North","2022",2.79825175340964
10.6607142857143,4.83736607142857,20.6212121212121,0.862925892857143,43.2678571428571,8.44491071428571,0.745427395921057,"mowing","South","2023",2.96727239685559
10.6607142857143,4.83736607142857,20.6212121212121,0.862925892857143,43.2678571428571,8.44491071428571,0.745427395921057,"mowing","South","2022",3.36484095682821
10.6607142857143,4.83736607142857,21.4318181818182,0.862925892857143,43.2678571428571,8.44491071428571,0.745427395921057,"mowing","Centre","2023",3.8766465995608
10.6607142857143,4.83736607142857,21.4318181818182,0.862925892857143,43.2678571428571,8.44491071428571,0.745427395921057,"mowing","Centre","2022",3.01360268299776
10.6607142857143,4.83736607142857,21.4318181818182,0.862925892857143,43.2678571428571,8.44491071428571,0.745427395921057,"mowing","North","2023",3.47418552436449
10.6607142857143,4.83736607142857,21.4318181818182,0.862925892857143,43.2678571428571,8.44491071428571,0.745427395921057,"mowing","North","2022",2.78215632838313
10.6607142857143,4.83736607142857,21.4318181818182,0.862925892857143,43.2678571428571,8.44491071428571,0.745427395921057,"mowing","South","2023",2.95117697182909
10.6607142857143,4.83736607142857,21.4318181818182,0.862925892857143,43.2678571428571,8.44491071428571,0.745427395921057,"mowing","South","2022",3.3487455318017
10.6607142857143,4.83736607142857,22.2424242424242,0.862925892857143,43.2678571428571,8.44491071428571,0.745427395921057,"mowing","Centre","2023",3.86055117453429
10.6607142857143,4.83736607142857,22.2424242424242,0.862925892857143,43.2678571428571,8.44491071428571,0.745427395921057,"mowing","Centre","2022",2.99750725797125
10.6607142857143,4.83736607142857,22.2424242424242,0.862925892857143,43.2678571428571,8.44491071428571,0.745427395921057,"mowing","North","2023",3.45809009933798
10.6607142857143,4.83736607142857,22.2424242424242,0.862925892857143,43.2678571428571,8.44491071428571,0.745427395921057,"mowing","North","2022",2.76606090335662
10.6607142857143,4.83736607142857,22.2424242424242,0.862925892857143,43.2678571428571,8.44491071428571,0.745427395921057,"mowing","South","2023",2.93508154680258
10.6607142857143,4.83736607142857,22.2424242424242,0.862925892857143,43.2678571428571,8.44491071428571,0.745427395921057,"mowing","South","2022",3.3326501067752
10.6607142857143,4.83736607142857,23.0530303030303,0.862925892857143,43.2678571428571,8.44491071428571,0.745427395921057,"mowing","Centre","2023",3.84445574950778
10.6607142857143,4.83736607142857,23.0530303030303,0.862925892857143,43.2678571428571,8.44491071428571,0.745427395921057,"mowing","Centre","2022",2.98141183294474
10.6607142857143,4.83736607142857,23.0530303030303,0.862925892857143,43.2678571428571,8.44491071428571,0.745427395921057,"mowing","North","2023",3.44199467431147
10.6607142857143,4.83736607142857,23.0530303030303,0.862925892857143,43.2678571428571,8.44491071428571,0.745427395921057,"mowing","North","2022",2.74996547833011
10.6607142857143,4.83736607142857,23.0530303030303,0.862925892857143,43.2678571428571,8.44491071428571,0.745427395921057,"mowing","South","2023",2.91898612177607
10.6607142857143,4.83736607142857,23.0530303030303,0.862925892857143,43.2678571428571,8.44491071428571,0.745427395921057,"mowing","South","2022",3.31655468174869
10.6607142857143,4.83736607142857,23.8636363636364,0.862925892857143,43.2678571428571,8.44491071428571,0.745427395921057,"mowing","Centre","2023",3.82836032448127
10.6607142857143,4.83736607142857,23.8636363636364,0.862925892857143,43.2678571428571,8.44491071428571,0.745427395921057,"mowing","Centre","2022",2.96531640791823
10.6607142857143,4.83736607142857,23.8636363636364,0.862925892857143,43.2678571428571,8.44491071428571,0.745427395921057,"mowing","North","2023",3.42589924928496
10.6607142857143,4.83736607142857,23.8636363636364,0.862925892857143,43.2678571428571,8.44491071428571,0.745427395921057,"mowing","North","2022",2.7338700533036
10.6607142857143,4.83736607142857,23.8636363636364,0.862925892857143,43.2678571428571,8.44491071428571,0.745427395921057,"mowing","South","2023",2.90289069674956
10.6607142857143,4.83736607142857,23.8636363636364,0.862925892857143,43.2678571428571,8.44491071428571,0.745427395921057,"mowing","South","2022",3.30045925672218
10.6607142857143,4.83736607142857,24.6742424242424,0.862925892857143,43.2678571428571,8.44491071428571,0.745427395921057,"mowing","Centre","2023",3.81226489945476
10.6607142857143,4.83736607142857,24.6742424242424,0.862925892857143,43.2678571428571,8.44491071428571,0.745427395921057,"mowing","Centre","2022",2.94922098289172
10.6607142857143,4.83736607142857,24.6742424242424,0.862925892857143,43.2678571428571,8.44491071428571,0.745427395921057,"mowing","North","2023",3.40980382425845
10.6607142857143,4.83736607142857,24.6742424242424,0.862925892857143,43.2678571428571,8.44491071428571,0.745427395921057,"mowing","North","2022",2.71777462827709
10.6607142857143,4.83736607142857,24.6742424242424,0.862925892857143,43.2678571428571,8.44491071428571,0.745427395921057,"mowing","South","2023",2.88679527172305
10.6607142857143,4.83736607142857,24.6742424242424,0.862925892857143,43.2678571428571,8.44491071428571,0.745427395921057,"mowing","South","2022",3.28436383169567
10.6607142857143,4.83736607142857,25.4848484848485,0.862925892857143,43.2678571428571,8.44491071428571,0.745427395921057,"mowing","Centre","2023",3.79616947442825
10.6607142857143,4.83736607142857,25.4848484848485,0.862925892857143,43.2678571428571,8.44491071428571,0.745427395921057,"mowing","Centre","2022",2.93312555786521
10.6607142857143,4.83736607142857,25.4848484848485,0.862925892857143,43.2678571428571,8.44491071428571,0.745427395921057,"mowing","North","2023",3.39370839923195
10.6607142857143,4.83736607142857,25.4848484848485,0.862925892857143,43.2678571428571,8.44491071428571,0.745427395921057,"mowing","North","2022",2.70167920325058
10.6607142857143,4.83736607142857,25.4848484848485,0.862925892857143,43.2678571428571,8.44491071428571,0.745427395921057,"mowing","South","2023",2.87069984669654
10.6607142857143,4.83736607142857,25.4848484848485,0.862925892857143,43.2678571428571,8.44491071428571,0.745427395921057,"mowing","South","2022",3.26826840666916
10.6607142857143,4.83736607142857,26.2954545454545,0.862925892857143,43.2678571428571,8.44491071428571,0.745427395921057,"mowing","Centre","2023",3.78007404940174
10.6607142857143,4.83736607142857,26.2954545454545,0.862925892857143,43.2678571428571,8.44491071428571,0.745427395921057,"mowing","Centre","2022",2.9170301328387
10.6607142857143,4.83736607142857,26.2954545454545,0.862925892857143,43.2678571428571,8.44491071428571,0.745427395921057,"mowing","North","2023",3.37761297420544
10.6607142857143,4.83736607142857,26.2954545454545,0.862925892857143,43.2678571428571,8.44491071428571,0.745427395921057,"mowing","North","2022",2.68558377822407
10.6607142857143,4.83736607142857,26.2954545454545,0.862925892857143,43.2678571428571,8.44491071428571,0.745427395921057,"mowing","South","2023",2.85460442167003
10.6607142857143,4.83736607142857,26.2954545454545,0.862925892857143,43.2678571428571,8.44491071428571,0.745427395921057,"mowing","South","2022",3.25217298164265
10.6607142857143,4.83736607142857,27.1060606060606,0.862925892857143,43.2678571428571,8.44491071428571,0.745427395921057,"mowing","Centre","2023",3.76397862437523
10.6607142857143,4.83736607142857,27.1060606060606,0.862925892857143,43.2678571428571,8.44491071428571,0.745427395921057,"mowing","Centre","2022",2.90093470781219
10.6607142857143,4.83736607142857,27.1060606060606,0.862925892857143,43.2678571428571,8.44491071428571,0.745427395921057,"mowing","North","2023",3.36151754917893
10.6607142857143,4.83736607142857,27.1060606060606,0.862925892857143,43.2678571428571,8.44491071428571,0.745427395921057,"mowing","North","2022",2.66948835319756
10.6607142857143,4.83736607142857,27.1060606060606,0.862925892857143,43.2678571428571,8.44491071428571,0.745427395921057,"mowing","South","2023",2.83850899664352
10.6607142857143,4.83736607142857,27.1060606060606,0.862925892857143,43.2678571428571,8.44491071428571,0.745427395921057,"mowing","South","2022",3.23607755661614
10.6607142857143,4.83736607142857,27.9166666666667,0.862925892857143,43.2678571428571,8.44491071428571,0.745427395921057,"mowing","Centre","2023",3.74788319934872
10.6607142857143,4.83736607142857,27.9166666666667,0.862925892857143,43.2678571428571,8.44491071428571,0.745427395921057,"mowing","Centre","2022",2.88483928278568
10.6607142857143,4.83736607142857,27.9166666666667,0.862925892857143,43.2678571428571,8.44491071428571,0.745427395921057,"mowing","North","2023",3.34542212415242
10.6607142857143,4.83736607142857,27.9166666666667,0.862925892857143,43.2678571428571,8.44491071428571,0.745427395921057,"mowing","North","2022",2.65339292817105
10.6607142857143,4.83736607142857,27.9166666666667,0.862925892857143,43.2678571428571,8.44491071428571,0.745427395921057,"mowing","South","2023",2.82241357161701
10.6607142857143,4.83736607142857,27.9166666666667,0.862925892857143,43.2678571428571,8.44491071428571,0.745427395921057,"mowing","South","2022",3.21998213158963
10.6607142857143,4.83736607142857,28.7272727272727,0.862925892857143,43.2678571428571,8.44491071428571,0.745427395921057,"mowing","Centre","2023",3.73178777432221
10.6607142857143,4.83736607142857,28.7272727272727,0.862925892857143,43.2678571428571,8.44491071428571,0.745427395921057,"mowing","Centre","2022",2.86874385775917
10.6607142857143,4.83736607142857,28.7272727272727,0.862925892857143,43.2678571428571,8.44491071428571,0.745427395921057,"mowing","North","2023",3.32932669912591
10.6607142857143,4.83736607142857,28.7272727272727,0.862925892857143,43.2678571428571,8.44491071428571,0.745427395921057,"mowing","North","2022",2.63729750314454
10.6607142857143,4.83736607142857,28.7272727272727,0.862925892857143,43.2678571428571,8.44491071428571,0.745427395921057,"mowing","South","2023",2.8063181465905
10.6607142857143,4.83736607142857,28.7272727272727,0.862925892857143,43.2678571428571,8.44491071428571,0.745427395921057,"mowing","South","2022",3.20388670656312
10.6607142857143,4.83736607142857,29.5378787878788,0.862925892857143,43.2678571428571,8.44491071428571,0.745427395921057,"mowing","Centre","2023",3.7156923492957
10.6607142857143,4.83736607142857,29.5378787878788,0.862925892857143,43.2678571428571,8.44491071428571,0.745427395921057,"mowing","Centre","2022",2.85264843273266
10.6607142857143,4.83736607142857,29.5378787878788,0.862925892857143,43.2678571428571,8.44491071428571,0.745427395921057,"mowing","North","2023",3.3132312740994
10.6607142857143,4.83736607142857,29.5378787878788,0.862925892857143,43.2678571428571,8.44491071428571,0.745427395921057,"mowing","North","2022",2.62120207811803
10.6607142857143,4.83736607142857,29.5378787878788,0.862925892857143,43.2678571428571,8.44491071428571,0.745427395921057,"mowing","South","2023",2.79022272156399
10.6607142857143,4.83736607142857,29.5378787878788,0.862925892857143,43.2678571428571,8.44491071428571,0.745427395921057,"mowing","South","2022",3.18779128153661
10.6607142857143,4.83736607142857,30.3484848484848,0.862925892857143,43.2678571428571,8.44491071428571,0.745427395921057,"mowing","Centre","2023",3.6995969242692
10.6607142857143,4.83736607142857,30.3484848484848,0.862925892857143,43.2678571428571,8.44491071428571,0.745427395921057,"mowing","Centre","2022",2.83655300770615
10.6607142857143,4.83736607142857,30.3484848484848,0.862925892857143,43.2678571428571,8.44491071428571,0.745427395921057,"mowing","North","2023",3.29713584907289
10.6607142857143,4.83736607142857,30.3484848484848,0.862925892857143,43.2678571428571,8.44491071428571,0.745427395921057,"mowing","North","2022",2.60510665309152
10.6607142857143,4.83736607142857,30.3484848484848,0.862925892857143,43.2678571428571,8.44491071428571,0.745427395921057,"mowing","South","2023",2.77412729653748
10.6607142857143,4.83736607142857,30.3484848484848,0.862925892857143,43.2678571428571,8.44491071428571,0.745427395921057,"mowing","South","2022",3.1716958565101
10.6607142857143,4.83736607142857,31.1590909090909,0.862925892857143,43.2678571428571,8.44491071428571,0.745427395921057,"mowing","Centre","2023",3.68350149924269
10.6607142857143,4.83736607142857,31.1590909090909,0.862925892857143,43.2678571428571,8.44491071428571,0.745427395921057,"mowing","Centre","2022",2.82045758267964
10.6607142857143,4.83736607142857,31.1590909090909,0.862925892857143,43.2678571428571,8.44491071428571,0.745427395921057,"mowing","North","2023",3.28104042404638
10.6607142857143,4.83736607142857,31.1590909090909,0.862925892857143,43.2678571428571,8.44491071428571,0.745427395921057,"mowing","North","2022",2.58901122806501
10.6607142857143,4.83736607142857,31.1590909090909,0.862925892857143,43.2678571428571,8.44491071428571,0.745427395921057,"mowing","South","2023",2.75803187151097
10.6607142857143,4.83736607142857,31.1590909090909,0.862925892857143,43.2678571428571,8.44491071428571,0.745427395921057,"mowing","South","2022",3.15560043148359
10.6607142857143,4.83736607142857,31.969696969697,0.862925892857143,43.2678571428571,8.44491071428571,0.745427395921057,"mowing","Centre","2023",3.66740607421618
10.6607142857143,4.83736607142857,31.969696969697,0.862925892857143,43.2678571428571,8.44491071428571,0.745427395921057,"mowing","Centre","2022",2.80436215765313
10.6607142857143,4.83736607142857,31.969696969697,0.862925892857143,43.2678571428571,8.44491071428571,0.745427395921057,"mowing","North","2023",3.26494499901987
10.6607142857143,4.83736607142857,31.969696969697,0.862925892857143,43.2678571428571,8.44491071428571,0.745427395921057,"mowing","North","2022",2.57291580303851
10.6607142857143,4.83736607142857,31.969696969697,0.862925892857143,43.2678571428571,8.44491071428571,0.745427395921057,"mowing","South","2023",2.74193644648446
10.6607142857143,4.83736607142857,31.969696969697,0.862925892857143,43.2678571428571,8.44491071428571,0.745427395921057,"mowing","South","2022",3.13950500645708
10.6607142857143,4.83736607142857,32.780303030303,0.862925892857143,43.2678571428571,8.44491071428571,0.745427395921057,"mowing","Centre","2023",3.65131064918967
10.6607142857143,4.83736607142857,32.780303030303,0.862925892857143,43.2678571428571,8.44491071428571,0.745427395921057,"mowing","Centre","2022",2.78826673262662
10.6607142857143,4.83736607142857,32.780303030303,0.862925892857143,43.2678571428571,8.44491071428571,0.745427395921057,"mowing","North","2023",3.24884957399336
10.6607142857143,4.83736607142857,32.780303030303,0.862925892857143,43.2678571428571,8.44491071428571,0.745427395921057,"mowing","North","2022",2.556820378012
10.6607142857143,4.83736607142857,32.780303030303,0.862925892857143,43.2678571428571,8.44491071428571,0.745427395921057,"mowing","South","2023",2.72584102145795
10.6607142857143,4.83736607142857,32.780303030303,0.862925892857143,43.2678571428571,8.44491071428571,0.745427395921057,"mowing","South","2022",3.12340958143057
10.6607142857143,4.83736607142857,33.5909090909091,0.862925892857143,43.2678571428571,8.44491071428571,0.745427395921057,"mowing","Centre","2023",3.63521522416316
10.6607142857143,4.83736607142857,33.5909090909091,0.862925892857143,43.2678571428571,8.44491071428571,0.745427395921057,"mowing","Centre","2022",2.77217130760012
10.6607142857143,4.83736607142857,33.5909090909091,0.862925892857143,43.2678571428571,8.44491071428571,0.745427395921057,"mowing","North","2023",3.23275414896685
10.6607142857143,4.83736607142857,33.5909090909091,0.862925892857143,43.2678571428571,8.44491071428571,0.745427395921057,"mowing","North","2022",2.54072495298549
10.6607142857143,4.83736607142857,33.5909090909091,0.862925892857143,43.2678571428571,8.44491071428571,0.745427395921057,"mowing","South","2023",2.70974559643144
10.6607142857143,4.83736607142857,33.5909090909091,0.862925892857143,43.2678571428571,8.44491071428571,0.745427395921057,"mowing","South","2022",3.10731415640406
10.6607142857143,4.83736607142857,34.4015151515151,0.862925892857143,43.2678571428571,8.44491071428571,0.745427395921057,"mowing","Centre","2023",3.61911979913665
10.6607142857143,4.83736607142857,34.4015151515151,0.862925892857143,43.2678571428571,8.44491071428571,0.745427395921057,"mowing","Centre","2022",2.75607588257361
10.6607142857143,4.83736607142857,34.4015151515151,0.862925892857143,43.2678571428571,8.44491071428571,0.745427395921057,"mowing","North","2023",3.21665872394034
10.6607142857143,4.83736607142857,34.4015151515151,0.862925892857143,43.2678571428571,8.44491071428571,0.745427395921057,"mowing","North","2022",2.52462952795898
10.6607142857143,4.83736607142857,34.4015151515151,0.862925892857143,43.2678571428571,8.44491071428571,0.745427395921057,"mowing","South","2023",2.69365017140493
10.6607142857143,4.83736607142857,34.4015151515151,0.862925892857143,43.2678571428571,8.44491071428571,0.745427395921057,"mowing","South","2022",3.09121873137755
10.6607142857143,4.83736607142857,35.2121212121212,0.862925892857143,43.2678571428571,8.44491071428571,0.745427395921057,"mowing","Centre","2023",3.60302437411014
10.6607142857143,4.83736607142857,35.2121212121212,0.862925892857143,43.2678571428571,8.44491071428571,0.745427395921057,"mowing","Centre","2022",2.7399804575471
10.6607142857143,4.83736607142857,35.2121212121212,0.862925892857143,43.2678571428571,8.44491071428571,0.745427395921057,"mowing","North","2023",3.20056329891383
10.6607142857143,4.83736607142857,35.2121212121212,0.862925892857143,43.2678571428571,8.44491071428571,0.745427395921057,"mowing","North","2022",2.50853410293247
10.6607142857143,4.83736607142857,35.2121212121212,0.862925892857143,43.2678571428571,8.44491071428571,0.745427395921057,"mowing","South","2023",2.67755474637842
10.6607142857143,4.83736607142857,35.2121212121212,0.862925892857143,43.2678571428571,8.44491071428571,0.745427395921057,"mowing","South","2022",3.07512330635104
10.6607142857143,4.83736607142857,36.0227272727273,0.862925892857143,43.2678571428571,8.44491071428571,0.745427395921057,"mowing","Centre","2023",3.58692894908363
10.6607142857143,4.83736607142857,36.0227272727273,0.862925892857143,43.2678571428571,8.44491071428571,0.745427395921057,"mowing","Centre","2022",2.72388503252059
10.6607142857143,4.83736607142857,36.0227272727273,0.862925892857143,43.2678571428571,8.44491071428571,0.745427395921057,"mowing","North","2023",3.18446787388732
10.6607142857143,4.83736607142857,36.0227272727273,0.862925892857143,43.2678571428571,8.44491071428571,0.745427395921057,"mowing","North","2022",2.49243867790596
10.6607142857143,4.83736607142857,36.0227272727273,0.862925892857143,43.2678571428571,8.44491071428571,0.745427395921057,"mowing","South","2023",2.66145932135192
10.6607142857143,4.83736607142857,36.0227272727273,0.862925892857143,43.2678571428571,8.44491071428571,0.745427395921057,"mowing","South","2022",3.05902788132454
10.6607142857143,4.83736607142857,36.8333333333333,0.862925892857143,43.2678571428571,8.44491071428571,0.745427395921057,"mowing","Centre","2023",3.57083352405712
10.6607142857143,4.83736607142857,36.8333333333333,0.862925892857143,43.2678571428571,8.44491071428571,0.745427395921057,"mowing","Centre","2022",2.70778960749408
10.6607142857143,4.83736607142857,36.8333333333333,0.862925892857143,43.2678571428571,8.44491071428571,0.745427395921057,"mowing","North","2023",3.16837244886081
10.6607142857143,4.83736607142857,36.8333333333333,0.862925892857143,43.2678571428571,8.44491071428571,0.745427395921057,"mowing","North","2022",2.47634325287945
10.6607142857143,4.83736607142857,36.8333333333333,0.862925892857143,43.2678571428571,8.44491071428571,0.745427395921057,"mowing","South","2023",2.64536389632541
10.6607142857143,4.83736607142857,36.8333333333333,0.862925892857143,43.2678571428571,8.44491071428571,0.745427395921057,"mowing","South","2022",3.04293245629803
10.6607142857143,4.83736607142857,37.6439393939394,0.862925892857143,43.2678571428571,8.44491071428571,0.745427395921057,"mowing","Centre","2023",3.55473809903061
10.6607142857143,4.83736607142857,37.6439393939394,0.862925892857143,43.2678571428571,8.44491071428571,0.745427395921057,"mowing","Centre","2022",2.69169418246757
10.6607142857143,4.83736607142857,37.6439393939394,0.862925892857143,43.2678571428571,8.44491071428571,0.745427395921057,"mowing","North","2023",3.1522770238343
10.6607142857143,4.83736607142857,37.6439393939394,0.862925892857143,43.2678571428571,8.44491071428571,0.745427395921057,"mowing","North","2022",2.46024782785294
10.6607142857143,4.83736607142857,37.6439393939394,0.862925892857143,43.2678571428571,8.44491071428571,0.745427395921057,"mowing","South","2023",2.6292684712989
10.6607142857143,4.83736607142857,37.6439393939394,0.862925892857143,43.2678571428571,8.44491071428571,0.745427395921057,"mowing","South","2022",3.02683703127152
10.6607142857143,4.83736607142857,38.4545454545455,0.862925892857143,43.2678571428571,8.44491071428571,0.745427395921057,"mowing","Centre","2023",3.5386426740041
10.6607142857143,4.83736607142857,38.4545454545455,0.862925892857143,43.2678571428571,8.44491071428571,0.745427395921057,"mowing","Centre","2022",2.67559875744106
10.6607142857143,4.83736607142857,38.4545454545455,0.862925892857143,43.2678571428571,8.44491071428571,0.745427395921057,"mowing","North","2023",3.1361815988078
10.6607142857143,4.83736607142857,38.4545454545455,0.862925892857143,43.2678571428571,8.44491071428571,0.745427395921057,"mowing","North","2022",2.44415240282643
10.6607142857143,4.83736607142857,38.4545454545455,0.862925892857143,43.2678571428571,8.44491071428571,0.745427395921057,"mowing","South","2023",2.61317304627239
10.6607142857143,4.83736607142857,38.4545454545455,0.862925892857143,43.2678571428571,8.44491071428571,0.745427395921057,"mowing","South","2022",3.01074160624501
10.6607142857143,4.83736607142857,39.2651515151515,0.862925892857143,43.2678571428571,8.44491071428571,0.745427395921057,"mowing","Centre","2023",3.52254724897759
10.6607142857143,4.83736607142857,39.2651515151515,0.862925892857143,43.2678571428571,8.44491071428571,0.745427395921057,"mowing","Centre","2022",2.65950333241455
10.6607142857143,4.83736607142857,39.2651515151515,0.862925892857143,43.2678571428571,8.44491071428571,0.745427395921057,"mowing","North","2023",3.12008617378129
10.6607142857143,4.83736607142857,39.2651515151515,0.862925892857143,43.2678571428571,8.44491071428571,0.745427395921057,"mowing","North","2022",2.42805697779992
10.6607142857143,4.83736607142857,39.2651515151515,0.862925892857143,43.2678571428571,8.44491071428571,0.745427395921057,"mowing","South","2023",2.59707762124588
10.6607142857143,4.83736607142857,39.2651515151515,0.862925892857143,43.2678571428571,8.44491071428571,0.745427395921057,"mowing","South","2022",2.9946461812185
10.6607142857143,4.83736607142857,40.0757575757576,0.862925892857143,43.2678571428571,8.44491071428571,0.745427395921057,"mowing","Centre","2023",3.50645182395108
10.6607142857143,4.83736607142857,40.0757575757576,0.862925892857143,43.2678571428571,8.44491071428571,0.745427395921057,"mowing","Centre","2022",2.64340790738804
10.6607142857143,4.83736607142857,40.0757575757576,0.862925892857143,43.2678571428571,8.44491071428571,0.745427395921057,"mowing","North","2023",3.10399074875478
10.6607142857143,4.83736607142857,40.0757575757576,0.862925892857143,43.2678571428571,8.44491071428571,0.745427395921057,"mowing","North","2022",2.41196155277341
10.6607142857143,4.83736607142857,40.0757575757576,0.862925892857143,43.2678571428571,8.44491071428571,0.745427395921057,"mowing","South","2023",2.58098219621937
10.6607142857143,4.83736607142857,40.0757575757576,0.862925892857143,43.2678571428571,8.44491071428571,0.745427395921057,"mowing","South","2022",2.97855075619199
10.6607142857143,4.83736607142857,40.8863636363636,0.862925892857143,43.2678571428571,8.44491071428571,0.745427395921057,"mowing","Centre","2023",3.49035639892457
10.6607142857143,4.83736607142857,40.8863636363636,0.862925892857143,43.2678571428571,8.44491071428571,0.745427395921057,"mowing","Centre","2022",2.62731248236153
10.6607142857143,4.83736607142857,40.8863636363636,0.862925892857143,43.2678571428571,8.44491071428571,0.745427395921057,"mowing","North","2023",3.08789532372827
10.6607142857143,4.83736607142857,40.8863636363636,0.862925892857143,43.2678571428571,8.44491071428571,0.745427395921057,"mowing","North","2022",2.3958661277469
10.6607142857143,4.83736607142857,40.8863636363636,0.862925892857143,43.2678571428571,8.44491071428571,0.745427395921057,"mowing","South","2023",2.56488677119286
10.6607142857143,4.83736607142857,40.8863636363636,0.862925892857143,43.2678571428571,8.44491071428571,0.745427395921057,"mowing","South","2022",2.96245533116548
10.6607142857143,4.83736607142857,41.6969696969697,0.862925892857143,43.2678571428571,8.44491071428571,0.745427395921057,"mowing","Centre","2023",3.47426097389806
10.6607142857143,4.83736607142857,41.6969696969697,0.862925892857143,43.2678571428571,8.44491071428571,0.745427395921057,"mowing","Centre","2022",2.61121705733502
10.6607142857143,4.83736607142857,41.6969696969697,0.862925892857143,43.2678571428571,8.44491071428571,0.745427395921057,"mowing","North","2023",3.07179989870176
10.6607142857143,4.83736607142857,41.6969696969697,0.862925892857143,43.2678571428571,8.44491071428571,0.745427395921057,"mowing","North","2022",2.37977070272039
10.6607142857143,4.83736607142857,41.6969696969697,0.862925892857143,43.2678571428571,8.44491071428571,0.745427395921057,"mowing","South","2023",2.54879134616635
10.6607142857143,4.83736607142857,41.6969696969697,0.862925892857143,43.2678571428571,8.44491071428571,0.745427395921057,"mowing","South","2022",2.94635990613897
10.6607142857143,4.83736607142857,42.5075757575758,0.862925892857143,43.2678571428571,8.44491071428571,0.745427395921057,"mowing","Centre","2023",3.45816554887155
10.6607142857143,4.83736607142857,42.5075757575758,0.862925892857143,43.2678571428571,8.44491071428571,0.745427395921057,"mowing","Centre","2022",2.59512163230851
10.6607142857143,4.83736607142857,42.5075757575758,0.862925892857143,43.2678571428571,8.44491071428571,0.745427395921057,"mowing","North","2023",3.05570447367525
10.6607142857143,4.83736607142857,42.5075757575758,0.862925892857143,43.2678571428571,8.44491071428571,0.745427395921057,"mowing","North","2022",2.36367527769388
10.6607142857143,4.83736607142857,42.5075757575758,0.862925892857143,43.2678571428571,8.44491071428571,0.745427395921057,"mowing","South","2023",2.53269592113984
10.6607142857143,4.83736607142857,42.5075757575758,0.862925892857143,43.2678571428571,8.44491071428571,0.745427395921057,"mowing","South","2022",2.93026448111246
10.6607142857143,4.83736607142857,43.3181818181818,0.862925892857143,43.2678571428571,8.44491071428571,0.745427395921057,"mowing","Centre","2023",3.44207012384505
10.6607142857143,4.83736607142857,43.3181818181818,0.862925892857143,43.2678571428571,8.44491071428571,0.745427395921057,"mowing","Centre","2022",2.579026207282
10.6607142857143,4.83736607142857,43.3181818181818,0.862925892857143,43.2678571428571,8.44491071428571,0.745427395921057,"mowing","North","2023",3.03960904864874
10.6607142857143,4.83736607142857,43.3181818181818,0.862925892857143,43.2678571428571,8.44491071428571,0.745427395921057,"mowing","North","2022",2.34757985266737
10.6607142857143,4.83736607142857,43.3181818181818,0.862925892857143,43.2678571428571,8.44491071428571,0.745427395921057,"mowing","South","2023",2.51660049611333
10.6607142857143,4.83736607142857,43.3181818181818,0.862925892857143,43.2678571428571,8.44491071428571,0.745427395921057,"mowing","South","2022",2.91416905608595
10.6607142857143,4.83736607142857,44.1287878787879,0.862925892857143,43.2678571428571,8.44491071428571,0.745427395921057,"mowing","Centre","2023",3.42597469881854
10.6607142857143,4.83736607142857,44.1287878787879,0.862925892857143,43.2678571428571,8.44491071428571,0.745427395921057,"mowing","Centre","2022",2.56293078225549
10.6607142857143,4.83736607142857,44.1287878787879,0.862925892857143,43.2678571428571,8.44491071428571,0.745427395921057,"mowing","North","2023",3.02351362362223
10.6607142857143,4.83736607142857,44.1287878787879,0.862925892857143,43.2678571428571,8.44491071428571,0.745427395921057,"mowing","North","2022",2.33148442764086
10.6607142857143,4.83736607142857,44.1287878787879,0.862925892857143,43.2678571428571,8.44491071428571,0.745427395921057,"mowing","South","2023",2.50050507108682
10.6607142857143,4.83736607142857,44.1287878787879,0.862925892857143,43.2678571428571,8.44491071428571,0.745427395921057,"mowing","South","2022",2.89807363105944
10.6607142857143,4.83736607142857,44.9393939393939,0.862925892857143,43.2678571428571,8.44491071428571,0.745427395921057,"mowing","Centre","2023",3.40987927379203
10.6607142857143,4.83736607142857,44.9393939393939,0.862925892857143,43.2678571428571,8.44491071428571,0.745427395921057,"mowing","Centre","2022",2.54683535722898
10.6607142857143,4.83736607142857,44.9393939393939,0.862925892857143,43.2678571428571,8.44491071428571,0.745427395921057,"mowing","North","2023",3.00741819859572
10.6607142857143,4.83736607142857,44.9393939393939,0.862925892857143,43.2678571428571,8.44491071428571,0.745427395921057,"mowing","North","2022",2.31538900261436
10.6607142857143,4.83736607142857,44.9393939393939,0.862925892857143,43.2678571428571,8.44491071428571,0.745427395921057,"mowing","South","2023",2.48440964606031
10.6607142857143,4.83736607142857,44.9393939393939,0.862925892857143,43.2678571428571,8.44491071428571,0.745427395921057,"mowing","South","2022",2.88197820603293
10.6607142857143,4.83736607142857,45.75,0.862925892857143,43.2678571428571,8.44491071428571,0.745427395921057,"mowing","Centre","2023",3.39378384876552
10.6607142857143,4.83736607142857,45.75,0.862925892857143,43.2678571428571,8.44491071428571,0.745427395921057,"mowing","Centre","2022",2.53073993220247
10.6607142857143,4.83736607142857,45.75,0.862925892857143,43.2678571428571,8.44491071428571,0.745427395921057,"mowing","North","2023",2.99132277356921
10.6607142857143,4.83736607142857,45.75,0.862925892857143,43.2678571428571,8.44491071428571,0.745427395921057,"mowing","North","2022",2.29929357758785
10.6607142857143,4.83736607142857,45.75,0.862925892857143,43.2678571428571,8.44491071428571,0.745427395921057,"mowing","South","2023",2.4683142210338
10.6607142857143,4.83736607142857,45.75,0.862925892857143,43.2678571428571,8.44491071428571,0.745427395921057,"mowing","South","2022",2.86588278100642
10.6607142857143,4.83736607142857,46.5606060606061,0.862925892857143,43.2678571428571,8.44491071428571,0.745427395921057,"mowing","Centre","2023",3.37768842373901
10.6607142857143,4.83736607142857,46.5606060606061,0.862925892857143,43.2678571428571,8.44491071428571,0.745427395921057,"mowing","Centre","2022",2.51464450717597
10.6607142857143,4.83736607142857,46.5606060606061,0.862925892857143,43.2678571428571,8.44491071428571,0.745427395921057,"mowing","North","2023",2.9752273485427
10.6607142857143,4.83736607142857,46.5606060606061,0.862925892857143,43.2678571428571,8.44491071428571,0.745427395921057,"mowing","North","2022",2.28319815256134
10.6607142857143,4.83736607142857,46.5606060606061,0.862925892857143,43.2678571428571,8.44491071428571,0.745427395921057,"mowing","South","2023",2.45221879600729
10.6607142857143,4.83736607142857,46.5606060606061,0.862925892857143,43.2678571428571,8.44491071428571,0.745427395921057,"mowing","South","2022",2.84978735597991
10.6607142857143,4.83736607142857,47.3712121212121,0.862925892857143,43.2678571428571,8.44491071428571,0.745427395921057,"mowing","Centre","2023",3.3615929987125
10.6607142857143,4.83736607142857,47.3712121212121,0.862925892857143,43.2678571428571,8.44491071428571,0.745427395921057,"mowing","Centre","2022",2.49854908214946
10.6607142857143,4.83736607142857,47.3712121212121,0.862925892857143,43.2678571428571,8.44491071428571,0.745427395921057,"mowing","North","2023",2.95913192351619
10.6607142857143,4.83736607142857,47.3712121212121,0.862925892857143,43.2678571428571,8.44491071428571,0.745427395921057,"mowing","North","2022",2.26710272753483
10.6607142857143,4.83736607142857,47.3712121212121,0.862925892857143,43.2678571428571,8.44491071428571,0.745427395921057,"mowing","South","2023",2.43612337098078
10.6607142857143,4.83736607142857,47.3712121212121,0.862925892857143,43.2678571428571,8.44491071428571,0.745427395921057,"mowing","South","2022",2.8336919309534
10.6607142857143,4.83736607142857,48.1818181818182,0.862925892857143,43.2678571428571,8.44491071428571,0.745427395921057,"mowing","Centre","2023",3.34549757368599
10.6607142857143,4.83736607142857,48.1818181818182,0.862925892857143,43.2678571428571,8.44491071428571,0.745427395921057,"mowing","Centre","2022",2.48245365712295
10.6607142857143,4.83736607142857,48.1818181818182,0.862925892857143,43.2678571428571,8.44491071428571,0.745427395921057,"mowing","North","2023",2.94303649848968
10.6607142857143,4.83736607142857,48.1818181818182,0.862925892857143,43.2678571428571,8.44491071428571,0.745427395921057,"mowing","North","2022",2.25100730250832
10.6607142857143,4.83736607142857,48.1818181818182,0.862925892857143,43.2678571428571,8.44491071428571,0.745427395921057,"mowing","South","2023",2.42002794595428
10.6607142857143,4.83736607142857,48.1818181818182,0.862925892857143,43.2678571428571,8.44491071428571,0.745427395921057,"mowing","South","2022",2.8175965059269
10.6607142857143,4.83736607142857,48.9924242424242,0.862925892857143,43.2678571428571,8.44491071428571,0.745427395921057,"mowing","Centre","2023",3.32940214865948
10.6607142857143,4.83736607142857,48.9924242424242,0.862925892857143,43.2678571428571,8.44491071428571,0.745427395921057,"mowing","Centre","2022",2.46635823209644
10.6607142857143,4.83736607142857,48.9924242424242,0.862925892857143,43.2678571428571,8.44491071428571,0.745427395921057,"mowing","North","2023",2.92694107346317
10.6607142857143,4.83736607142857,48.9924242424242,0.862925892857143,43.2678571428571,8.44491071428571,0.745427395921057,"mowing","North","2022",2.23491187748181
10.6607142857143,4.83736607142857,48.9924242424242,0.862925892857143,43.2678571428571,8.44491071428571,0.745427395921057,"mowing","South","2023",2.40393252092777
10.6607142857143,4.83736607142857,48.9924242424242,0.862925892857143,43.2678571428571,8.44491071428571,0.745427395921057,"mowing","South","2022",2.80150108090039
10.6607142857143,4.83736607142857,49.8030303030303,0.862925892857143,43.2678571428571,8.44491071428571,0.745427395921057,"mowing","Centre","2023",3.31330672363297
10.6607142857143,4.83736607142857,49.8030303030303,0.862925892857143,43.2678571428571,8.44491071428571,0.745427395921057,"mowing","Centre","2022",2.45026280706993
10.6607142857143,4.83736607142857,49.8030303030303,0.862925892857143,43.2678571428571,8.44491071428571,0.745427395921057,"mowing","North","2023",2.91084564843666
10.6607142857143,4.83736607142857,49.8030303030303,0.862925892857143,43.2678571428571,8.44491071428571,0.745427395921057,"mowing","North","2022",2.2188164524553
10.6607142857143,4.83736607142857,49.8030303030303,0.862925892857143,43.2678571428571,8.44491071428571,0.745427395921057,"mowing","South","2023",2.38783709590126
10.6607142857143,4.83736607142857,49.8030303030303,0.862925892857143,43.2678571428571,8.44491071428571,0.745427395921057,"mowing","South","2022",2.78540565587388
10.6607142857143,4.83736607142857,50.6136363636364,0.862925892857143,43.2678571428571,8.44491071428571,0.745427395921057,"mowing","Centre","2023",3.29721129860646
10.6607142857143,4.83736607142857,50.6136363636364,0.862925892857143,43.2678571428571,8.44491071428571,0.745427395921057,"mowing","Centre","2022",2.43416738204342
10.6607142857143,4.83736607142857,50.6136363636364,0.862925892857143,43.2678571428571,8.44491071428571,0.745427395921057,"mowing","North","2023",2.89475022341015
10.6607142857143,4.83736607142857,50.6136363636364,0.862925892857143,43.2678571428571,8.44491071428571,0.745427395921057,"mowing","North","2022",2.20272102742879
10.6607142857143,4.83736607142857,50.6136363636364,0.862925892857143,43.2678571428571,8.44491071428571,0.745427395921057,"mowing","South","2023",2.37174167087475
10.6607142857143,4.83736607142857,50.6136363636364,0.862925892857143,43.2678571428571,8.44491071428571,0.745427395921057,"mowing","South","2022",2.76931023084737
10.6607142857143,4.83736607142857,51.4242424242424,0.862925892857143,43.2678571428571,8.44491071428571,0.745427395921057,"mowing","Centre","2023",3.28111587357995
10.6607142857143,4.83736607142857,51.4242424242424,0.862925892857143,43.2678571428571,8.44491071428571,0.745427395921057,"mowing","Centre","2022",2.41807195701691
10.6607142857143,4.83736607142857,51.4242424242424,0.862925892857143,43.2678571428571,8.44491071428571,0.745427395921057,"mowing","North","2023",2.87865479838364
10.6607142857143,4.83736607142857,51.4242424242424,0.862925892857143,43.2678571428571,8.44491071428571,0.745427395921057,"mowing","North","2022",2.18662560240228
10.6607142857143,4.83736607142857,51.4242424242424,0.862925892857143,43.2678571428571,8.44491071428571,0.745427395921057,"mowing","South","2023",2.35564624584824
10.6607142857143,4.83736607142857,51.4242424242424,0.862925892857143,43.2678571428571,8.44491071428571,0.745427395921057,"mowing","South","2022",2.75321480582086
10.6607142857143,4.83736607142857,52.2348484848485,0.862925892857143,43.2678571428571,8.44491071428571,0.745427395921057,"mowing","Centre","2023",3.26502044855344
10.6607142857143,4.83736607142857,52.2348484848485,0.862925892857143,43.2678571428571,8.44491071428571,0.745427395921057,"mowing","Centre","2022",2.4019765319904
10.6607142857143,4.83736607142857,52.2348484848485,0.862925892857143,43.2678571428571,8.44491071428571,0.745427395921057,"mowing","North","2023",2.86255937335714
10.6607142857143,4.83736607142857,52.2348484848485,0.862925892857143,43.2678571428571,8.44491071428571,0.745427395921057,"mowing","North","2022",2.17053017737577
10.6607142857143,4.83736607142857,52.2348484848485,0.862925892857143,43.2678571428571,8.44491071428571,0.745427395921057,"mowing","South","2023",2.33955082082173
10.6607142857143,4.83736607142857,52.2348484848485,0.862925892857143,43.2678571428571,8.44491071428571,0.745427395921057,"mowing","South","2022",2.73711938079435
10.6607142857143,4.83736607142857,53.0454545454545,0.862925892857143,43.2678571428571,8.44491071428571,0.745427395921057,"mowing","Centre","2023",3.24892502352693
10.6607142857143,4.83736607142857,53.0454545454545,0.862925892857143,43.2678571428571,8.44491071428571,0.745427395921057,"mowing","Centre","2022",2.38588110696389
10.6607142857143,4.83736607142857,53.0454545454545,0.862925892857143,43.2678571428571,8.44491071428571,0.745427395921057,"mowing","North","2023",2.84646394833063
10.6607142857143,4.83736607142857,53.0454545454545,0.862925892857143,43.2678571428571,8.44491071428571,0.745427395921057,"mowing","North","2022",2.15443475234926
10.6607142857143,4.83736607142857,53.0454545454545,0.862925892857143,43.2678571428571,8.44491071428571,0.745427395921057,"mowing","South","2023",2.32345539579522
10.6607142857143,4.83736607142857,53.0454545454545,0.862925892857143,43.2678571428571,8.44491071428571,0.745427395921057,"mowing","South","2022",2.72102395576784
10.6607142857143,4.83736607142857,53.8560606060606,0.862925892857143,43.2678571428571,8.44491071428571,0.745427395921057,"mowing","Centre","2023",3.23282959850042
10.6607142857143,4.83736607142857,53.8560606060606,0.862925892857143,43.2678571428571,8.44491071428571,0.745427395921057,"mowing","Centre","2022",2.36978568193738
10.6607142857143,4.83736607142857,53.8560606060606,0.862925892857143,43.2678571428571,8.44491071428571,0.745427395921057,"mowing","North","2023",2.83036852330412
10.6607142857143,4.83736607142857,53.8560606060606,0.862925892857143,43.2678571428571,8.44491071428571,0.745427395921057,"mowing","North","2022",2.13833932732275
10.6607142857143,4.83736607142857,53.8560606060606,0.862925892857143,43.2678571428571,8.44491071428571,0.745427395921057,"mowing","South","2023",2.30735997076871
10.6607142857143,4.83736607142857,53.8560606060606,0.862925892857143,43.2678571428571,8.44491071428571,0.745427395921057,"mowing","South","2022",2.70492853074133
10.6607142857143,4.83736607142857,54.6666666666667,0.862925892857143,43.2678571428571,8.44491071428571,0.745427395921057,"mowing","Centre","2023",3.21673417347391
10.6607142857143,4.83736607142857,54.6666666666667,0.862925892857143,43.2678571428571,8.44491071428571,0.745427395921057,"mowing","Centre","2022",2.35369025691087
10.6607142857143,4.83736607142857,54.6666666666667,0.862925892857143,43.2678571428571,8.44491071428571,0.745427395921057,"mowing","North","2023",2.81427309827761
10.6607142857143,4.83736607142857,54.6666666666667,0.862925892857143,43.2678571428571,8.44491071428571,0.745427395921057,"mowing","North","2022",2.12224390229624
10.6607142857143,4.83736607142857,54.6666666666667,0.862925892857143,43.2678571428571,8.44491071428571,0.745427395921057,"mowing","South","2023",2.2912645457422
10.6607142857143,4.83736607142857,54.6666666666667,0.862925892857143,43.2678571428571,8.44491071428571,0.745427395921057,"mowing","South","2022",2.68883310571482
10.6607142857143,4.83736607142857,55.4772727272727,0.862925892857143,43.2678571428571,8.44491071428571,0.745427395921057,"mowing","Centre","2023",3.2006387484474
10.6607142857143,4.83736607142857,55.4772727272727,0.862925892857143,43.2678571428571,8.44491071428571,0.745427395921057,"mowing","Centre","2022",2.33759483188436
10.6607142857143,4.83736607142857,55.4772727272727,0.862925892857143,43.2678571428571,8.44491071428571,0.745427395921057,"mowing","North","2023",2.7981776732511
10.6607142857143,4.83736607142857,55.4772727272727,0.862925892857143,43.2678571428571,8.44491071428571,0.745427395921057,"mowing","North","2022",2.10614847726973
10.6607142857143,4.83736607142857,55.4772727272727,0.862925892857143,43.2678571428571,8.44491071428571,0.745427395921057,"mowing","South","2023",2.27516912071569
10.6607142857143,4.83736607142857,55.4772727272727,0.862925892857143,43.2678571428571,8.44491071428571,0.745427395921057,"mowing","South","2022",2.67273768068831
10.6607142857143,4.83736607142857,56.2878787878788,0.862925892857143,43.2678571428571,8.44491071428571,0.745427395921057,"mowing","Centre","2023",3.1845433234209
10.6607142857143,4.83736607142857,56.2878787878788,0.862925892857143,43.2678571428571,8.44491071428571,0.745427395921057,"mowing","Centre","2022",2.32149940685785
10.6607142857143,4.83736607142857,56.2878787878788,0.862925892857143,43.2678571428571,8.44491071428571,0.745427395921057,"mowing","North","2023",2.78208224822459
10.6607142857143,4.83736607142857,56.2878787878788,0.862925892857143,43.2678571428571,8.44491071428571,0.745427395921057,"mowing","North","2022",2.09005305224322
10.6607142857143,4.83736607142857,56.2878787878788,0.862925892857143,43.2678571428571,8.44491071428571,0.745427395921057,"mowing","South","2023",2.25907369568918
10.6607142857143,4.83736607142857,56.2878787878788,0.862925892857143,43.2678571428571,8.44491071428571,0.745427395921057,"mowing","South","2022",2.6566422556618
10.6607142857143,4.83736607142857,57.0984848484848,0.862925892857143,43.2678571428571,8.44491071428571,0.745427395921057,"mowing","Centre","2023",3.16844789839439
10.6607142857143,4.83736607142857,57.0984848484848,0.862925892857143,43.2678571428571,8.44491071428571,0.745427395921057,"mowing","Centre","2022",2.30540398183134
10.6607142857143,4.83736607142857,57.0984848484848,0.862925892857143,43.2678571428571,8.44491071428571,0.745427395921057,"mowing","North","2023",2.76598682319808
10.6607142857143,4.83736607142857,57.0984848484848,0.862925892857143,43.2678571428571,8.44491071428571,0.745427395921057,"mowing","North","2022",2.07395762721671
10.6607142857143,4.83736607142857,57.0984848484848,0.862925892857143,43.2678571428571,8.44491071428571,0.745427395921057,"mowing","South","2023",2.24297827066267
10.6607142857143,4.83736607142857,57.0984848484848,0.862925892857143,43.2678571428571,8.44491071428571,0.745427395921057,"mowing","South","2022",2.64054683063529
10.6607142857143,4.83736607142857,57.9090909090909,0.862925892857143,43.2678571428571,8.44491071428571,0.745427395921057,"mowing","Centre","2023",3.15235247336788
10.6607142857143,4.83736607142857,57.9090909090909,0.862925892857143,43.2678571428571,8.44491071428571,0.745427395921057,"mowing","Centre","2022",2.28930855680483
10.6607142857143,4.83736607142857,57.9090909090909,0.862925892857143,43.2678571428571,8.44491071428571,0.745427395921057,"mowing","North","2023",2.74989139817157
10.6607142857143,4.83736607142857,57.9090909090909,0.862925892857143,43.2678571428571,8.44491071428571,0.745427395921057,"mowing","North","2022",2.05786220219021
10.6607142857143,4.83736607142857,57.9090909090909,0.862925892857143,43.2678571428571,8.44491071428571,0.745427395921057,"mowing","South","2023",2.22688284563616
10.6607142857143,4.83736607142857,57.9090909090909,0.862925892857143,43.2678571428571,8.44491071428571,0.745427395921057,"mowing","South","2022",2.62445140560878
10.6607142857143,4.83736607142857,58.719696969697,0.862925892857143,43.2678571428571,8.44491071428571,0.745427395921057,"mowing","Centre","2023",3.13625704834137
10.6607142857143,4.83736607142857,58.719696969697,0.862925892857143,43.2678571428571,8.44491071428571,0.745427395921057,"mowing","Centre","2022",2.27321313177832
10.6607142857143,4.83736607142857,58.719696969697,0.862925892857143,43.2678571428571,8.44491071428571,0.745427395921057,"mowing","North","2023",2.73379597314506
10.6607142857143,4.83736607142857,58.719696969697,0.862925892857143,43.2678571428571,8.44491071428571,0.745427395921057,"mowing","North","2022",2.0417667771637
10.6607142857143,4.83736607142857,58.719696969697,0.862925892857143,43.2678571428571,8.44491071428571,0.745427395921057,"mowing","South","2023",2.21078742060965
10.6607142857143,4.83736607142857,58.719696969697,0.862925892857143,43.2678571428571,8.44491071428571,0.745427395921057,"mowing","South","2022",2.60835598058227
10.6607142857143,4.83736607142857,59.530303030303,0.862925892857143,43.2678571428571,8.44491071428571,0.745427395921057,"mowing","Centre","2023",3.12016162331486
10.6607142857143,4.83736607142857,59.530303030303,0.862925892857143,43.2678571428571,8.44491071428571,0.745427395921057,"mowing","Centre","2022",2.25711770675182
10.6607142857143,4.83736607142857,59.530303030303,0.862925892857143,43.2678571428571,8.44491071428571,0.745427395921057,"mowing","North","2023",2.71770054811855
10.6607142857143,4.83736607142857,59.530303030303,0.862925892857143,43.2678571428571,8.44491071428571,0.745427395921057,"mowing","North","2022",2.02567135213719
10.6607142857143,4.83736607142857,59.530303030303,0.862925892857143,43.2678571428571,8.44491071428571,0.745427395921057,"mowing","South","2023",2.19469199558314
10.6607142857143,4.83736607142857,59.530303030303,0.862925892857143,43.2678571428571,8.44491071428571,0.745427395921057,"mowing","South","2022",2.59226055555576
10.6607142857143,4.83736607142857,60.3409090909091,0.862925892857143,43.2678571428571,8.44491071428571,0.745427395921057,"mowing","Centre","2023",3.10406619828835
10.6607142857143,4.83736607142857,60.3409090909091,0.862925892857143,43.2678571428571,8.44491071428571,0.745427395921057,"mowing","Centre","2022",2.24102228172531
10.6607142857143,4.83736607142857,60.3409090909091,0.862925892857143,43.2678571428571,8.44491071428571,0.745427395921057,"mowing","North","2023",2.70160512309204
10.6607142857143,4.83736607142857,60.3409090909091,0.862925892857143,43.2678571428571,8.44491071428571,0.745427395921057,"mowing","North","2022",2.00957592711068
10.6607142857143,4.83736607142857,60.3409090909091,0.862925892857143,43.2678571428571,8.44491071428571,0.745427395921057,"mowing","South","2023",2.17859657055663
10.6607142857143,4.83736607142857,60.3409090909091,0.862925892857143,43.2678571428571,8.44491071428571,0.745427395921057,"mowing","South","2022",2.57616513052925
10.6607142857143,4.83736607142857,61.1515151515151,0.862925892857143,43.2678571428571,8.44491071428571,0.745427395921057,"mowing","Centre","2023",3.08797077326184
10.6607142857143,4.83736607142857,61.1515151515151,0.862925892857143,43.2678571428571,8.44491071428571,0.745427395921057,"mowing","Centre","2022",2.2249268566988
10.6607142857143,4.83736607142857,61.1515151515151,0.862925892857143,43.2678571428571,8.44491071428571,0.745427395921057,"mowing","North","2023",2.68550969806553
10.6607142857143,4.83736607142857,61.1515151515151,0.862925892857143,43.2678571428571,8.44491071428571,0.745427395921057,"mowing","North","2022",1.99348050208417
10.6607142857143,4.83736607142857,61.1515151515151,0.862925892857143,43.2678571428571,8.44491071428571,0.745427395921057,"mowing","South","2023",2.16250114553012
10.6607142857143,4.83736607142857,61.1515151515151,0.862925892857143,43.2678571428571,8.44491071428571,0.745427395921057,"mowing","South","2022",2.56006970550274
10.6607142857143,4.83736607142857,61.9621212121212,0.862925892857143,43.2678571428571,8.44491071428571,0.745427395921057,"mowing","Centre","2023",3.07187534823533
10.6607142857143,4.83736607142857,61.9621212121212,0.862925892857143,43.2678571428571,8.44491071428571,0.745427395921057,"mowing","Centre","2022",2.20883143167229
10.6607142857143,4.83736607142857,61.9621212121212,0.862925892857143,43.2678571428571,8.44491071428571,0.745427395921057,"mowing","North","2023",2.66941427303902
10.6607142857143,4.83736607142857,61.9621212121212,0.862925892857143,43.2678571428571,8.44491071428571,0.745427395921057,"mowing","North","2022",1.97738507705766
10.6607142857143,4.83736607142857,61.9621212121212,0.862925892857143,43.2678571428571,8.44491071428571,0.745427395921057,"mowing","South","2023",2.14640572050362
10.6607142857143,4.83736607142857,61.9621212121212,0.862925892857143,43.2678571428571,8.44491071428571,0.745427395921057,"mowing","South","2022",2.54397428047624
10.6607142857143,4.83736607142857,62.7727272727273,0.862925892857143,43.2678571428571,8.44491071428571,0.745427395921057,"mowing","Centre","2023",3.05577992320882
10.6607142857143,4.83736607142857,62.7727272727273,0.862925892857143,43.2678571428571,8.44491071428571,0.745427395921057,"mowing","Centre","2022",2.19273600664578
10.6607142857143,4.83736607142857,62.7727272727273,0.862925892857143,43.2678571428571,8.44491071428571,0.745427395921057,"mowing","North","2023",2.65331884801251
10.6607142857143,4.83736607142857,62.7727272727273,0.862925892857143,43.2678571428571,8.44491071428571,0.745427395921057,"mowing","North","2022",1.96128965203115
10.6607142857143,4.83736607142857,62.7727272727273,0.862925892857143,43.2678571428571,8.44491071428571,0.745427395921057,"mowing","South","2023",2.13031029547711
10.6607142857143,4.83736607142857,62.7727272727273,0.862925892857143,43.2678571428571,8.44491071428571,0.745427395921057,"mowing","South","2022",2.52787885544973
10.6607142857143,4.83736607142857,63.5833333333333,0.862925892857143,43.2678571428571,8.44491071428571,0.745427395921057,"mowing","Centre","2023",3.03968449818231
10.6607142857143,4.83736607142857,63.5833333333333,0.862925892857143,43.2678571428571,8.44491071428571,0.745427395921057,"mowing","Centre","2022",2.17664058161927
10.6607142857143,4.83736607142857,63.5833333333333,0.862925892857143,43.2678571428571,8.44491071428571,0.745427395921057,"mowing","North","2023",2.637223422986
10.6607142857143,4.83736607142857,63.5833333333333,0.862925892857143,43.2678571428571,8.44491071428571,0.745427395921057,"mowing","North","2022",1.94519422700464
10.6607142857143,4.83736607142857,63.5833333333333,0.862925892857143,43.2678571428571,8.44491071428571,0.745427395921057,"mowing","South","2023",2.1142148704506
10.6607142857143,4.83736607142857,63.5833333333333,0.862925892857143,43.2678571428571,8.44491071428571,0.745427395921057,"mowing","South","2022",2.51178343042322
10.6607142857143,4.83736607142857,64.3939393939394,0.862925892857143,43.2678571428571,8.44491071428571,0.745427395921057,"mowing","Centre","2023",3.0235890731558
10.6607142857143,4.83736607142857,64.3939393939394,0.862925892857143,43.2678571428571,8.44491071428571,0.745427395921057,"mowing","Centre","2022",2.16054515659276
10.6607142857143,4.83736607142857,64.3939393939394,0.862925892857143,43.2678571428571,8.44491071428571,0.745427395921057,"mowing","North","2023",2.62112799795949
10.6607142857143,4.83736607142857,64.3939393939394,0.862925892857143,43.2678571428571,8.44491071428571,0.745427395921057,"mowing","North","2022",1.92909880197813
10.6607142857143,4.83736607142857,64.3939393939394,0.862925892857143,43.2678571428571,8.44491071428571,0.745427395921057,"mowing","South","2023",2.09811944542409
10.6607142857143,4.83736607142857,64.3939393939394,0.862925892857143,43.2678571428571,8.44491071428571,0.745427395921057,"mowing","South","2022",2.49568800539671
10.6607142857143,4.83736607142857,65.2045454545455,0.862925892857143,43.2678571428571,8.44491071428571,0.745427395921057,"mowing","Centre","2023",3.00749364812929
10.6607142857143,4.83736607142857,65.2045454545455,0.862925892857143,43.2678571428571,8.44491071428571,0.745427395921057,"mowing","Centre","2022",2.14444973156625
10.6607142857143,4.83736607142857,65.2045454545455,0.862925892857143,43.2678571428571,8.44491071428571,0.745427395921057,"mowing","North","2023",2.60503257293299
10.6607142857143,4.83736607142857,65.2045454545455,0.862925892857143,43.2678571428571,8.44491071428571,0.745427395921057,"mowing","North","2022",1.91300337695162
10.6607142857143,4.83736607142857,65.2045454545455,0.862925892857143,43.2678571428571,8.44491071428571,0.745427395921057,"mowing","South","2023",2.08202402039758
10.6607142857143,4.83736607142857,65.2045454545455,0.862925892857143,43.2678571428571,8.44491071428571,0.745427395921057,"mowing","South","2022",2.4795925803702
10.6607142857143,4.83736607142857,66.0151515151515,0.862925892857143,43.2678571428571,8.44491071428571,0.745427395921057,"mowing","Centre","2023",2.99139822310278
10.6607142857143,4.83736607142857,66.0151515151515,0.862925892857143,43.2678571428571,8.44491071428571,0.745427395921057,"mowing","Centre","2022",2.12835430653974
10.6607142857143,4.83736607142857,66.0151515151515,0.862925892857143,43.2678571428571,8.44491071428571,0.745427395921057,"mowing","North","2023",2.58893714790648
10.6607142857143,4.83736607142857,66.0151515151515,0.862925892857143,43.2678571428571,8.44491071428571,0.745427395921057,"mowing","North","2022",1.89690795192511
10.6607142857143,4.83736607142857,66.0151515151515,0.862925892857143,43.2678571428571,8.44491071428571,0.745427395921057,"mowing","South","2023",2.06592859537107
10.6607142857143,4.83736607142857,66.0151515151515,0.862925892857143,43.2678571428571,8.44491071428571,0.745427395921057,"mowing","South","2022",2.46349715534369
10.6607142857143,4.83736607142857,66.8257575757576,0.862925892857143,43.2678571428571,8.44491071428571,0.745427395921057,"mowing","Centre","2023",2.97530279807627
10.6607142857143,4.83736607142857,66.8257575757576,0.862925892857143,43.2678571428571,8.44491071428571,0.745427395921057,"mowing","Centre","2022",2.11225888151323
10.6607142857143,4.83736607142857,66.8257575757576,0.862925892857143,43.2678571428571,8.44491071428571,0.745427395921057,"mowing","North","2023",2.57284172287997
10.6607142857143,4.83736607142857,66.8257575757576,0.862925892857143,43.2678571428571,8.44491071428571,0.745427395921057,"mowing","North","2022",1.8808125268986
10.6607142857143,4.83736607142857,66.8257575757576,0.862925892857143,43.2678571428571,8.44491071428571,0.745427395921057,"mowing","South","2023",2.04983317034456
10.6607142857143,4.83736607142857,66.8257575757576,0.862925892857143,43.2678571428571,8.44491071428571,0.745427395921057,"mowing","South","2022",2.44740173031718
10.6607142857143,4.83736607142857,67.6363636363636,0.862925892857143,43.2678571428571,8.44491071428571,0.745427395921057,"mowing","Centre","2023",2.95920737304976
10.6607142857143,4.83736607142857,67.6363636363636,0.862925892857143,43.2678571428571,8.44491071428571,0.745427395921057,"mowing","Centre","2022",2.09616345648672
10.6607142857143,4.83736607142857,67.6363636363636,0.862925892857143,43.2678571428571,8.44491071428571,0.745427395921057,"mowing","North","2023",2.55674629785346
10.6607142857143,4.83736607142857,67.6363636363636,0.862925892857143,43.2678571428571,8.44491071428571,0.745427395921057,"mowing","North","2022",1.86471710187209
10.6607142857143,4.83736607142857,67.6363636363636,0.862925892857143,43.2678571428571,8.44491071428571,0.745427395921057,"mowing","South","2023",2.03373774531805
10.6607142857143,4.83736607142857,67.6363636363636,0.862925892857143,43.2678571428571,8.44491071428571,0.745427395921057,"mowing","South","2022",2.43130630529067
10.6607142857143,4.83736607142857,68.4469696969697,0.862925892857143,43.2678571428571,8.44491071428571,0.745427395921057,"mowing","Centre","2023",2.94311194802325
10.6607142857143,4.83736607142857,68.4469696969697,0.862925892857143,43.2678571428571,8.44491071428571,0.745427395921057,"mowing","Centre","2022",2.08006803146021
10.6607142857143,4.83736607142857,68.4469696969697,0.862925892857143,43.2678571428571,8.44491071428571,0.745427395921057,"mowing","North","2023",2.54065087282695
10.6607142857143,4.83736607142857,68.4469696969697,0.862925892857143,43.2678571428571,8.44491071428571,0.745427395921057,"mowing","North","2022",1.84862167684558
10.6607142857143,4.83736607142857,68.4469696969697,0.862925892857143,43.2678571428571,8.44491071428571,0.745427395921057,"mowing","South","2023",2.01764232029154
10.6607142857143,4.83736607142857,68.4469696969697,0.862925892857143,43.2678571428571,8.44491071428571,0.745427395921057,"mowing","South","2022",2.41521088026416
10.6607142857143,4.83736607142857,69.2575757575758,0.862925892857143,43.2678571428571,8.44491071428571,0.745427395921057,"mowing","Centre","2023",2.92701652299675
10.6607142857143,4.83736607142857,69.2575757575758,0.862925892857143,43.2678571428571,8.44491071428571,0.745427395921057,"mowing","Centre","2022",2.0639726064337
10.6607142857143,4.83736607142857,69.2575757575758,0.862925892857143,43.2678571428571,8.44491071428571,0.745427395921057,"mowing","North","2023",2.52455544780044
10.6607142857143,4.83736607142857,69.2575757575758,0.862925892857143,43.2678571428571,8.44491071428571,0.745427395921057,"mowing","North","2022",1.83252625181907
10.6607142857143,4.83736607142857,69.2575757575758,0.862925892857143,43.2678571428571,8.44491071428571,0.745427395921057,"mowing","South","2023",2.00154689526503
10.6607142857143,4.83736607142857,69.2575757575758,0.862925892857143,43.2678571428571,8.44491071428571,0.745427395921057,"mowing","South","2022",2.39911545523765
10.6607142857143,4.83736607142857,70.0681818181818,0.862925892857143,43.2678571428571,8.44491071428571,0.745427395921057,"mowing","Centre","2023",2.91092109797024
10.6607142857143,4.83736607142857,70.0681818181818,0.862925892857143,43.2678571428571,8.44491071428571,0.745427395921057,"mowing","Centre","2022",2.04787718140719
10.6607142857143,4.83736607142857,70.0681818181818,0.862925892857143,43.2678571428571,8.44491071428571,0.745427395921057,"mowing","North","2023",2.50846002277393
10.6607142857143,4.83736607142857,70.0681818181818,0.862925892857143,43.2678571428571,8.44491071428571,0.745427395921057,"mowing","North","2022",1.81643082679256
10.6607142857143,4.83736607142857,70.0681818181818,0.862925892857143,43.2678571428571,8.44491071428571,0.745427395921057,"mowing","South","2023",1.98545147023852
10.6607142857143,4.83736607142857,70.0681818181818,0.862925892857143,43.2678571428571,8.44491071428571,0.745427395921057,"mowing","South","2022",2.38302003021114
10.6607142857143,4.83736607142857,70.8787878787879,0.862925892857143,43.2678571428571,8.44491071428571,0.745427395921057,"mowing","Centre","2023",2.89482567294373
10.6607142857143,4.83736607142857,70.8787878787879,0.862925892857143,43.2678571428571,8.44491071428571,0.745427395921057,"mowing","Centre","2022",2.03178175638068
10.6607142857143,4.83736607142857,70.8787878787879,0.862925892857143,43.2678571428571,8.44491071428571,0.745427395921057,"mowing","North","2023",2.49236459774742
10.6607142857143,4.83736607142857,70.8787878787879,0.862925892857143,43.2678571428571,8.44491071428571,0.745427395921057,"mowing","North","2022",1.80033540176606
10.6607142857143,4.83736607142857,70.8787878787879,0.862925892857143,43.2678571428571,8.44491071428571,0.745427395921057,"mowing","South","2023",1.96935604521201
10.6607142857143,4.83736607142857,70.8787878787879,0.862925892857143,43.2678571428571,8.44491071428571,0.745427395921057,"mowing","South","2022",2.36692460518463
10.6607142857143,4.83736607142857,71.6893939393939,0.862925892857143,43.2678571428571,8.44491071428571,0.745427395921057,"mowing","Centre","2023",2.87873024791722
10.6607142857143,4.83736607142857,71.6893939393939,0.862925892857143,43.2678571428571,8.44491071428571,0.745427395921057,"mowing","Centre","2022",2.01568633135417
10.6607142857143,4.83736607142857,71.6893939393939,0.862925892857143,43.2678571428571,8.44491071428571,0.745427395921057,"mowing","North","2023",2.47626917272091
10.6607142857143,4.83736607142857,71.6893939393939,0.862925892857143,43.2678571428571,8.44491071428571,0.745427395921057,"mowing","North","2022",1.78423997673955
10.6607142857143,4.83736607142857,71.6893939393939,0.862925892857143,43.2678571428571,8.44491071428571,0.745427395921057,"mowing","South","2023",1.9532606201855
10.6607142857143,4.83736607142857,71.6893939393939,0.862925892857143,43.2678571428571,8.44491071428571,0.745427395921057,"mowing","South","2022",2.35082918015812
10.6607142857143,4.83736607142857,72.5,0.862925892857143,43.2678571428571,8.44491071428571,0.745427395921057,"mowing","Centre","2023",2.86263482289071
10.6607142857143,4.83736607142857,72.5,0.862925892857143,43.2678571428571,8.44491071428571,0.745427395921057,"mowing","Centre","2022",1.99959090632767
10.6607142857143,4.83736607142857,72.5,0.862925892857143,43.2678571428571,8.44491071428571,0.745427395921057,"mowing","North","2023",2.4601737476944
10.6607142857143,4.83736607142857,72.5,0.862925892857143,43.2678571428571,8.44491071428571,0.745427395921057,"mowing","North","2022",1.76814455171304
10.6607142857143,4.83736607142857,72.5,0.862925892857143,43.2678571428571,8.44491071428571,0.745427395921057,"mowing","South","2023",1.93716519515899
10.6607142857143,4.83736607142857,72.5,0.862925892857143,43.2678571428571,8.44491071428571,0.745427395921057,"mowing","South","2022",2.33473375513161
10.6607142857143,4.83736607142857,73.3106060606061,0.862925892857143,43.2678571428571,8.44491071428571,0.745427395921057,"mowing","Centre","2023",2.8465393978642
10.6607142857143,4.83736607142857,73.3106060606061,0.862925892857143,43.2678571428571,8.44491071428571,0.745427395921057,"mowing","Centre","2022",1.98349548130116
10.6607142857143,4.83736607142857,73.3106060606061,0.862925892857143,43.2678571428571,8.44491071428571,0.745427395921057,"mowing","North","2023",2.44407832266789
10.6607142857143,4.83736607142857,73.3106060606061,0.862925892857143,43.2678571428571,8.44491071428571,0.745427395921057,"mowing","North","2022",1.75204912668653
10.6607142857143,4.83736607142857,73.3106060606061,0.862925892857143,43.2678571428571,8.44491071428571,0.745427395921057,"mowing","South","2023",1.92106977013248
10.6607142857143,4.83736607142857,73.3106060606061,0.862925892857143,43.2678571428571,8.44491071428571,0.745427395921057,"mowing","South","2022",2.3186383301051
10.6607142857143,4.83736607142857,74.1212121212121,0.862925892857143,43.2678571428571,8.44491071428571,0.745427395921057,"mowing","Centre","2023",2.83044397283769
10.6607142857143,4.83736607142857,74.1212121212121,0.862925892857143,43.2678571428571,8.44491071428571,0.745427395921057,"mowing","Centre","2022",1.96740005627465
10.6607142857143,4.83736607142857,74.1212121212121,0.862925892857143,43.2678571428571,8.44491071428571,0.745427395921057,"mowing","North","2023",2.42798289764138
10.6607142857143,4.83736607142857,74.1212121212121,0.862925892857143,43.2678571428571,8.44491071428571,0.745427395921057,"mowing","North","2022",1.73595370166002
10.6607142857143,4.83736607142857,74.1212121212121,0.862925892857143,43.2678571428571,8.44491071428571,0.745427395921057,"mowing","South","2023",1.90497434510597
10.6607142857143,4.83736607142857,74.1212121212121,0.862925892857143,43.2678571428571,8.44491071428571,0.745427395921057,"mowing","South","2022",2.30254290507859
10.6607142857143,4.83736607142857,74.9318181818182,0.862925892857143,43.2678571428571,8.44491071428571,0.745427395921057,"mowing","Centre","2023",2.81434854781118
10.6607142857143,4.83736607142857,74.9318181818182,0.862925892857143,43.2678571428571,8.44491071428571,0.745427395921057,"mowing","Centre","2022",1.95130463124814
10.6607142857143,4.83736607142857,74.9318181818182,0.862925892857143,43.2678571428571,8.44491071428571,0.745427395921057,"mowing","North","2023",2.41188747261487
10.6607142857143,4.83736607142857,74.9318181818182,0.862925892857143,43.2678571428571,8.44491071428571,0.745427395921057,"mowing","North","2022",1.71985827663351
10.6607142857143,4.83736607142857,74.9318181818182,0.862925892857143,43.2678571428571,8.44491071428571,0.745427395921057,"mowing","South","2023",1.88887892007946
10.6607142857143,4.83736607142857,74.9318181818182,0.862925892857143,43.2678571428571,8.44491071428571,0.745427395921057,"mowing","South","2022",2.28644748005209
10.6607142857143,4.83736607142857,75.7424242424242,0.862925892857143,43.2678571428571,8.44491071428571,0.745427395921057,"mowing","Centre","2023",2.79825312278467
10.6607142857143,4.83736607142857,75.7424242424242,0.862925892857143,43.2678571428571,8.44491071428571,0.745427395921057,"mowing","Centre","2022",1.93520920622163
10.6607142857143,4.83736607142857,75.7424242424242,0.862925892857143,43.2678571428571,8.44491071428571,0.745427395921057,"mowing","North","2023",2.39579204758836
10.6607142857143,4.83736607142857,75.7424242424242,0.862925892857143,43.2678571428571,8.44491071428571,0.745427395921057,"mowing","North","2022",1.703762851607
10.6607142857143,4.83736607142857,75.7424242424242,0.862925892857143,43.2678571428571,8.44491071428571,0.745427395921057,"mowing","South","2023",1.87278349505296
10.6607142857143,4.83736607142857,75.7424242424242,0.862925892857143,43.2678571428571,8.44491071428571,0.745427395921057,"mowing","South","2022",2.27035205502558
10.6607142857143,4.83736607142857,76.5530303030303,0.862925892857143,43.2678571428571,8.44491071428571,0.745427395921057,"mowing","Centre","2023",2.78215769775816
10.6607142857143,4.83736607142857,76.5530303030303,0.862925892857143,43.2678571428571,8.44491071428571,0.745427395921057,"mowing","Centre","2022",1.91911378119512
10.6607142857143,4.83736607142857,76.5530303030303,0.862925892857143,43.2678571428571,8.44491071428571,0.745427395921057,"mowing","North","2023",2.37969662256185
10.6607142857143,4.83736607142857,76.5530303030303,0.862925892857143,43.2678571428571,8.44491071428571,0.745427395921057,"mowing","North","2022",1.68766742658049
10.6607142857143,4.83736607142857,76.5530303030303,0.862925892857143,43.2678571428571,8.44491071428571,0.745427395921057,"mowing","South","2023",1.85668807002645
10.6607142857143,4.83736607142857,76.5530303030303,0.862925892857143,43.2678571428571,8.44491071428571,0.745427395921057,"mowing","South","2022",2.25425662999907
10.6607142857143,4.83736607142857,77.3636363636364,0.862925892857143,43.2678571428571,8.44491071428571,0.745427395921057,"mowing","Centre","2023",2.76606227273165
10.6607142857143,4.83736607142857,77.3636363636364,0.862925892857143,43.2678571428571,8.44491071428571,0.745427395921057,"mowing","Centre","2022",1.90301835616861
10.6607142857143,4.83736607142857,77.3636363636364,0.862925892857143,43.2678571428571,8.44491071428571,0.745427395921057,"mowing","North","2023",2.36360119753534
10.6607142857143,4.83736607142857,77.3636363636364,0.862925892857143,43.2678571428571,8.44491071428571,0.745427395921057,"mowing","North","2022",1.67157200155398
10.6607142857143,4.83736607142857,77.3636363636364,0.862925892857143,43.2678571428571,8.44491071428571,0.745427395921057,"mowing","South","2023",1.84059264499994
10.6607142857143,4.83736607142857,77.3636363636364,0.862925892857143,43.2678571428571,8.44491071428571,0.745427395921057,"mowing","South","2022",2.23816120497256
10.6607142857143,4.83736607142857,78.1742424242424,0.862925892857143,43.2678571428571,8.44491071428571,0.745427395921057,"mowing","Centre","2023",2.74996684770514
10.6607142857143,4.83736607142857,78.1742424242424,0.862925892857143,43.2678571428571,8.44491071428571,0.745427395921057,"mowing","Centre","2022",1.8869229311421
10.6607142857143,4.83736607142857,78.1742424242424,0.862925892857143,43.2678571428571,8.44491071428571,0.745427395921057,"mowing","North","2023",2.34750577250884
10.6607142857143,4.83736607142857,78.1742424242424,0.862925892857143,43.2678571428571,8.44491071428571,0.745427395921057,"mowing","North","2022",1.65547657652747
10.6607142857143,4.83736607142857,78.1742424242424,0.862925892857143,43.2678571428571,8.44491071428571,0.745427395921057,"mowing","South","2023",1.82449721997343
10.6607142857143,4.83736607142857,78.1742424242424,0.862925892857143,43.2678571428571,8.44491071428571,0.745427395921057,"mowing","South","2022",2.22206577994605
10.6607142857143,4.83736607142857,78.9848484848485,0.862925892857143,43.2678571428571,8.44491071428571,0.745427395921057,"mowing","Centre","2023",2.73387142267863
10.6607142857143,4.83736607142857,78.9848484848485,0.862925892857143,43.2678571428571,8.44491071428571,0.745427395921057,"mowing","Centre","2022",1.87082750611559
10.6607142857143,4.83736607142857,78.9848484848485,0.862925892857143,43.2678571428571,8.44491071428571,0.745427395921057,"mowing","North","2023",2.33141034748233
10.6607142857143,4.83736607142857,78.9848484848485,0.862925892857143,43.2678571428571,8.44491071428571,0.745427395921057,"mowing","North","2022",1.63938115150096
10.6607142857143,4.83736607142857,78.9848484848485,0.862925892857143,43.2678571428571,8.44491071428571,0.745427395921057,"mowing","South","2023",1.80840179494692
10.6607142857143,4.83736607142857,78.9848484848485,0.862925892857143,43.2678571428571,8.44491071428571,0.745427395921057,"mowing","South","2022",2.20597035491954
10.6607142857143,4.83736607142857,79.7954545454545,0.862925892857143,43.2678571428571,8.44491071428571,0.745427395921057,"mowing","Centre","2023",2.71777599765212
10.6607142857143,4.83736607142857,79.7954545454545,0.862925892857143,43.2678571428571,8.44491071428571,0.745427395921057,"mowing","Centre","2022",1.85473208108908
10.6607142857143,4.83736607142857,79.7954545454545,0.862925892857143,43.2678571428571,8.44491071428571,0.745427395921057,"mowing","North","2023",2.31531492245582
10.6607142857143,4.83736607142857,79.7954545454545,0.862925892857143,43.2678571428571,8.44491071428571,0.745427395921057,"mowing","North","2022",1.62328572647445
10.6607142857143,4.83736607142857,79.7954545454545,0.862925892857143,43.2678571428571,8.44491071428571,0.745427395921057,"mowing","South","2023",1.79230636992041
10.6607142857143,4.83736607142857,79.7954545454545,0.862925892857143,43.2678571428571,8.44491071428571,0.745427395921057,"mowing","South","2022",2.18987492989303
10.6607142857143,4.83736607142857,80.6060606060606,0.862925892857143,43.2678571428571,8.44491071428571,0.745427395921057,"mowing","Centre","2023",2.70168057262561
10.6607142857143,4.83736607142857,80.6060606060606,0.862925892857143,43.2678571428571,8.44491071428571,0.745427395921057,"mowing","Centre","2022",1.83863665606257
10.6607142857143,4.83736607142857,80.6060606060606,0.862925892857143,43.2678571428571,8.44491071428571,0.745427395921057,"mowing","North","2023",2.29921949742931
10.6607142857143,4.83736607142857,80.6060606060606,0.862925892857143,43.2678571428571,8.44491071428571,0.745427395921057,"mowing","North","2022",1.60719030144794
10.6607142857143,4.83736607142857,80.6060606060606,0.862925892857143,43.2678571428571,8.44491071428571,0.745427395921057,"mowing","South","2023",1.7762109448939
10.6607142857143,4.83736607142857,80.6060606060606,0.862925892857143,43.2678571428571,8.44491071428571,0.745427395921057,"mowing","South","2022",2.17377950486652
10.6607142857143,4.83736607142857,81.4166666666667,0.862925892857143,43.2678571428571,8.44491071428571,0.745427395921057,"mowing","Centre","2023",2.6855851475991
10.6607142857143,4.83736607142857,81.4166666666667,0.862925892857143,43.2678571428571,8.44491071428571,0.745427395921057,"mowing","Centre","2022",1.82254123103606
10.6607142857143,4.83736607142857,81.4166666666667,0.862925892857143,43.2678571428571,8.44491071428571,0.745427395921057,"mowing","North","2023",2.2831240724028
10.6607142857143,4.83736607142857,81.4166666666667,0.862925892857143,43.2678571428571,8.44491071428571,0.745427395921057,"mowing","North","2022",1.59109487642143
10.6607142857143,4.83736607142857,81.4166666666667,0.862925892857143,43.2678571428571,8.44491071428571,0.745427395921057,"mowing","South","2023",1.76011551986739
10.6607142857143,4.83736607142857,81.4166666666667,0.862925892857143,43.2678571428571,8.44491071428571,0.745427395921057,"mowing","South","2022",2.15768407984001
10.6607142857143,4.83736607142857,82.2272727272727,0.862925892857143,43.2678571428571,8.44491071428571,0.745427395921057,"mowing","Centre","2023",2.6694897225726
10.6607142857143,4.83736607142857,82.2272727272727,0.862925892857143,43.2678571428571,8.44491071428571,0.745427395921057,"mowing","Centre","2022",1.80644580600955
10.6607142857143,4.83736607142857,82.2272727272727,0.862925892857143,43.2678571428571,8.44491071428571,0.745427395921057,"mowing","North","2023",2.26702864737629
10.6607142857143,4.83736607142857,82.2272727272727,0.862925892857143,43.2678571428571,8.44491071428571,0.745427395921057,"mowing","North","2022",1.57499945139492
10.6607142857143,4.83736607142857,82.2272727272727,0.862925892857143,43.2678571428571,8.44491071428571,0.745427395921057,"mowing","South","2023",1.74402009484088
10.6607142857143,4.83736607142857,82.2272727272727,0.862925892857143,43.2678571428571,8.44491071428571,0.745427395921057,"mowing","South","2022",2.1415886548135
10.6607142857143,4.83736607142857,83.0378787878788,0.862925892857143,43.2678571428571,8.44491071428571,0.745427395921057,"mowing","Centre","2023",2.65339429754609
10.6607142857143,4.83736607142857,83.0378787878788,0.862925892857143,43.2678571428571,8.44491071428571,0.745427395921057,"mowing","Centre","2022",1.79035038098304
10.6607142857143,4.83736607142857,83.0378787878788,0.862925892857143,43.2678571428571,8.44491071428571,0.745427395921057,"mowing","North","2023",2.25093322234978
10.6607142857143,4.83736607142857,83.0378787878788,0.862925892857143,43.2678571428571,8.44491071428571,0.745427395921057,"mowing","North","2022",1.55890402636841
10.6607142857143,4.83736607142857,83.0378787878788,0.862925892857143,43.2678571428571,8.44491071428571,0.745427395921057,"mowing","South","2023",1.72792466981437
10.6607142857143,4.83736607142857,83.0378787878788,0.862925892857143,43.2678571428571,8.44491071428571,0.745427395921057,"mowing","South","2022",2.12549322978699
10.6607142857143,4.83736607142857,83.8484848484848,0.862925892857143,43.2678571428571,8.44491071428571,0.745427395921057,"mowing","Centre","2023",2.63729887251958
10.6607142857143,4.83736607142857,83.8484848484848,0.862925892857143,43.2678571428571,8.44491071428571,0.745427395921057,"mowing","Centre","2022",1.77425495595653
10.6607142857143,4.83736607142857,83.8484848484848,0.862925892857143,43.2678571428571,8.44491071428571,0.745427395921057,"mowing","North","2023",2.23483779732327
10.6607142857143,4.83736607142857,83.8484848484848,0.862925892857143,43.2678571428571,8.44491071428571,0.745427395921057,"mowing","North","2022",1.54280860134191
10.6607142857143,4.83736607142857,83.8484848484848,0.862925892857143,43.2678571428571,8.44491071428571,0.745427395921057,"mowing","South","2023",1.71182924478786
10.6607142857143,4.83736607142857,83.8484848484848,0.862925892857143,43.2678571428571,8.44491071428571,0.745427395921057,"mowing","South","2022",2.10939780476048
10.6607142857143,4.83736607142857,84.6590909090909,0.862925892857143,43.2678571428571,8.44491071428571,0.745427395921057,"mowing","Centre","2023",2.62120344749307
10.6607142857143,4.83736607142857,84.6590909090909,0.862925892857143,43.2678571428571,8.44491071428571,0.745427395921057,"mowing","Centre","2022",1.75815953093002
10.6607142857143,4.83736607142857,84.6590909090909,0.862925892857143,43.2678571428571,8.44491071428571,0.745427395921057,"mowing","North","2023",2.21874237229676
10.6607142857143,4.83736607142857,84.6590909090909,0.862925892857143,43.2678571428571,8.44491071428571,0.745427395921057,"mowing","North","2022",1.5267131763154
10.6607142857143,4.83736607142857,84.6590909090909,0.862925892857143,43.2678571428571,8.44491071428571,0.745427395921057,"mowing","South","2023",1.69573381976135
10.6607142857143,4.83736607142857,84.6590909090909,0.862925892857143,43.2678571428571,8.44491071428571,0.745427395921057,"mowing","South","2022",2.09330237973397
10.6607142857143,4.83736607142857,85.469696969697,0.862925892857143,43.2678571428571,8.44491071428571,0.745427395921057,"mowing","Centre","2023",2.60510802246656
10.6607142857143,4.83736607142857,85.469696969697,0.862925892857143,43.2678571428571,8.44491071428571,0.745427395921057,"mowing","Centre","2022",1.74206410590352
10.6607142857143,4.83736607142857,85.469696969697,0.862925892857143,43.2678571428571,8.44491071428571,0.745427395921057,"mowing","North","2023",2.20264694727025
10.6607142857143,4.83736607142857,85.469696969697,0.862925892857143,43.2678571428571,8.44491071428571,0.745427395921057,"mowing","North","2022",1.51061775128889
10.6607142857143,4.83736607142857,85.469696969697,0.862925892857143,43.2678571428571,8.44491071428571,0.745427395921057,"mowing","South","2023",1.67963839473484
10.6607142857143,4.83736607142857,85.469696969697,0.862925892857143,43.2678571428571,8.44491071428571,0.745427395921057,"mowing","South","2022",2.07720695470746
10.6607142857143,4.83736607142857,86.280303030303,0.862925892857143,43.2678571428571,8.44491071428571,0.745427395921057,"mowing","Centre","2023",2.58901259744005
10.6607142857143,4.83736607142857,86.280303030303,0.862925892857143,43.2678571428571,8.44491071428571,0.745427395921057,"mowing","Centre","2022",1.72596868087701
10.6607142857143,4.83736607142857,86.280303030303,0.862925892857143,43.2678571428571,8.44491071428571,0.745427395921057,"mowing","North","2023",2.18655152224374
10.6607142857143,4.83736607142857,86.280303030303,0.862925892857143,43.2678571428571,8.44491071428571,0.745427395921057,"mowing","North","2022",1.49452232626238
10.6607142857143,4.83736607142857,86.280303030303,0.862925892857143,43.2678571428571,8.44491071428571,0.745427395921057,"mowing","South","2023",1.66354296970833
10.6607142857143,4.83736607142857,86.280303030303,0.862925892857143,43.2678571428571,8.44491071428571,0.745427395921057,"mowing","South","2022",2.06111152968095
10.6607142857143,4.83736607142857,87.0909090909091,0.862925892857143,43.2678571428571,8.44491071428571,0.745427395921057,"mowing","Centre","2023",2.57291717241354
10.6607142857143,4.83736607142857,87.0909090909091,0.862925892857143,43.2678571428571,8.44491071428571,0.745427395921057,"mowing","Centre","2022",1.7098732558505
10.6607142857143,4.83736607142857,87.0909090909091,0.862925892857143,43.2678571428571,8.44491071428571,0.745427395921057,"mowing","North","2023",2.17045609721723
10.6607142857143,4.83736607142857,87.0909090909091,0.862925892857143,43.2678571428571,8.44491071428571,0.745427395921057,"mowing","North","2022",1.47842690123587
10.6607142857143,4.83736607142857,87.0909090909091,0.862925892857143,43.2678571428571,8.44491071428571,0.745427395921057,"mowing","South","2023",1.64744754468182
10.6607142857143,4.83736607142857,87.0909090909091,0.862925892857143,43.2678571428571,8.44491071428571,0.745427395921057,"mowing","South","2022",2.04501610465444
10.6607142857143,4.83736607142857,87.9015151515151,0.862925892857143,43.2678571428571,8.44491071428571,0.745427395921057,"mowing","Centre","2023",2.55682174738703
10.6607142857143,4.83736607142857,87.9015151515151,0.862925892857143,43.2678571428571,8.44491071428571,0.745427395921057,"mowing","Centre","2022",1.69377783082399
10.6607142857143,4.83736607142857,87.9015151515151,0.862925892857143,43.2678571428571,8.44491071428571,0.745427395921057,"mowing","North","2023",2.15436067219072
10.6607142857143,4.83736607142857,87.9015151515151,0.862925892857143,43.2678571428571,8.44491071428571,0.745427395921057,"mowing","North","2022",1.46233147620936
10.6607142857143,4.83736607142857,87.9015151515151,0.862925892857143,43.2678571428571,8.44491071428571,0.745427395921057,"mowing","South","2023",1.63135211965532
10.6607142857143,4.83736607142857,87.9015151515151,0.862925892857143,43.2678571428571,8.44491071428571,0.745427395921057,"mowing","South","2022",2.02892067962794
10.6607142857143,4.83736607142857,88.7121212121212,0.862925892857143,43.2678571428571,8.44491071428571,0.745427395921057,"mowing","Centre","2023",2.54072632236052
10.6607142857143,4.83736607142857,88.7121212121212,0.862925892857143,43.2678571428571,8.44491071428571,0.745427395921057,"mowing","Centre","2022",1.67768240579748
10.6607142857143,4.83736607142857,88.7121212121212,0.862925892857143,43.2678571428571,8.44491071428571,0.745427395921057,"mowing","North","2023",2.13826524716421
10.6607142857143,4.83736607142857,88.7121212121212,0.862925892857143,43.2678571428571,8.44491071428571,0.745427395921057,"mowing","North","2022",1.44623605118285
10.6607142857143,4.83736607142857,88.7121212121212,0.862925892857143,43.2678571428571,8.44491071428571,0.745427395921057,"mowing","South","2023",1.61525669462881
10.6607142857143,4.83736607142857,88.7121212121212,0.862925892857143,43.2678571428571,8.44491071428571,0.745427395921057,"mowing","South","2022",2.01282525460143
10.6607142857143,4.83736607142857,89.5227272727273,0.862925892857143,43.2678571428571,8.44491071428571,0.745427395921057,"mowing","Centre","2023",2.52463089733401
10.6607142857143,4.83736607142857,89.5227272727273,0.862925892857143,43.2678571428571,8.44491071428571,0.745427395921057,"mowing","Centre","2022",1.66158698077097
10.6607142857143,4.83736607142857,89.5227272727273,0.862925892857143,43.2678571428571,8.44491071428571,0.745427395921057,"mowing","North","2023",2.1221698221377
10.6607142857143,4.83736607142857,89.5227272727273,0.862925892857143,43.2678571428571,8.44491071428571,0.745427395921057,"mowing","North","2022",1.43014062615634
10.6607142857143,4.83736607142857,89.5227272727273,0.862925892857143,43.2678571428571,8.44491071428571,0.745427395921057,"mowing","South","2023",1.5991612696023
10.6607142857143,4.83736607142857,89.5227272727273,0.862925892857143,43.2678571428571,8.44491071428571,0.745427395921057,"mowing","South","2022",1.99672982957492
10.6607142857143,4.83736607142857,90.3333333333333,0.862925892857143,43.2678571428571,8.44491071428571,0.745427395921057,"mowing","Centre","2023",2.5085354723075
10.6607142857143,4.83736607142857,90.3333333333333,0.862925892857143,43.2678571428571,8.44491071428571,0.745427395921057,"mowing","Centre","2022",1.64549155574446
10.6607142857143,4.83736607142857,90.3333333333333,0.862925892857143,43.2678571428571,8.44491071428571,0.745427395921057,"mowing","North","2023",2.10607439711119
10.6607142857143,4.83736607142857,90.3333333333333,0.862925892857143,43.2678571428571,8.44491071428571,0.745427395921057,"mowing","North","2022",1.41404520112983
10.6607142857143,4.83736607142857,90.3333333333333,0.862925892857143,43.2678571428571,8.44491071428571,0.745427395921057,"mowing","South","2023",1.58306584457579
10.6607142857143,4.83736607142857,90.3333333333333,0.862925892857143,43.2678571428571,8.44491071428571,0.745427395921057,"mowing","South","2022",1.98063440454841
10.6607142857143,4.83736607142857,91.1439393939394,0.862925892857143,43.2678571428571,8.44491071428571,0.745427395921057,"mowing","Centre","2023",2.49244004728099
10.6607142857143,4.83736607142857,91.1439393939394,0.862925892857143,43.2678571428571,8.44491071428571,0.745427395921057,"mowing","Centre","2022",1.62939613071795
10.6607142857143,4.83736607142857,91.1439393939394,0.862925892857143,43.2678571428571,8.44491071428571,0.745427395921057,"mowing","North","2023",2.08997897208469
10.6607142857143,4.83736607142857,91.1439393939394,0.862925892857143,43.2678571428571,8.44491071428571,0.745427395921057,"mowing","North","2022",1.39794977610332
10.6607142857143,4.83736607142857,91.1439393939394,0.862925892857143,43.2678571428571,8.44491071428571,0.745427395921057,"mowing","South","2023",1.56697041954928
10.6607142857143,4.83736607142857,91.1439393939394,0.862925892857143,43.2678571428571,8.44491071428571,0.745427395921057,"mowing","South","2022",1.9645389795219
10.6607142857143,4.83736607142857,91.9545454545455,0.862925892857143,43.2678571428571,8.44491071428571,0.745427395921057,"mowing","Centre","2023",2.47634462225448
10.6607142857143,4.83736607142857,91.9545454545455,0.862925892857143,43.2678571428571,8.44491071428571,0.745427395921057,"mowing","Centre","2022",1.61330070569144
10.6607142857143,4.83736607142857,91.9545454545455,0.862925892857143,43.2678571428571,8.44491071428571,0.745427395921057,"mowing","North","2023",2.07388354705818
10.6607142857143,4.83736607142857,91.9545454545455,0.862925892857143,43.2678571428571,8.44491071428571,0.745427395921057,"mowing","North","2022",1.38185435107681
10.6607142857143,4.83736607142857,91.9545454545455,0.862925892857143,43.2678571428571,8.44491071428571,0.745427395921057,"mowing","South","2023",1.55087499452277
10.6607142857143,4.83736607142857,91.9545454545455,0.862925892857143,43.2678571428571,8.44491071428571,0.745427395921057,"mowing","South","2022",1.94844355449539
10.6607142857143,4.83736607142857,92.7651515151515,0.862925892857143,43.2678571428571,8.44491071428571,0.745427395921057,"mowing","Centre","2023",2.46024919722797
10.6607142857143,4.83736607142857,92.7651515151515,0.862925892857143,43.2678571428571,8.44491071428571,0.745427395921057,"mowing","Centre","2022",1.59720528066493
10.6607142857143,4.83736607142857,92.7651515151515,0.862925892857143,43.2678571428571,8.44491071428571,0.745427395921057,"mowing","North","2023",2.05778812203167
10.6607142857143,4.83736607142857,92.7651515151515,0.862925892857143,43.2678571428571,8.44491071428571,0.745427395921057,"mowing","North","2022",1.3657589260503
10.6607142857143,4.83736607142857,92.7651515151515,0.862925892857143,43.2678571428571,8.44491071428571,0.745427395921057,"mowing","South","2023",1.53477956949626
10.6607142857143,4.83736607142857,92.7651515151515,0.862925892857143,43.2678571428571,8.44491071428571,0.745427395921057,"mowing","South","2022",1.93234812946888
10.6607142857143,4.83736607142857,93.5757575757576,0.862925892857143,43.2678571428571,8.44491071428571,0.745427395921057,"mowing","Centre","2023",2.44415377220146
10.6607142857143,4.83736607142857,93.5757575757576,0.862925892857143,43.2678571428571,8.44491071428571,0.745427395921057,"mowing","Centre","2022",1.58110985563842
10.6607142857143,4.83736607142857,93.5757575757576,0.862925892857143,43.2678571428571,8.44491071428571,0.745427395921057,"mowing","North","2023",2.04169269700516
10.6607142857143,4.83736607142857,93.5757575757576,0.862925892857143,43.2678571428571,8.44491071428571,0.745427395921057,"mowing","North","2022",1.34966350102379
10.6607142857143,4.83736607142857,93.5757575757576,0.862925892857143,43.2678571428571,8.44491071428571,0.745427395921057,"mowing","South","2023",1.51868414446975
10.6607142857143,4.83736607142857,93.5757575757576,0.862925892857143,43.2678571428571,8.44491071428571,0.745427395921057,"mowing","South","2022",1.91625270444237
10.6607142857143,4.83736607142857,94.3863636363636,0.862925892857143,43.2678571428571,8.44491071428571,0.745427395921057,"mowing","Centre","2023",2.42805834717495
10.6607142857143,4.83736607142857,94.3863636363636,0.862925892857143,43.2678571428571,8.44491071428571,0.745427395921057,"mowing","Centre","2022",1.56501443061191
10.6607142857143,4.83736607142857,94.3863636363636,0.862925892857143,43.2678571428571,8.44491071428571,0.745427395921057,"mowing","North","2023",2.02559727197865
10.6607142857143,4.83736607142857,94.3863636363636,0.862925892857143,43.2678571428571,8.44491071428571,0.745427395921057,"mowing","North","2022",1.33356807599728
10.6607142857143,4.83736607142857,94.3863636363636,0.862925892857143,43.2678571428571,8.44491071428571,0.745427395921057,"mowing","South","2023",1.50258871944324
10.6607142857143,4.83736607142857,94.3863636363636,0.862925892857143,43.2678571428571,8.44491071428571,0.745427395921057,"mowing","South","2022",1.90015727941586
10.6607142857143,4.83736607142857,95.1969696969697,0.862925892857143,43.2678571428571,8.44491071428571,0.745427395921057,"mowing","Centre","2023",2.41196292214845
10.6607142857143,4.83736607142857,95.1969696969697,0.862925892857143,43.2678571428571,8.44491071428571,0.745427395921057,"mowing","Centre","2022",1.5489190055854
10.6607142857143,4.83736607142857,95.1969696969697,0.862925892857143,43.2678571428571,8.44491071428571,0.745427395921057,"mowing","North","2023",2.00950184695214
10.6607142857143,4.83736607142857,95.1969696969697,0.862925892857143,43.2678571428571,8.44491071428571,0.745427395921057,"mowing","North","2022",1.31747265097077
10.6607142857143,4.83736607142857,95.1969696969697,0.862925892857143,43.2678571428571,8.44491071428571,0.745427395921057,"mowing","South","2023",1.48649329441673
10.6607142857143,4.83736607142857,95.1969696969697,0.862925892857143,43.2678571428571,8.44491071428571,0.745427395921057,"mowing","South","2022",1.88406185438935
10.6607142857143,4.83736607142857,96.0075757575758,0.862925892857143,43.2678571428571,8.44491071428571,0.745427395921057,"mowing","Centre","2023",2.39586749712194
10.6607142857143,4.83736607142857,96.0075757575758,0.862925892857143,43.2678571428571,8.44491071428571,0.745427395921057,"mowing","Centre","2022",1.53282358055889
10.6607142857143,4.83736607142857,96.0075757575758,0.862925892857143,43.2678571428571,8.44491071428571,0.745427395921057,"mowing","North","2023",1.99340642192563
10.6607142857143,4.83736607142857,96.0075757575758,0.862925892857143,43.2678571428571,8.44491071428571,0.745427395921057,"mowing","North","2022",1.30137722594426
10.6607142857143,4.83736607142857,96.0075757575758,0.862925892857143,43.2678571428571,8.44491071428571,0.745427395921057,"mowing","South","2023",1.47039786939022
10.6607142857143,4.83736607142857,96.0075757575758,0.862925892857143,43.2678571428571,8.44491071428571,0.745427395921057,"mowing","South","2022",1.86796642936284
10.6607142857143,4.83736607142857,96.8181818181818,0.862925892857143,43.2678571428571,8.44491071428571,0.745427395921057,"mowing","Centre","2023",2.37977207209543
10.6607142857143,4.83736607142857,96.8181818181818,0.862925892857143,43.2678571428571,8.44491071428571,0.745427395921057,"mowing","Centre","2022",1.51672815553238
10.6607142857143,4.83736607142857,96.8181818181818,0.862925892857143,43.2678571428571,8.44491071428571,0.745427395921057,"mowing","North","2023",1.97731099689912
10.6607142857143,4.83736607142857,96.8181818181818,0.862925892857143,43.2678571428571,8.44491071428571,0.745427395921057,"mowing","North","2022",1.28528180091775
10.6607142857143,4.83736607142857,96.8181818181818,0.862925892857143,43.2678571428571,8.44491071428571,0.745427395921057,"mowing","South","2023",1.45430244436371
10.6607142857143,4.83736607142857,96.8181818181818,0.862925892857143,43.2678571428571,8.44491071428571,0.745427395921057,"mowing","South","2022",1.85187100433633
10.6607142857143,4.83736607142857,97.6287878787879,0.862925892857143,43.2678571428571,8.44491071428571,0.745427395921057,"mowing","Centre","2023",2.36367664706892
10.6607142857143,4.83736607142857,97.6287878787879,0.862925892857143,43.2678571428571,8.44491071428571,0.745427395921057,"mowing","Centre","2022",1.50063273050587
10.6607142857143,4.83736607142857,97.6287878787879,0.862925892857143,43.2678571428571,8.44491071428571,0.745427395921057,"mowing","North","2023",1.96121557187261
10.6607142857143,4.83736607142857,97.6287878787879,0.862925892857143,43.2678571428571,8.44491071428571,0.745427395921057,"mowing","North","2022",1.26918637589125
10.6607142857143,4.83736607142857,97.6287878787879,0.862925892857143,43.2678571428571,8.44491071428571,0.745427395921057,"mowing","South","2023",1.4382070193372
10.6607142857143,4.83736607142857,97.6287878787879,0.862925892857143,43.2678571428571,8.44491071428571,0.745427395921057,"mowing","South","2022",1.83577557930982
10.6607142857143,4.83736607142857,98.4393939393939,0.862925892857143,43.2678571428571,8.44491071428571,0.745427395921057,"mowing","Centre","2023",2.34758122204241
10.6607142857143,4.83736607142857,98.4393939393939,0.862925892857143,43.2678571428571,8.44491071428571,0.745427395921057,"mowing","Centre","2022",1.48453730547937
10.6607142857143,4.83736607142857,98.4393939393939,0.862925892857143,43.2678571428571,8.44491071428571,0.745427395921057,"mowing","North","2023",1.9451201468461
10.6607142857143,4.83736607142857,98.4393939393939,0.862925892857143,43.2678571428571,8.44491071428571,0.745427395921057,"mowing","North","2022",1.25309095086474
10.6607142857143,4.83736607142857,98.4393939393939,0.862925892857143,43.2678571428571,8.44491071428571,0.745427395921057,"mowing","South","2023",1.42211159431069
10.6607142857143,4.83736607142857,98.4393939393939,0.862925892857143,43.2678571428571,8.44491071428571,0.745427395921057,"mowing","South","2022",1.81968015428331
10.6607142857143,4.83736607142857,99.25,0.862925892857143,43.2678571428571,8.44491071428571,0.745427395921057,"mowing","Centre","2023",2.3314857970159
10.6607142857143,4.83736607142857,99.25,0.862925892857143,43.2678571428571,8.44491071428571,0.745427395921057,"mowing","Centre","2022",1.46844188045286
10.6607142857143,4.83736607142857,99.25,0.862925892857143,43.2678571428571,8.44491071428571,0.745427395921057,"mowing","North","2023",1.92902472181959
10.6607142857143,4.83736607142857,99.25,0.862925892857143,43.2678571428571,8.44491071428571,0.745427395921057,"mowing","North","2022",1.23699552583823
10.6607142857143,4.83736607142857,99.25,0.862925892857143,43.2678571428571,8.44491071428571,0.745427395921057,"mowing","South","2023",1.40601616928418
10.6607142857143,4.83736607142857,99.25,0.862925892857143,43.2678571428571,8.44491071428571,0.745427395921057,"mowing","South","2022",1.8035847292568
