"rest.age","site.cwm.pres.oek.f","plant.target.richness","veg.heterogeneity","perm.grassland.r300","lk.grassland.per.min","lc.shannon.div.r300","field.size.avg.r300","region","butterfly.abu"
10.6607142857143,4.83736607142857,43.2678571428571,8.44491071428571,0,2.70696428571429,1.25862857142857,6.46863392857143,"Centre",75.7612923243487
10.6607142857143,4.83736607142857,43.2678571428571,8.44491071428571,0,2.70696428571429,1.25862857142857,6.46863392857143,"North",38.1718336967787
10.6607142857143,4.83736607142857,43.2678571428571,8.44491071428571,0,2.70696428571429,1.25862857142857,6.46863392857143,"South",65.4230164495221
10.6607142857143,4.83736607142857,43.2678571428571,8.44491071428571,0.940808080808081,2.70696428571429,1.25862857142857,6.46863392857143,"Centre",76.2632992430034
10.6607142857143,4.83736607142857,43.2678571428571,8.44491071428571,0.940808080808081,2.70696428571429,1.25862857142857,6.46863392857143,"North",38.4247666131218
10.6607142857143,4.83736607142857,43.2678571428571,8.44491071428571,0.940808080808081,2.70696428571429,1.25862857142857,6.46863392857143,"South",65.8565202334374
10.6607142857143,4.83736607142857,43.2678571428571,8.44491071428571,1.88161616161616,2.70696428571429,1.25862857142857,6.46863392857143,"Centre",76.7686325429623
10.6607142857143,4.83736607142857,43.2678571428571,8.44491071428571,1.88161616161616,2.70696428571429,1.25862857142857,6.46863392857143,"North",38.67937550502
10.6607142857143,4.83736607142857,43.2678571428571,8.44491071428571,1.88161616161616,2.70696428571429,1.25862857142857,6.46863392857143,"South",66.2928964854972
10.6607142857143,4.83736607142857,43.2678571428571,8.44491071428571,2.82242424242424,2.70696428571429,1.25862857142857,6.46863392857143,"Centre",77.2773142653812
10.6607142857143,4.83736607142857,43.2678571428571,8.44491071428571,2.82242424242424,2.70696428571429,1.25862857142857,6.46863392857143,"North",38.935671477766
10.6607142857143,4.83736607142857,43.2678571428571,8.44491071428571,2.82242424242424,2.70696428571429,1.25862857142857,6.46863392857143,"South",66.732164239153
10.6607142857143,4.83736607142857,43.2678571428571,8.44491071428571,3.76323232323232,2.70696428571429,1.25862857142857,6.46863392857143,"Centre",77.7893665974638
10.6607142857143,4.83736607142857,43.2678571428571,8.44491071428571,3.76323232323232,2.70696428571429,1.25862857142857,6.46863392857143,"North",39.193665710238
10.6607142857143,4.83736607142857,43.2678571428571,8.44491071428571,3.76323232323232,2.70696428571429,1.25862857142857,6.46863392857143,"South",67.1743426539751
10.6607142857143,4.83736607142857,43.2678571428571,8.44491071428571,4.7040404040404,2.70696428571429,1.25862857142857,6.46863392857143,"Centre",78.3048118734301
10.6607142857143,4.83736607142857,43.2678571428571,8.44491071428571,4.7040404040404,2.70696428571429,1.25862857142857,6.46863392857143,"North",39.4533694553872
10.6607142857143,4.83736607142857,43.2678571428571,8.44491071428571,4.7040404040404,2.70696428571429,1.25862857142857,6.46863392857143,"South",67.6194510164883
10.6607142857143,4.83736607142857,43.2678571428571,8.44491071428571,5.64484848484848,2.70696428571429,1.25862857142857,6.46863392857143,"Centre",78.8236725754905
10.6607142857143,4.83736607142857,43.2678571428571,8.44491071428571,5.64484848484848,2.70696428571429,1.25862857142857,6.46863392857143,"North",39.7147940407289
10.6607142857143,4.83736607142857,43.2678571428571,8.44491071428571,5.64484848484848,2.70696428571429,1.25862857142857,6.46863392857143,"South",68.0675087410132
10.6607142857143,4.83736607142857,43.2678571428571,8.44491071428571,6.58565656565657,2.70696428571429,1.25862857142857,6.46863392857143,"Centre",79.345971334826
10.6607142857143,4.83736607142857,43.2678571428571,8.44491071428571,6.58565656565657,2.70696428571429,1.25862857142857,6.46863392857143,"North",39.9779508688362
10.6607142857143,4.83736607142857,43.2678571428571,8.44491071428571,6.58565656565657,2.70696428571429,1.25862857142857,6.46863392857143,"South",68.5185353705126
10.6607142857143,4.83736607142857,43.2678571428571,8.44491071428571,7.52646464646465,2.70696428571429,1.25862857142857,6.46863392857143,"Centre",79.8717309325759
10.6607142857143,4.83736607142857,43.2678571428571,8.44491071428571,7.52646464646465,2.70696428571429,1.25862857142857,6.46863392857143,"North",40.2428514178379
10.6607142857143,4.83736607142857,43.2678571428571,8.44491071428571,7.52646464646465,2.70696428571429,1.25862857142857,6.46863392857143,"South",68.9725505774447
10.6607142857143,4.83736607142857,43.2678571428571,8.44491071428571,8.46727272727273,2.70696428571429,1.25862857142857,6.46863392857143,"Centre",80.4009743008307
10.6607142857143,4.83736607142857,43.2678571428571,8.44491071428571,8.46727272727273,2.70696428571429,1.25862857142857,6.46863392857143,"North",40.5095072419183
10.6607142857143,4.83736607142857,43.2678571428571,8.44491071428571,8.46727272727273,2.70696428571429,1.25862857142857,6.46863392857143,"South",69.4295741646203
10.6607142857143,4.83736607142857,43.2678571428571,8.44491071428571,9.40808080808081,2.70696428571429,1.25862857142857,6.46863392857143,"Centre",80.9337245236331
10.6607142857143,4.83736607142857,43.2678571428571,8.44491071428571,9.40808080808081,2.70696428571429,1.25862857142857,6.46863392857143,"North",40.777929971822
10.6607142857143,4.83736607142857,43.2678571428571,8.44491071428571,9.40808080808081,2.70696428571429,1.25862857142857,6.46863392857143,"South",69.8896260660672
10.6607142857143,4.83736607142857,43.2678571428571,8.44491071428571,10.3488888888889,2.70696428571429,1.25862857142857,6.46863392857143,"Centre",81.4700048379842
10.6607142857143,4.83736607142857,43.2678571428571,8.44491071428571,10.3488888888889,2.70696428571429,1.25862857142857,6.46863392857143,"North",41.0481313153607
10.6607142857143,4.83736607142857,43.2678571428571,8.44491071428571,10.3488888888889,2.70696428571429,1.25862857142857,6.46863392857143,"South",70.352726347899
10.6607142857143,4.83736607142857,43.2678571428571,8.44491071428571,11.289696969697,2.70696428571429,1.25862857142857,6.46863392857143,"Centre",82.0098386348578
10.6607142857143,4.83736607142857,43.2678571428571,8.44491071428571,11.289696969697,2.70696428571429,1.25862857142857,6.46863392857143,"North",41.3201230579241
10.6607142857143,4.83736607142857,43.2678571428571,8.44491071428571,11.289696969697,2.70696428571429,1.25862857142857,6.46863392857143,"South",70.8188952091912
10.6607142857143,4.83736607142857,43.2678571428571,8.44491071428571,12.230505050505,2.70696428571429,1.25862857142857,6.46863392857143,"Centre",82.5532494602196
10.6607142857143,4.83736607142857,43.2678571428571,8.44491071428571,12.230505050505,2.70696428571429,1.25862857142857,6.46863392857143,"North",41.5939170629938
10.6607142857143,4.83736607142857,43.2678571428571,8.44491071428571,12.230505050505,2.70696428571429,1.25862857142857,6.46863392857143,"South",71.2881529828613
10.6607142857143,4.83736607142857,43.2678571428571,8.44491071428571,13.1713131313131,2.70696428571429,1.25862857142857,6.46863392857143,"Centre",83.1002610160552
10.6607142857143,4.83736607142857,43.2678571428571,8.44491071428571,13.1713131313131,2.70696428571429,1.25862857142857,6.46863392857143,"North",41.8695252726608
10.6607142857143,4.83736607142857,43.2678571428571,8.44491071428571,13.1713131313131,2.70696428571429,1.25862857142857,6.46863392857143,"South",71.7605201365563
10.6607142857143,4.83736607142857,43.2678571428571,8.44491071428571,14.1121212121212,2.70696428571429,1.25862857142857,6.46863392857143,"Centre",83.6508971614033
10.6607142857143,4.83736607142857,43.2678571428571,8.44491071428571,14.1121212121212,2.70696428571429,1.25862857142857,6.46863392857143,"North",42.1469597081464
10.6607142857143,4.83736607142857,43.2678571428571,8.44491071428571,14.1121212121212,2.70696428571429,1.25862857142857,6.46863392857143,"South",72.2360172735453
10.6607142857143,4.83736607142857,43.2678571428571,8.44491071428571,15.0529292929293,2.70696428571429,1.25862857142857,6.46863392857143,"Centre",84.2051819133965
10.6607142857143,4.83736607142857,43.2678571428571,8.44491071428571,15.0529292929293,2.70696428571429,1.25862857142857,6.46863392857143,"North",42.4262324703264
10.6607142857143,4.83736607142857,43.2678571428571,8.44491071428571,15.0529292929293,2.70696428571429,1.25862857142857,6.46863392857143,"South",72.7146651336178
10.6607142857143,4.83736607142857,43.2678571428571,8.44491071428571,15.9937373737374,2.70696428571429,1.25862857142857,6.46863392857143,"Centre",84.7631394483093
10.6607142857143,4.83736607142857,43.2678571428571,8.44491071428571,15.9937373737374,2.70696428571429,1.25862857142857,6.46863392857143,"North",42.7073557402592
10.6607142857143,4.83736607142857,43.2678571428571,8.44491071428571,15.9937373737374,2.70696428571429,1.25862857142857,6.46863392857143,"South",73.1964845939889
10.6607142857143,4.83736607142857,43.2678571428571,8.44491071428571,16.9345454545455,2.70696428571429,1.25862857142857,6.46863392857143,"Centre",85.3247941026118
10.6607142857143,4.83736607142857,43.2678571428571,8.44491071428571,16.9345454545455,2.70696428571429,1.25862857142857,6.46863392857143,"North",42.9903417797168
10.6607142857143,4.83736607142857,43.2678571428571,8.44491071428571,16.9345454545455,2.70696428571429,1.25862857142857,6.46863392857143,"South",73.6814966702094
10.6607142857143,4.83736607142857,43.2678571428571,8.44491071428571,17.8753535353535,2.70696428571429,1.25862857142857,6.46863392857143,"Centre",85.8901703740318
10.6607142857143,4.83736607142857,43.2678571428571,8.44491071428571,17.8753535353535,2.70696428571429,1.25862857142857,6.46863392857143,"North",43.2752029317198
10.6607142857143,4.83736607142857,43.2678571428571,8.44491071428571,17.8753535353535,2.70696428571429,1.25862857142857,6.46863392857143,"South",74.1697225170828
10.6607142857143,4.83736607142857,43.2678571428571,8.44491071428571,18.8161616161616,2.70696428571429,1.25862857142857,6.46863392857143,"Centre",86.4592929226229
10.6607142857143,4.83736607142857,43.2678571428571,8.44491071428571,18.8161616161616,2.70696428571429,1.25862857142857,6.46863392857143,"North",43.5619516210755
10.6607142857143,4.83736607142857,43.2678571428571,8.44491071428571,18.8161616161616,2.70696428571429,1.25862857142857,6.46863392857143,"South",74.6611834295876
10.6607142857143,4.83736607142857,43.2678571428571,8.44491071428571,19.7569696969697,2.70696428571429,1.25862857142857,6.46863392857143,"Centre",87.0321865718406
10.6607142857143,4.83736607142857,43.2678571428571,8.44491071428571,19.7569696969697,2.70696428571429,1.25862857142857,6.46863392857143,"North",43.8506003549205
10.6607142857143,4.83736607142857,43.2678571428571,8.44491071428571,19.7569696969697,2.70696428571429,1.25862857142857,6.46863392857143,"South",75.1559008438067
10.6607142857143,4.83736607142857,43.2678571428571,8.44491071428571,20.6977777777778,2.70696428571429,1.25862857142857,6.46863392857143,"Centre",87.6088763096246
10.6607142857143,4.83736607142857,43.2678571428571,8.44491071428571,20.6977777777778,2.70696428571429,1.25862857142857,6.46863392857143,"North",44.1411617232652
10.6607142857143,4.83736607142857,43.2678571428571,8.44491071428571,20.6977777777778,2.70696428571429,1.25862857142857,6.46863392857143,"South",75.6538963378618
10.6607142857143,4.83736607142857,43.2678571428571,8.44491071428571,21.6385858585859,2.70696428571429,1.25862857142857,6.46863392857143,"Centre",88.1893872894889
10.6607142857143,4.83736607142857,43.2678571428571,8.44491071428571,21.6385858585859,2.70696428571429,1.25862857142857,6.46863392857143,"North",44.433648399544
10.6607142857143,4.83736607142857,43.2678571428571,8.44491071428571,21.6385858585859,2.70696428571429,1.25862857142857,6.46863392857143,"South",76.1551916328548
10.6607142857143,4.83736607142857,43.2678571428571,8.44491071428571,22.5793939393939,2.70696428571429,1.25862857142857,6.46863392857143,"Centre",88.7737448316188
10.6607142857143,4.83736607142857,43.2678571428571,8.44491071428571,22.5793939393939,2.70696428571429,1.25862857142857,6.46863392857143,"North",44.7280731411673
10.6607142857143,4.83736607142857,43.2678571428571,8.44491071428571,22.5793939393939,2.70696428571429,1.25862857142857,6.46863392857143,"South",76.6598085938155
10.6607142857143,4.83736607142857,43.2678571428571,8.44491071428571,23.520202020202,2.70696428571429,1.25862857142857,6.46863392857143,"Centre",89.3619744239754
10.6607142857143,4.83736607142857,43.2678571428571,8.44491071428571,23.520202020202,2.70696428571429,1.25862857142857,6.46863392857143,"North",45.0244487900782
10.6607142857143,4.83736607142857,43.2678571428571,8.44491071428571,23.520202020202,2.70696428571429,1.25862857142857,6.46863392857143,"South",77.1677692306547
10.6607142857143,4.83736607142857,43.2678571428571,8.44491071428571,24.4610101010101,2.70696428571429,1.25862857142857,6.46863392857143,"Centre",89.9541017234071
10.6607142857143,4.83736607142857,43.2678571428571,8.44491071428571,24.4610101010101,2.70696428571429,1.25862857142857,6.46863392857143,"North",45.3227882733128
10.6607142857143,4.83736607142857,43.2678571428571,8.44491071428571,24.4610101010101,2.70696428571429,1.25862857142857,6.46863392857143,"South",77.6790956991248
10.6607142857143,4.83736607142857,43.2678571428571,8.44491071428571,25.4018181818182,2.70696428571429,1.25862857142857,6.46863392857143,"Centre",90.5501525567692
10.6607142857143,4.83736607142857,43.2678571428571,8.44491071428571,25.4018181818182,2.70696428571429,1.25862857142857,6.46863392857143,"North",45.6231046035638
10.6607142857143,4.83736607142857,43.2678571428571,8.44491071428571,25.4018181818182,2.70696428571429,1.25862857142857,6.46863392857143,"South",78.1938103017856
10.6607142857143,4.83736607142857,43.2678571428571,8.44491071428571,26.3426262626263,2.70696428571429,1.25862857142857,6.46863392857143,"Centre",91.1501529220497
10.6607142857143,4.83736607142857,43.2678571428571,8.44491071428571,26.3426262626263,2.70696428571429,1.25862857142857,6.46863392857143,"North",45.9254108797483
10.6607142857143,4.83736607142857,43.2678571428571,8.44491071428571,26.3426262626263,2.70696428571429,1.25862857142857,6.46863392857143,"South",78.7119354889777
10.6607142857143,4.83736607142857,43.2678571428571,8.44491071428571,27.2834343434343,2.70696428571429,1.25862857142857,6.46863392857143,"Centre",91.7541289895038
10.6607142857143,4.83736607142857,43.2678571428571,8.44491071428571,27.2834343434343,2.70696428571429,1.25862857142857,6.46863392857143,"North",46.2297202875787
10.6607142857143,4.83736607142857,43.2678571428571,8.44491071428571,27.2834343434343,2.70696428571429,1.25862857142857,6.46863392857143,"South",79.2334938598011
10.6607142857143,4.83736607142857,43.2678571428571,8.44491071428571,28.2242424242424,2.70696428571429,1.25862857142857,6.46863392857143,"Centre",92.3621071027951
10.6607142857143,4.83736607142857,43.2678571428571,8.44491071428571,28.2242424242424,2.70696428571429,1.25862857142857,6.46863392857143,"North",46.5360461001385
10.6607142857143,4.83736607142857,43.2678571428571,8.44491071428571,28.2242424242424,2.70696428571429,1.25862857142857,6.46863392857143,"South",79.7585081631015
10.6607142857143,4.83736607142857,43.2678571428571,8.44491071428571,29.1650505050505,2.70696428571429,1.25862857142857,6.46863392857143,"Centre",92.9741137801445
10.6607142857143,4.83736607142857,43.2678571428571,8.44491071428571,29.1650505050505,2.70696428571429,1.25862857142857,6.46863392857143,"North",46.8444016784605
10.6607142857143,4.83736607142857,43.2678571428571,8.44491071428571,29.1650505050505,2.70696428571429,1.25862857142857,6.46863392857143,"South",80.2870012984618
10.6607142857143,4.83736607142857,43.2678571428571,8.44491071428571,30.1058585858586,2.70696428571429,1.25862857142857,6.46863392857143,"Centre",93.5901757154874
10.6607142857143,4.83736607142857,43.2678571428571,8.44491071428571,30.1058585858586,2.70696428571429,1.25862857142857,6.46863392857143,"North",47.1548004721103
10.6607142857143,4.83736607142857,43.2678571428571,8.44491071428571,30.1058585858586,2.70696428571429,1.25862857142857,6.46863392857143,"South",80.818996317202
10.6607142857143,4.83736607142857,43.2678571428571,8.44491071428571,31.0466666666667,2.70696428571429,1.25862857142857,6.46863392857143,"Centre",94.2103197796375
10.6607142857143,4.83736607142857,43.2678571428571,8.44491071428571,31.0466666666667,2.70696428571429,1.25862857142857,6.46863392857143,"North",47.4672560197722
10.6607142857143,4.83736607142857,43.2678571428571,8.44491071428571,31.0466666666667,2.70696428571429,1.25862857142857,6.46863392857143,"South",81.3545164233832
10.6607142857143,4.83736607142857,43.2678571428571,8.44491071428571,31.9874747474747,2.70696428571429,1.25862857142857,6.46863392857143,"Centre",94.8345730214588
10.6607142857143,4.83736607142857,43.2678571428571,8.44491071428571,31.9874747474747,2.70696428571429,1.25862857142857,6.46863392857143,"North",47.7817819498404
10.6607142857143,4.83736607142857,43.2678571428571,8.44491071428571,31.9874747474747,2.70696428571429,1.25862857142857,6.46863392857143,"South",81.893584974821
10.6607142857143,4.83736607142857,43.2678571428571,8.44491071428571,32.9282828282828,2.70696428571429,1.25862857142857,6.46863392857143,"Centre",95.4629626690458
10.6607142857143,4.83736607142857,43.2678571428571,8.44491071428571,32.9282828282828,2.70696428571429,1.25862857142857,6.46863392857143,"North",48.0983919810127
10.6607142857143,4.83736607142857,43.2678571428571,8.44491071428571,32.9282828282828,2.70696428571429,1.25862857142857,6.46863392857143,"South",82.4362254841036
10.6607142857143,4.83736607142857,43.2678571428571,8.44491071428571,33.8690909090909,2.70696428571429,1.25862857142857,6.46863392857143,"Centre",96.0955161309108
10.6607142857143,4.83736607142857,43.2678571428571,8.44491071428571,33.8690909090909,2.70696428571429,1.25862857142857,6.46863392857143,"North",48.4170999228897
10.6607142857143,4.83736607142857,43.2678571428571,8.44491071428571,33.8690909090909,2.70696428571429,1.25862857142857,6.46863392857143,"South",82.9824616196176
10.6607142857143,4.83736607142857,43.2678571428571,8.44491071428571,34.809898989899,2.70696428571429,1.25862857142857,6.46863392857143,"Centre",96.7322609971795
10.6607142857143,4.83736607142857,43.2678571428571,8.44491071428571,34.809898989899,2.70696428571429,1.25862857142857,6.46863392857143,"North",48.7379196765764
10.6607142857143,4.83736607142857,43.2678571428571,8.44491071428571,34.809898989899,2.70696428571429,1.25862857142857,6.46863392857143,"South",83.5323172065801
10.6607142857143,4.83736607142857,43.2678571428571,8.44491071428571,35.7507070707071,2.70696428571429,1.25862857142857,6.46863392857143,"Centre",97.3732250407942
10.6607142857143,4.83736607142857,43.2678571428571,8.44491071428571,35.7507070707071,2.70696428571429,1.25862857142857,6.46863392857143,"North",49.060865235289
10.6607142857143,4.83736607142857,43.2678571428571,8.44491071428571,35.7507070707071,2.70696428571429,1.25862857142857,6.46863392857143,"South",84.0858162280782
10.6607142857143,4.83736607142857,43.2678571428571,8.44491071428571,36.6915151515151,2.70696428571429,1.25862857142857,6.46863392857143,"Centre",98.0184362187256
10.6607142857143,4.83736607142857,43.2678571428571,8.44491071428571,36.6915151515151,2.70696428571429,1.25862857142857,6.46863392857143,"North",49.3859506849651
10.6607142857143,4.83736607142857,43.2678571428571,8.44491071428571,36.6915151515151,2.70696428571429,1.25862857142857,6.46863392857143,"South",84.6429828261149
10.6607142857143,4.83736607142857,43.2678571428571,8.44491071428571,37.6323232323232,2.70696428571429,1.25862857142857,6.46863392857143,"Centre",98.6679226731916
10.6607142857143,4.83736607142857,43.2678571428571,8.44491071428571,37.6323232323232,2.70696428571429,1.25862857142857,6.46863392857143,"North",49.7131902048778
10.6607142857143,4.83736607142857,43.2678571428571,8.44491071428571,37.6323232323232,2.70696428571429,1.25862857142857,6.46863392857143,"South",85.203841302662
10.6607142857143,4.83736607142857,43.2678571428571,8.44491071428571,38.5731313131313,2.70696428571429,1.25862857142857,6.46863392857143,"Centre",99.3217127328856
10.6607142857143,4.83736607142857,43.2678571428571,8.44491071428571,38.5731313131313,2.70696428571429,1.25862857142857,6.46863392857143,"North",50.0425980682548
10.6607142857143,4.83736607142857,43.2678571428571,8.44491071428571,38.5731313131313,2.70696428571429,1.25862857142857,6.46863392857143,"South",85.7684161207205
10.6607142857143,4.83736607142857,43.2678571428571,8.44491071428571,39.5139393939394,2.70696428571429,1.25862857142857,6.46863392857143,"Centre",99.9798349142111
10.6607142857143,4.83736607142857,43.2678571428571,8.44491071428571,39.5139393939394,2.70696428571429,1.25862857142857,6.46863392857143,"North",50.3741886429003
10.6607142857143,4.83736607142857,43.2678571428571,8.44491071428571,39.5139393939394,2.70696428571429,1.25862857142857,6.46863392857143,"South",86.3367319053868
10.6607142857143,4.83736607142857,43.2678571428571,8.44491071428571,40.4547474747475,2.70696428571429,1.25862857142857,6.46863392857143,"Centre",100.642317922526
10.6607142857143,4.83736607142857,43.2678571428571,8.44491071428571,40.4547474747475,2.70696428571429,1.25862857142857,6.46863392857143,"North",50.7079763918221
10.6607142857143,4.83736607142857,43.2678571428571,8.44491071428571,40.4547474747475,2.70696428571429,1.25862857142857,6.46863392857143,"South",86.908813444928
10.6607142857143,4.83736607142857,43.2678571428571,8.44491071428571,41.3955555555556,2.70696428571429,1.25862857142857,6.46863392857143,"Centre",101.309190653396
10.6607142857143,4.83736607142857,43.2678571428571,8.44491071428571,41.3955555555556,2.70696428571429,1.25862857142857,6.46863392857143,"North",51.0439758738623
10.6607142857143,4.83736607142857,43.2678571428571,8.44491071428571,41.3955555555556,2.70696428571429,1.25862857142857,6.46863392857143,"South",87.4846856918617
10.6607142857143,4.83736607142857,43.2678571428571,8.44491071428571,42.3363636363636,2.70696428571429,1.25862857142857,6.46863392857143,"Centre",101.980482193851
10.6607142857143,4.83736607142857,43.2678571428571,8.44491071428571,42.3363636363636,2.70696428571429,1.25862857142857,6.46863392857143,"North",51.3822017443321
10.6607142857143,4.83736607142857,43.2678571428571,8.44491071428571,42.3363636363636,2.70696428571429,1.25862857142857,6.46863392857143,"South",88.0643737640453
10.6607142857143,4.83736607142857,43.2678571428571,8.44491071428571,43.2771717171717,2.70696428571429,1.25862857142857,6.46863392857143,"Centre",102.65622182366
10.6607142857143,4.83736607142857,43.2678571428571,8.44491071428571,43.2771717171717,2.70696428571429,1.25862857142857,6.46863392857143,"North",51.7226687556515
10.6607142857143,4.83736607142857,43.2678571428571,8.44491071428571,43.2771717171717,2.70696428571429,1.25862857142857,6.46863392857143,"South",88.6479029457714
10.6607142857143,4.83736607142857,43.2678571428571,8.44491071428571,44.2179797979798,2.70696428571429,1.25862857142857,6.46863392857143,"Centre",103.3364390166
10.6607142857143,4.83736607142857,43.2678571428571,8.44491071428571,44.2179797979798,2.70696428571429,1.25862857142857,6.46863392857143,"North",52.0653917579923
10.6607142857143,4.83736607142857,43.2678571428571,8.44491071428571,44.2179797979798,2.70696428571429,1.25862857142857,6.46863392857143,"South",89.2352986888705
10.6607142857143,4.83736607142857,43.2678571428571,8.44491071428571,45.1587878787879,2.70696428571429,1.25862857142857,6.46863392857143,"Centre",104.021163441751
10.6607142857143,4.83736607142857,43.2678571428571,8.44491071428571,45.1587878787879,2.70696428571429,1.25862857142857,6.46863392857143,"North",52.4103856999261
10.6607142857143,4.83736607142857,43.2678571428571,8.44491071428571,45.1587878787879,2.70696428571429,1.25862857142857,6.46863392857143,"South",89.8265866138209
10.6607142857143,4.83736607142857,43.2678571428571,8.44491071428571,46.099595959596,2.70696428571429,1.25862857142857,6.46863392857143,"Centre",104.710424964782
10.6607142857143,4.83736607142857,43.2678571428571,8.44491071428571,46.099595959596,2.70696428571429,1.25862857142857,6.46863392857143,"North",52.7576656290762
10.6607142857143,4.83736607142857,43.2678571428571,8.44491071428571,46.099595959596,2.70696428571429,1.25862857142857,6.46863392857143,"South",90.4217925108668
10.6607142857143,4.83736607142857,43.2678571428571,8.44491071428571,47.040404040404,2.70696428571429,1.25862857142857,6.46863392857143,"Centre",105.404253649258
10.6607142857143,4.83736607142857,43.2678571428571,8.44491071428571,47.040404040404,2.70696428571429,1.25862857142857,6.46863392857143,"North",53.107246692774
10.6607142857143,4.83736607142857,43.2678571428571,8.44491071428571,47.040404040404,2.70696428571429,1.25862857142857,6.46863392857143,"South",91.0209423411427
10.6607142857143,4.83736607142857,43.2678571428571,8.44491071428571,47.9812121212121,2.70696428571429,1.25862857142857,6.46863392857143,"Centre",106.10267975795
10.6607142857143,4.83736607142857,43.2678571428571,8.44491071428571,47.9812121212121,2.70696428571429,1.25862857142857,6.46863392857143,"North",53.4591441387196
10.6607142857143,4.83736607142857,43.2678571428571,8.44491071428571,47.9812121212121,2.70696428571429,1.25862857142857,6.46863392857143,"South",91.6240622378057
10.6607142857143,4.83736607142857,43.2678571428571,8.44491071428571,48.9220202020202,2.70696428571429,1.25862857142857,6.46863392857143,"Centre",106.805733754155
10.6607142857143,4.83736607142857,43.2678571428571,8.44491071428571,48.9220202020202,2.70696428571429,1.25862857142857,6.46863392857143,"North",53.8133733156468
10.6607142857143,4.83736607142857,43.2678571428571,8.44491071428571,48.9220202020202,2.70696428571429,1.25862857142857,6.46863392857143,"South",92.2311785071759
10.6607142857143,4.83736607142857,43.2678571428571,8.44491071428571,49.8628282828283,2.70696428571429,1.25862857142857,6.46863392857143,"Centre",107.513446303025
10.6607142857143,4.83736607142857,43.2678571428571,8.44491071428571,49.8628282828283,2.70696428571429,1.25862857142857,6.46863392857143,"North",54.1699496739928
10.6607142857143,4.83736607142857,43.2678571428571,8.44491071428571,49.8628282828283,2.70696428571429,1.25862857142857,6.46863392857143,"South",92.8423176298833
10.6607142857143,4.83736607142857,43.2678571428571,8.44491071428571,50.8036363636364,2.70696428571429,1.25862857142857,6.46863392857143,"Centre",108.225848272905
10.6607142857143,4.83736607142857,43.2678571428571,8.44491071428571,50.8036363636364,2.70696428571429,1.25862857142857,6.46863392857143,"North",54.5288887665718
10.6607142857143,4.83736607142857,43.2678571428571,8.44491071428571,50.8036363636364,2.70696428571429,1.25862857142857,6.46863392857143,"South",93.4575062620227
10.6607142857143,4.83736607142857,43.2678571428571,8.44491071428571,51.7444444444444,2.70696428571429,1.25862857142857,6.46863392857143,"Centre",108.942970736678
10.6607142857143,4.83736607142857,43.2678571428571,8.44491071428571,51.7444444444444,2.70696428571429,1.25862857142857,6.46863392857143,"North",54.8902062492538
10.6607142857143,4.83736607142857,43.2678571428571,8.44491071428571,51.7444444444444,2.70696428571429,1.25862857142857,6.46863392857143,"South",94.0767712363172
10.6607142857143,4.83736607142857,43.2678571428571,8.44491071428571,52.6852525252525,2.70696428571429,1.25862857142857,6.46863392857143,"Centre",109.664844973122
10.6607142857143,4.83736607142857,43.2678571428571,8.44491071428571,52.6852525252525,2.70696428571429,1.25862857142857,6.46863392857143,"North",55.253917881647
10.6607142857143,4.83736607142857,43.2678571428571,8.44491071428571,52.6852525252525,2.70696428571429,1.25862857142857,6.46863392857143,"South",94.7001395632872
10.6607142857143,4.83736607142857,43.2678571428571,8.44491071428571,53.6260606060606,2.70696428571429,1.25862857142857,6.46863392857143,"Centre",110.391502468271
10.6607142857143,4.83736607142857,43.2678571428571,8.44491071428571,53.6260606060606,2.70696428571429,1.25862857142857,6.46863392857143,"North",55.6200395277854
10.6607142857143,4.83736607142857,43.2678571428571,8.44491071428571,53.6260606060606,2.70696428571429,1.25862857142857,6.46863392857143,"South",95.3276384324302
10.6607142857143,4.83736607142857,43.2678571428571,8.44491071428571,54.5668686868687,2.70696428571429,1.25862857142857,6.46863392857143,"Centre",111.122974916794
10.6607142857143,4.83736607142857,43.2678571428571,8.44491071428571,54.5668686868687,2.70696428571429,1.25862857142857,6.46863392857143,"North",55.9885871568208
10.6607142857143,4.83736607142857,43.2678571428571,8.44491071428571,54.5668686868687,2.70696428571429,1.25862857142857,6.46863392857143,"South",95.9592952134049
10.6607142857143,4.83736607142857,43.2678571428571,8.44491071428571,55.5076767676768,2.70696428571429,1.25862857142857,6.46863392857143,"Centre",111.859294223372
10.6607142857143,4.83736607142857,43.2678571428571,8.44491071428571,55.5076767676768,2.70696428571429,1.25862857142857,6.46863392857143,"North",56.3595768437191
10.6607142857143,4.83736607142857,43.2678571428571,8.44491071428571,55.5076767676768,2.70696428571429,1.25862857142857,6.46863392857143,"South",96.5951374572268
10.6607142857143,4.83736607142857,43.2678571428571,8.44491071428571,56.4484848484848,2.70696428571429,1.25862857142857,6.46863392857143,"Centre",112.600492504092
10.6607142857143,4.83736607142857,43.2678571428571,8.44491071428571,56.4484848484848,2.70696428571429,1.25862857142857,6.46863392857143,"North",56.7330247699618
10.6607142857143,4.83736607142857,43.2678571428571,8.44491071428571,56.4484848484848,2.70696428571429,1.25862857142857,6.46863392857143,"South",97.2351928974683
10.6607142857143,4.83736607142857,43.2678571428571,8.44491071428571,57.3892929292929,2.70696428571429,1.25862857142857,6.46863392857143,"Centre",113.346602087849
10.6607142857143,4.83736607142857,43.2678571428571,8.44491071428571,57.3892929292929,2.70696428571429,1.25862857142857,6.46863392857143,"North",57.1089472242515
10.6607142857143,4.83736607142857,43.2678571428571,8.44491071428571,57.3892929292929,2.70696428571429,1.25862857142857,6.46863392857143,"South",97.8794894514694
10.6607142857143,4.83736607142857,43.2678571428571,8.44491071428571,58.330101010101,2.70696428571429,1.25862857142857,6.46863392857143,"Centre",114.097655517752
10.6607142857143,4.83736607142857,43.2678571428571,8.44491071428571,58.330101010101,2.70696428571429,1.25862857142857,6.46863392857143,"North",57.4873606032224
10.6607142857143,4.83736607142857,43.2678571428571,8.44491071428571,58.330101010101,2.70696428571429,1.25862857142857,6.46863392857143,"South",98.528055221555
10.6607142857143,4.83736607142857,43.2678571428571,8.44491071428571,59.2709090909091,2.70696428571429,1.25862857142857,6.46863392857143,"Centre",114.853685552548
10.6607142857143,4.83736607142857,43.2678571428571,8.44491071428571,59.2709090909091,2.70696428571429,1.25862857142857,6.46863392857143,"North",57.8682814121556
10.6607142857143,4.83736607142857,43.2678571428571,8.44491071428571,59.2709090909091,2.70696428571429,1.25862857142857,6.46863392857143,"South",99.1809184962607
10.6607142857143,4.83736607142857,43.2678571428571,8.44491071428571,60.2117171717172,2.70696428571429,1.25862857142857,6.46863392857143,"Centre",115.614725168049
10.6607142857143,4.83736607142857,43.2678571428571,8.44491071428571,60.2117171717172,2.70696428571429,1.25862857142857,6.46863392857143,"North",58.2517262656989
10.6607142857143,4.83736607142857,43.2678571428571,8.44491071428571,60.2117171717172,2.70696428571429,1.25862857142857,6.46863392857143,"South",99.8381077515666
10.6607142857143,4.83736607142857,43.2678571428571,8.44491071428571,61.1525252525253,2.70696428571429,1.25862857142857,6.46863392857143,"Centre",116.380807558569
10.6607142857143,4.83736607142857,43.2678571428571,8.44491071428571,61.1525252525253,2.70696428571429,1.25862857142857,6.46863392857143,"North",58.6377118885914
10.6607142857143,4.83736607142857,43.2678571428571,8.44491071428571,61.1525252525253,2.70696428571429,1.25862857142857,6.46863392857143,"South",100.499651652139
10.6607142857143,4.83736607142857,43.2678571428571,8.44491071428571,62.0933333333333,2.70696428571429,1.25862857142857,6.46863392857143,"Centre",117.151966138374
10.6607142857143,4.83736607142857,43.2678571428571,8.44491071428571,62.0933333333333,2.70696428571429,1.25862857142857,6.46863392857143,"North",59.0262551163934
10.6607142857143,4.83736607142857,43.2678571428571,8.44491071428571,62.0933333333333,2.70696428571429,1.25862857142857,6.46863392857143,"South",101.165579052582
10.6607142857143,4.83736607142857,43.2678571428571,8.44491071428571,63.0341414141414,2.70696428571429,1.25862857142857,6.46863392857143,"Centre",117.928234543138
10.6607142857143,4.83736607142857,43.2678571428571,8.44491071428571,63.0341414141414,2.70696428571429,1.25862857142857,6.46863392857143,"North",59.4173728962201
10.6607142857143,4.83736607142857,43.2678571428571,8.44491071428571,63.0341414141414,2.70696428571429,1.25862857142857,6.46863392857143,"South",101.835918998695
10.6607142857143,4.83736607142857,43.2678571428571,8.44491071428571,63.9749494949495,2.70696428571429,1.25862857142857,6.46863392857143,"Centre",118.70964663141
10.6607142857143,4.83736607142857,43.2678571428571,8.44491071428571,63.9749494949495,2.70696428571429,1.25862857142857,6.46863392857143,"North",59.8110822874814
10.6607142857143,4.83736607142857,43.2678571428571,8.44491071428571,63.9749494949495,2.70696428571429,1.25862857142857,6.46863392857143,"South",102.510700728737
10.6607142857143,4.83736607142857,43.2678571428571,8.44491071428571,64.9157575757576,2.70696428571429,1.25862857142857,6.46863392857143,"Centre",119.496236486093
10.6607142857143,4.83736607142857,43.2678571428571,8.44491071428571,64.9157575757576,2.70696428571429,1.25862857142857,6.46863392857143,"North",60.2074004626254
10.6607142857143,4.83736607142857,43.2678571428571,8.44491071428571,64.9157575757576,2.70696428571429,1.25862857142857,6.46863392857143,"South",103.189953674709
10.6607142857143,4.83736607142857,43.2678571428571,8.44491071428571,65.8565656565656,2.70696428571429,1.25862857142857,6.46863392857143,"Centre",120.288038415928
10.6607142857143,4.83736607142857,43.2678571428571,8.44491071428571,65.8565656565656,2.70696428571429,1.25862857142857,6.46863392857143,"North",60.606344707888
10.6607142857143,4.83736607142857,43.2678571428571,8.44491071428571,65.8565656565656,2.70696428571429,1.25862857142857,6.46863392857143,"South",103.873707463631
10.6607142857143,4.83736607142857,43.2678571428571,8.44491071428571,66.7973737373737,2.70696428571429,1.25862857142857,6.46863392857143,"Centre",121.085086956992
10.6607142857143,4.83736607142857,43.2678571428571,8.44491071428571,66.7973737373737,2.70696428571429,1.25862857142857,6.46863392857143,"North",61.0079324240461
10.6607142857143,4.83736607142857,43.2678571428571,8.44491071428571,66.7973737373737,2.70696428571429,1.25862857142857,6.46863392857143,"South",104.561991918835
10.6607142857143,4.83736607142857,43.2678571428571,8.44491071428571,67.7381818181818,2.70696428571429,1.25862857142857,6.46863392857143,"Centre",121.887416874202
10.6607142857143,4.83736607142857,43.2678571428571,8.44491071428571,67.7381818181818,2.70696428571429,1.25862857142857,6.46863392857143,"North",61.4121811271777
10.6607142857143,4.83736607142857,43.2678571428571,8.44491071428571,67.7381818181818,2.70696428571429,1.25862857142857,6.46863392857143,"South",105.254837061271
10.6607142857143,4.83736607142857,43.2678571428571,8.44491071428571,68.6789898989899,2.70696428571429,1.25862857142857,6.46863392857143,"Centre",122.695063162835
10.6607142857143,4.83736607142857,43.2678571428571,8.44491071428571,68.6789898989899,2.70696428571429,1.25862857142857,6.46863392857143,"North",61.8191084494247
10.6607142857143,4.83736607142857,43.2678571428571,8.44491071428571,68.6789898989899,2.70696428571429,1.25862857142857,6.46863392857143,"South",105.95227311081
10.6607142857143,4.83736607142857,43.2678571428571,8.44491071428571,69.619797979798,2.70696428571429,1.25862857142857,6.46863392857143,"Centre",123.508061050051
10.6607142857143,4.83736607142857,43.2678571428571,8.44491071428571,69.619797979798,2.70696428571429,1.25862857142857,6.46863392857143,"North",62.2287321397626
10.6607142857143,4.83736607142857,43.2678571428571,8.44491071428571,69.619797979798,2.70696428571429,1.25862857142857,6.46863392857143,"South",106.654330487565
10.6607142857143,4.83736607142857,43.2678571428571,8.44491071428571,70.5606060606061,2.70696428571429,1.25862857142857,6.46863392857143,"Centre",124.326445996434
10.6607142857143,4.83736607142857,43.2678571428571,8.44491071428571,70.5606060606061,2.70696428571429,1.25862857142857,6.46863392857143,"North",62.6410700647749
10.6607142857143,4.83736607142857,43.2678571428571,8.44491071428571,70.5606060606061,2.70696428571429,1.25862857142857,6.46863392857143,"South",107.361039813219
10.6607142857143,4.83736607142857,43.2678571428571,8.44491071428571,71.5014141414141,2.70696428571429,1.25862857142857,6.46863392857143,"Centre",125.150253697532
10.6607142857143,4.83736607142857,43.2678571428571,8.44491071428571,71.5014141414141,2.70696428571429,1.25862857142857,6.46863392857143,"North",63.0561402094316
10.6607142857143,4.83736607142857,43.2678571428571,8.44491071428571,71.5014141414141,2.70696428571429,1.25862857142857,6.46863392857143,"South",108.072431912359
10.6607142857143,4.83736607142857,43.2678571428571,8.44491071428571,72.4422222222222,2.70696428571429,1.25862857142857,6.46863392857143,"Centre",125.97952008542
10.6607142857143,4.83736607142857,43.2678571428571,8.44491071428571,72.4422222222222,2.70696428571429,1.25862857142857,6.46863392857143,"North",63.4739606778745
10.6607142857143,4.83736607142857,43.2678571428571,8.44491071428571,72.4422222222222,2.70696428571429,1.25862857142857,6.46863392857143,"South",108.788537813821
10.6607142857143,4.83736607142857,43.2678571428571,8.44491071428571,73.3830303030303,2.70696428571429,1.25862857142857,6.46863392857143,"Centre",126.814281330265
10.6607142857143,4.83736607142857,43.2678571428571,8.44491071428571,73.3830303030303,2.70696428571429,1.25862857142857,6.46863392857143,"North",63.894549694206
10.6607142857143,4.83736607142857,43.2678571428571,8.44491071428571,73.3830303030303,2.70696428571429,1.25862857142857,6.46863392857143,"South",109.509388752042
10.6607142857143,4.83736607142857,43.2678571428571,8.44491071428571,74.3238383838384,2.70696428571429,1.25862857142857,6.46863392857143,"Centre",127.654573841901
10.6607142857143,4.83736607142857,43.2678571428571,8.44491071428571,74.3238383838384,2.70696428571429,1.25862857142857,6.46863392857143,"North",64.317925603285
10.6607142857143,4.83736607142857,43.2678571428571,8.44491071428571,74.3238383838384,2.70696428571429,1.25862857142857,6.46863392857143,"South",110.235016168426
10.6607142857143,4.83736607142857,43.2678571428571,8.44491071428571,75.2646464646465,2.70696428571429,1.25862857142857,6.46863392857143,"Centre",128.500434271422
10.6607142857143,4.83736607142857,43.2678571428571,8.44491071428571,75.2646464646465,2.70696428571429,1.25862857142857,6.46863392857143,"North",64.7441068715259
10.6607142857143,4.83736607142857,43.2678571428571,8.44491071428571,75.2646464646465,2.70696428571429,1.25862857142857,6.46863392857143,"South",110.965451712709
10.6607142857143,4.83736607142857,43.2678571428571,8.44491071428571,76.2054545454545,2.70696428571429,1.25862857142857,6.46863392857143,"Centre",129.351899512777
10.6607142857143,4.83736607142857,43.2678571428571,8.44491071428571,76.2054545454545,2.70696428571429,1.25862857142857,6.46863392857143,"North",65.1731120877051
10.6607142857143,4.83736607142857,43.2678571428571,8.44491071428571,76.2054545454545,2.70696428571429,1.25862857142857,6.46863392857143,"South",111.700727244348
10.6607142857143,4.83736607142857,43.2678571428571,8.44491071428571,77.1462626262626,2.70696428571429,1.25862857142857,6.46863392857143,"Centre",130.209006704383
10.6607142857143,4.83736607142857,43.2678571428571,8.44491071428571,77.1462626262626,2.70696428571429,1.25862857142857,6.46863392857143,"North",65.6049599637711
10.6607142857143,4.83736607142857,43.2678571428571,8.44491071428571,77.1462626262626,2.70696428571429,1.25862857142857,6.46863392857143,"South",112.440874833902
10.6607142857143,4.83736607142857,43.2678571428571,8.44491071428571,78.0870707070707,2.70696428571429,1.25862857142857,6.46863392857143,"Centre",131.071793230739
10.6607142857143,4.83736607142857,43.2678571428571,8.44491071428571,78.0870707070707,2.70696428571429,1.25862857142857,6.46863392857143,"North",66.0396693356609
10.6607142857143,4.83736607142857,43.2678571428571,8.44491071428571,78.0870707070707,2.70696428571429,1.25862857142857,6.46863392857143,"South",113.185926764439
10.6607142857143,4.83736607142857,43.2678571428571,8.44491071428571,79.0278787878788,2.70696428571429,1.25862857142857,6.46863392857143,"Centre",131.940296724061
10.6607142857143,4.83736607142857,43.2678571428571,8.44491071428571,79.0278787878788,2.70696428571429,1.25862857142857,6.46863392857143,"North",66.4772591641216
10.6607142857143,4.83736607142857,43.2678571428571,8.44491071428571,79.0278787878788,2.70696428571429,1.25862857142857,6.46863392857143,"South",113.935915532936
10.6607142857143,4.83736607142857,43.2678571428571,8.44491071428571,79.9686868686869,2.70696428571429,1.25862857142857,6.46863392857143,"Centre",132.814555065923
10.6607142857143,4.83736607142857,43.2678571428571,8.44491071428571,79.9686868686869,2.70696428571429,1.25862857142857,6.46863392857143,"North",66.9177485355372
10.6607142857143,4.83736607142857,43.2678571428571,8.44491071428571,79.9686868686869,2.70696428571429,1.25862857142857,6.46863392857143,"South",114.690873851703
10.6607142857143,4.83736607142857,43.2678571428571,8.44491071428571,80.9094949494949,2.70696428571429,1.25862857142857,6.46863392857143,"Centre",133.694606388909
10.6607142857143,4.83736607142857,43.2678571428571,8.44491071428571,80.9094949494949,2.70696428571429,1.25862857142857,6.46863392857143,"North",67.3611566627615
10.6607142857143,4.83736607142857,43.2678571428571,8.44491071428571,80.9094949494949,2.70696428571429,1.25862857142857,6.46863392857143,"South",115.450834649806
10.6607142857143,4.83736607142857,43.2678571428571,8.44491071428571,81.850303030303,2.70696428571429,1.25862857142857,6.46863392857143,"Centre",134.580489078274
10.6607142857143,4.83736607142857,43.2678571428571,8.44491071428571,81.850303030303,2.70696428571429,1.25862857142857,6.46863392857143,"North",67.8075028859557
10.6607142857143,4.83736607142857,43.2678571428571,8.44491071428571,81.850303030303,2.70696428571429,1.25862857142857,6.46863392857143,"South",116.215831074504
10.6607142857143,4.83736607142857,43.2678571428571,8.44491071428571,82.7911111111111,2.70696428571429,1.25862857142857,6.46863392857143,"Centre",135.472241773621
10.6607142857143,4.83736607142857,43.2678571428571,8.44491071428571,82.7911111111111,2.70696428571429,1.25862857142857,6.46863392857143,"North",68.2568066734323
10.6607142857143,4.83736607142857,43.2678571428571,8.44491071428571,82.7911111111111,2.70696428571429,1.25862857142857,6.46863392857143,"South",116.985896492697
10.6607142857143,4.83736607142857,43.2678571428571,8.44491071428571,83.7319191919192,2.70696428571429,1.25862857142857,6.46863392857143,"Centre",136.369903370586
10.6607142857143,4.83736607142857,43.2678571428571,8.44491071428571,83.7319191919192,2.70696428571429,1.25862857142857,6.46863392857143,"North",68.7090876225037
10.6607142857143,4.83736607142857,43.2678571428571,8.44491071428571,83.7319191919192,2.70696428571429,1.25862857142857,6.46863392857143,"South",117.761064492379
10.6607142857143,4.83736607142857,43.2678571428571,8.44491071428571,84.6727272727273,2.70696428571429,1.25862857142857,6.46863392857143,"Centre",137.273513022534
10.6607142857143,4.83736607142857,43.2678571428571,8.44491071428571,84.6727272727273,2.70696428571429,1.25862857142857,6.46863392857143,"North",69.1643654603378
10.6607142857143,4.83736607142857,43.2678571428571,8.44491071428571,84.6727272727273,2.70696428571429,1.25862857142857,6.46863392857143,"South",118.541368884102
10.6607142857143,4.83736607142857,43.2678571428571,8.44491071428571,85.6135353535354,2.70696428571429,1.25862857142857,6.46863392857143,"Centre",138.183110142265
10.6607142857143,4.83736607142857,43.2678571428571,8.44491071428571,85.6135353535354,2.70696428571429,1.25862857142857,6.46863392857143,"North",69.6226600448177
10.6607142857143,4.83736607142857,43.2678571428571,8.44491071428571,85.6135353535354,2.70696428571429,1.25862857142857,6.46863392857143,"South",119.326843702454
10.6607142857143,4.83736607142857,43.2678571428571,8.44491071428571,86.5543434343434,2.70696428571429,1.25862857142857,6.46863392857143,"Centre",139.098734403737
10.6607142857143,4.83736607142857,43.2678571428571,8.44491071428571,86.5543434343434,2.70696428571429,1.25862857142857,6.46863392857143,"North",70.0839913654083
10.6607142857143,4.83736607142857,43.2678571428571,8.44491071428571,86.5543434343434,2.70696428571429,1.25862857142857,6.46863392857143,"South",120.117523207543
10.6607142857143,4.83736607142857,43.2678571428571,8.44491071428571,87.4951515151515,2.70696428571429,1.25862857142857,6.46863392857143,"Centre",140.020425743792
10.6607142857143,4.83736607142857,43.2678571428571,8.44491071428571,87.4951515151515,2.70696428571429,1.25862857142857,6.46863392857143,"North",70.5483795440279
10.6607142857143,4.83736607142857,43.2678571428571,8.44491071428571,87.4951515151515,2.70696428571429,1.25862857142857,6.46863392857143,"South",120.913441886486
10.6607142857143,4.83736607142857,43.2678571428571,8.44491071428571,88.4359595959596,2.70696428571429,1.25862857142857,6.46863392857143,"Centre",140.948224363903
10.6607142857143,4.83736607142857,43.2678571428571,8.44491071428571,88.4359595959596,2.70696428571429,1.25862857142857,6.46863392857143,"North",71.0158448359259
10.6607142857143,4.83736607142857,43.2678571428571,8.44491071428571,88.4359595959596,2.70696428571429,1.25862857142857,6.46863392857143,"South",121.714634454922
10.6607142857143,4.83736607142857,43.2678571428571,8.44491071428571,89.3767676767677,2.70696428571429,1.25862857142857,6.46863392857143,"Centre",141.882170731923
10.6607142857143,4.83736607142857,43.2678571428571,8.44491071428571,89.3767676767677,2.70696428571429,1.25862857142857,6.46863392857143,"North",71.4864076305667
10.6607142857143,4.83736607142857,43.2678571428571,8.44491071428571,89.3767676767677,2.70696428571429,1.25862857142857,6.46863392857143,"South",122.521135858519
10.6607142857143,4.83736607142857,43.2678571428571,8.44491071428571,90.3175757575758,2.70696428571429,1.25862857142857,6.46863392857143,"Centre",142.82230558385
10.6607142857143,4.83736607142857,43.2678571428571,8.44491071428571,90.3175757575758,2.70696428571429,1.25862857142857,6.46863392857143,"North",71.9600884525183
10.6607142857143,4.83736607142857,43.2678571428571,8.44491071428571,90.3175757575758,2.70696428571429,1.25862857142857,6.46863392857143,"South",123.332981274501
10.6607142857143,4.83736607142857,43.2678571428571,8.44491071428571,91.2583838383838,2.70696428571429,1.25862857142857,6.46863392857143,"Centre",143.768669925608
10.6607142857143,4.83736607142857,43.2678571428571,8.44491071428571,91.2583838383838,2.70696428571429,1.25862857142857,6.46863392857143,"North",72.4369079623481
10.6607142857143,4.83736607142857,43.2678571428571,8.44491071428571,91.2583838383838,2.70696428571429,1.25862857142857,6.46863392857143,"South",124.150206113183
10.6607142857143,4.83736607142857,43.2678571428571,8.44491071428571,92.1991919191919,2.70696428571429,1.25862857142857,6.46863392857143,"Centre",144.721305034833
10.6607142857143,4.83736607142857,43.2678571428571,8.44491071428571,92.1991919191919,2.70696428571429,1.25862857142857,6.46863392857143,"North",72.9168869575237
10.6607142857143,4.83736607142857,43.2678571428571,8.44491071428571,92.1991919191919,2.70696428571429,1.25862857142857,6.46863392857143,"South",124.972846019514
10.6607142857143,4.83736607142857,43.2678571428571,8.44491071428571,93.14,2.70696428571429,1.25862857142857,6.46863392857143,"Centre",145.680252462673
10.6607142857143,4.83736607142857,43.2678571428571,8.44491071428571,93.14,2.70696428571429,1.25862857142857,6.46863392857143,"North",73.4000463733205
10.6607142857143,4.83736607142857,43.2678571428571,8.44491071428571,93.14,2.70696428571429,1.25862857142857,6.46863392857143,"South",125.800936874633
