"rest.age","site.cwm.pres.oek.f","plant.target.richness","flower.cover","cover.vegetation","veg.heterogeneity","mang.app.NEU.MM.1.minus","mngm.type","region","obs.year","butterfly.Hill2.target"
2,4.79814516129032,45.5591397849462,0.950013978494624,80.1666666666667,9.08741935483871,0.730012642889463,"mowing","Centre","2023",2.97931078468028
2,4.79814516129032,45.5591397849462,0.950013978494624,80.1666666666667,9.08741935483871,0.730012642889463,"mowing","Centre","2022",2.04801752649237
2,4.79814516129032,45.5591397849462,0.950013978494624,80.1666666666667,9.08741935483871,0.730012642889463,"mowing","North","2023",2.81445975001461
2,4.79814516129032,45.5591397849462,0.950013978494624,80.1666666666667,9.08741935483871,0.730012642889463,"mowing","North","2022",1.93391236211228
2,4.79814516129032,45.5591397849462,0.950013978494624,80.1666666666667,9.08741935483871,0.730012642889463,"mowing","South","2023",2.30521924297914
2,4.79814516129032,45.5591397849462,0.950013978494624,80.1666666666667,9.08741935483871,0.730012642889463,"mowing","South","2022",2.59395352617485
2.25252525252525,4.79814516129032,45.5591397849462,0.950013978494624,80.1666666666667,9.08741935483871,0.730012642889463,"mowing","Centre","2023",2.96776053071246
2.25252525252525,4.79814516129032,45.5591397849462,0.950013978494624,80.1666666666667,9.08741935483871,0.730012642889463,"mowing","Centre","2022",2.03646727252455
2.25252525252525,4.79814516129032,45.5591397849462,0.950013978494624,80.1666666666667,9.08741935483871,0.730012642889463,"mowing","North","2023",2.80290949604679
2.25252525252525,4.79814516129032,45.5591397849462,0.950013978494624,80.1666666666667,9.08741935483871,0.730012642889463,"mowing","North","2022",1.92236210814446
2.25252525252525,4.79814516129032,45.5591397849462,0.950013978494624,80.1666666666667,9.08741935483871,0.730012642889463,"mowing","South","2023",2.29366898901132
2.25252525252525,4.79814516129032,45.5591397849462,0.950013978494624,80.1666666666667,9.08741935483871,0.730012642889463,"mowing","South","2022",2.58240327220703
2.50505050505051,4.79814516129032,45.5591397849462,0.950013978494624,80.1666666666667,9.08741935483871,0.730012642889463,"mowing","Centre","2023",2.95621027674463
2.50505050505051,4.79814516129032,45.5591397849462,0.950013978494624,80.1666666666667,9.08741935483871,0.730012642889463,"mowing","Centre","2022",2.02491701855672
2.50505050505051,4.79814516129032,45.5591397849462,0.950013978494624,80.1666666666667,9.08741935483871,0.730012642889463,"mowing","North","2023",2.79135924207896
2.50505050505051,4.79814516129032,45.5591397849462,0.950013978494624,80.1666666666667,9.08741935483871,0.730012642889463,"mowing","North","2022",1.91081185417664
2.50505050505051,4.79814516129032,45.5591397849462,0.950013978494624,80.1666666666667,9.08741935483871,0.730012642889463,"mowing","South","2023",2.28211873504349
2.50505050505051,4.79814516129032,45.5591397849462,0.950013978494624,80.1666666666667,9.08741935483871,0.730012642889463,"mowing","South","2022",2.57085301823921
2.75757575757576,4.79814516129032,45.5591397849462,0.950013978494624,80.1666666666667,9.08741935483871,0.730012642889463,"mowing","Centre","2023",2.94466002277681
2.75757575757576,4.79814516129032,45.5591397849462,0.950013978494624,80.1666666666667,9.08741935483871,0.730012642889463,"mowing","Centre","2022",2.0133667645889
2.75757575757576,4.79814516129032,45.5591397849462,0.950013978494624,80.1666666666667,9.08741935483871,0.730012642889463,"mowing","North","2023",2.77980898811114
2.75757575757576,4.79814516129032,45.5591397849462,0.950013978494624,80.1666666666667,9.08741935483871,0.730012642889463,"mowing","North","2022",1.89926160020881
2.75757575757576,4.79814516129032,45.5591397849462,0.950013978494624,80.1666666666667,9.08741935483871,0.730012642889463,"mowing","South","2023",2.27056848107567
2.75757575757576,4.79814516129032,45.5591397849462,0.950013978494624,80.1666666666667,9.08741935483871,0.730012642889463,"mowing","South","2022",2.55930276427138
3.01010101010101,4.79814516129032,45.5591397849462,0.950013978494624,80.1666666666667,9.08741935483871,0.730012642889463,"mowing","Centre","2023",2.93310976880899
3.01010101010101,4.79814516129032,45.5591397849462,0.950013978494624,80.1666666666667,9.08741935483871,0.730012642889463,"mowing","Centre","2022",2.00181651062108
3.01010101010101,4.79814516129032,45.5591397849462,0.950013978494624,80.1666666666667,9.08741935483871,0.730012642889463,"mowing","North","2023",2.76825873414332
3.01010101010101,4.79814516129032,45.5591397849462,0.950013978494624,80.1666666666667,9.08741935483871,0.730012642889463,"mowing","North","2022",1.88771134624099
3.01010101010101,4.79814516129032,45.5591397849462,0.950013978494624,80.1666666666667,9.08741935483871,0.730012642889463,"mowing","South","2023",2.25901822710785
3.01010101010101,4.79814516129032,45.5591397849462,0.950013978494624,80.1666666666667,9.08741935483871,0.730012642889463,"mowing","South","2022",2.54775251030356
3.26262626262626,4.79814516129032,45.5591397849462,0.950013978494624,80.1666666666667,9.08741935483871,0.730012642889463,"mowing","Centre","2023",2.92155951484116
3.26262626262626,4.79814516129032,45.5591397849462,0.950013978494624,80.1666666666667,9.08741935483871,0.730012642889463,"mowing","Centre","2022",1.99026625665325
3.26262626262626,4.79814516129032,45.5591397849462,0.950013978494624,80.1666666666667,9.08741935483871,0.730012642889463,"mowing","North","2023",2.75670848017549
3.26262626262626,4.79814516129032,45.5591397849462,0.950013978494624,80.1666666666667,9.08741935483871,0.730012642889463,"mowing","North","2022",1.87616109227317
3.26262626262626,4.79814516129032,45.5591397849462,0.950013978494624,80.1666666666667,9.08741935483871,0.730012642889463,"mowing","South","2023",2.24746797314002
3.26262626262626,4.79814516129032,45.5591397849462,0.950013978494624,80.1666666666667,9.08741935483871,0.730012642889463,"mowing","South","2022",2.53620225633574
3.51515151515152,4.79814516129032,45.5591397849462,0.950013978494624,80.1666666666667,9.08741935483871,0.730012642889463,"mowing","Centre","2023",2.91000926087334
3.51515151515152,4.79814516129032,45.5591397849462,0.950013978494624,80.1666666666667,9.08741935483871,0.730012642889463,"mowing","Centre","2022",1.97871600268543
3.51515151515152,4.79814516129032,45.5591397849462,0.950013978494624,80.1666666666667,9.08741935483871,0.730012642889463,"mowing","North","2023",2.74515822620767
3.51515151515152,4.79814516129032,45.5591397849462,0.950013978494624,80.1666666666667,9.08741935483871,0.730012642889463,"mowing","North","2022",1.86461083830534
3.51515151515152,4.79814516129032,45.5591397849462,0.950013978494624,80.1666666666667,9.08741935483871,0.730012642889463,"mowing","South","2023",2.2359177191722
3.51515151515152,4.79814516129032,45.5591397849462,0.950013978494624,80.1666666666667,9.08741935483871,0.730012642889463,"mowing","South","2022",2.52465200236791
3.76767676767677,4.79814516129032,45.5591397849462,0.950013978494624,80.1666666666667,9.08741935483871,0.730012642889463,"mowing","Centre","2023",2.89845900690552
3.76767676767677,4.79814516129032,45.5591397849462,0.950013978494624,80.1666666666667,9.08741935483871,0.730012642889463,"mowing","Centre","2022",1.96716574871761
3.76767676767677,4.79814516129032,45.5591397849462,0.950013978494624,80.1666666666667,9.08741935483871,0.730012642889463,"mowing","North","2023",2.73360797223985
3.76767676767677,4.79814516129032,45.5591397849462,0.950013978494624,80.1666666666667,9.08741935483871,0.730012642889463,"mowing","North","2022",1.85306058433752
3.76767676767677,4.79814516129032,45.5591397849462,0.950013978494624,80.1666666666667,9.08741935483871,0.730012642889463,"mowing","South","2023",2.22436746520438
3.76767676767677,4.79814516129032,45.5591397849462,0.950013978494624,80.1666666666667,9.08741935483871,0.730012642889463,"mowing","South","2022",2.51310174840009
4.02020202020202,4.79814516129032,45.5591397849462,0.950013978494624,80.1666666666667,9.08741935483871,0.730012642889463,"mowing","Centre","2023",2.88690875293769
4.02020202020202,4.79814516129032,45.5591397849462,0.950013978494624,80.1666666666667,9.08741935483871,0.730012642889463,"mowing","Centre","2022",1.95561549474978
4.02020202020202,4.79814516129032,45.5591397849462,0.950013978494624,80.1666666666667,9.08741935483871,0.730012642889463,"mowing","North","2023",2.72205771827202
4.02020202020202,4.79814516129032,45.5591397849462,0.950013978494624,80.1666666666667,9.08741935483871,0.730012642889463,"mowing","North","2022",1.84151033036969
4.02020202020202,4.79814516129032,45.5591397849462,0.950013978494624,80.1666666666667,9.08741935483871,0.730012642889463,"mowing","South","2023",2.21281721123655
4.02020202020202,4.79814516129032,45.5591397849462,0.950013978494624,80.1666666666667,9.08741935483871,0.730012642889463,"mowing","South","2022",2.50155149443227
4.27272727272727,4.79814516129032,45.5591397849462,0.950013978494624,80.1666666666667,9.08741935483871,0.730012642889463,"mowing","Centre","2023",2.87535849896987
4.27272727272727,4.79814516129032,45.5591397849462,0.950013978494624,80.1666666666667,9.08741935483871,0.730012642889463,"mowing","Centre","2022",1.94406524078196
4.27272727272727,4.79814516129032,45.5591397849462,0.950013978494624,80.1666666666667,9.08741935483871,0.730012642889463,"mowing","North","2023",2.7105074643042
4.27272727272727,4.79814516129032,45.5591397849462,0.950013978494624,80.1666666666667,9.08741935483871,0.730012642889463,"mowing","North","2022",1.82996007640187
4.27272727272727,4.79814516129032,45.5591397849462,0.950013978494624,80.1666666666667,9.08741935483871,0.730012642889463,"mowing","South","2023",2.20126695726873
4.27272727272727,4.79814516129032,45.5591397849462,0.950013978494624,80.1666666666667,9.08741935483871,0.730012642889463,"mowing","South","2022",2.49000124046444
4.52525252525253,4.79814516129032,45.5591397849462,0.950013978494624,80.1666666666667,9.08741935483871,0.730012642889463,"mowing","Centre","2023",2.86380824500205
4.52525252525253,4.79814516129032,45.5591397849462,0.950013978494624,80.1666666666667,9.08741935483871,0.730012642889463,"mowing","Centre","2022",1.93251498681414
4.52525252525253,4.79814516129032,45.5591397849462,0.950013978494624,80.1666666666667,9.08741935483871,0.730012642889463,"mowing","North","2023",2.69895721033638
4.52525252525253,4.79814516129032,45.5591397849462,0.950013978494624,80.1666666666667,9.08741935483871,0.730012642889463,"mowing","North","2022",1.81840982243405
4.52525252525253,4.79814516129032,45.5591397849462,0.950013978494624,80.1666666666667,9.08741935483871,0.730012642889463,"mowing","South","2023",2.18971670330091
4.52525252525253,4.79814516129032,45.5591397849462,0.950013978494624,80.1666666666667,9.08741935483871,0.730012642889463,"mowing","South","2022",2.47845098649662
4.77777777777778,4.79814516129032,45.5591397849462,0.950013978494624,80.1666666666667,9.08741935483871,0.730012642889463,"mowing","Centre","2023",2.85225799103422
4.77777777777778,4.79814516129032,45.5591397849462,0.950013978494624,80.1666666666667,9.08741935483871,0.730012642889463,"mowing","Centre","2022",1.92096473284631
4.77777777777778,4.79814516129032,45.5591397849462,0.950013978494624,80.1666666666667,9.08741935483871,0.730012642889463,"mowing","North","2023",2.68740695636855
4.77777777777778,4.79814516129032,45.5591397849462,0.950013978494624,80.1666666666667,9.08741935483871,0.730012642889463,"mowing","North","2022",1.80685956846622
4.77777777777778,4.79814516129032,45.5591397849462,0.950013978494624,80.1666666666667,9.08741935483871,0.730012642889463,"mowing","South","2023",2.17816644933308
4.77777777777778,4.79814516129032,45.5591397849462,0.950013978494624,80.1666666666667,9.08741935483871,0.730012642889463,"mowing","South","2022",2.46690073252879
5.03030303030303,4.79814516129032,45.5591397849462,0.950013978494624,80.1666666666667,9.08741935483871,0.730012642889463,"mowing","Centre","2023",2.8407077370664
5.03030303030303,4.79814516129032,45.5591397849462,0.950013978494624,80.1666666666667,9.08741935483871,0.730012642889463,"mowing","Centre","2022",1.90941447887849
5.03030303030303,4.79814516129032,45.5591397849462,0.950013978494624,80.1666666666667,9.08741935483871,0.730012642889463,"mowing","North","2023",2.67585670240073
5.03030303030303,4.79814516129032,45.5591397849462,0.950013978494624,80.1666666666667,9.08741935483871,0.730012642889463,"mowing","North","2022",1.7953093144984
5.03030303030303,4.79814516129032,45.5591397849462,0.950013978494624,80.1666666666667,9.08741935483871,0.730012642889463,"mowing","South","2023",2.16661619536526
5.03030303030303,4.79814516129032,45.5591397849462,0.950013978494624,80.1666666666667,9.08741935483871,0.730012642889463,"mowing","South","2022",2.45535047856097
5.28282828282828,4.79814516129032,45.5591397849462,0.950013978494624,80.1666666666667,9.08741935483871,0.730012642889463,"mowing","Centre","2023",2.82915748309858
5.28282828282828,4.79814516129032,45.5591397849462,0.950013978494624,80.1666666666667,9.08741935483871,0.730012642889463,"mowing","Centre","2022",1.89786422491067
5.28282828282828,4.79814516129032,45.5591397849462,0.950013978494624,80.1666666666667,9.08741935483871,0.730012642889463,"mowing","North","2023",2.66430644843291
5.28282828282828,4.79814516129032,45.5591397849462,0.950013978494624,80.1666666666667,9.08741935483871,0.730012642889463,"mowing","North","2022",1.78375906053058
5.28282828282828,4.79814516129032,45.5591397849462,0.950013978494624,80.1666666666667,9.08741935483871,0.730012642889463,"mowing","South","2023",2.15506594139744
5.28282828282828,4.79814516129032,45.5591397849462,0.950013978494624,80.1666666666667,9.08741935483871,0.730012642889463,"mowing","South","2022",2.44380022459315
5.53535353535354,4.79814516129032,45.5591397849462,0.950013978494624,80.1666666666667,9.08741935483871,0.730012642889463,"mowing","Centre","2023",2.81760722913075
5.53535353535354,4.79814516129032,45.5591397849462,0.950013978494624,80.1666666666667,9.08741935483871,0.730012642889463,"mowing","Centre","2022",1.88631397094284
5.53535353535354,4.79814516129032,45.5591397849462,0.950013978494624,80.1666666666667,9.08741935483871,0.730012642889463,"mowing","North","2023",2.65275619446508
5.53535353535354,4.79814516129032,45.5591397849462,0.950013978494624,80.1666666666667,9.08741935483871,0.730012642889463,"mowing","North","2022",1.77220880656275
5.53535353535354,4.79814516129032,45.5591397849462,0.950013978494624,80.1666666666667,9.08741935483871,0.730012642889463,"mowing","South","2023",2.14351568742961
5.53535353535354,4.79814516129032,45.5591397849462,0.950013978494624,80.1666666666667,9.08741935483871,0.730012642889463,"mowing","South","2022",2.43224997062532
5.78787878787879,4.79814516129032,45.5591397849462,0.950013978494624,80.1666666666667,9.08741935483871,0.730012642889463,"mowing","Centre","2023",2.80605697516293
5.78787878787879,4.79814516129032,45.5591397849462,0.950013978494624,80.1666666666667,9.08741935483871,0.730012642889463,"mowing","Centre","2022",1.87476371697502
5.78787878787879,4.79814516129032,45.5591397849462,0.950013978494624,80.1666666666667,9.08741935483871,0.730012642889463,"mowing","North","2023",2.64120594049726
5.78787878787879,4.79814516129032,45.5591397849462,0.950013978494624,80.1666666666667,9.08741935483871,0.730012642889463,"mowing","North","2022",1.76065855259493
5.78787878787879,4.79814516129032,45.5591397849462,0.950013978494624,80.1666666666667,9.08741935483871,0.730012642889463,"mowing","South","2023",2.13196543346179
5.78787878787879,4.79814516129032,45.5591397849462,0.950013978494624,80.1666666666667,9.08741935483871,0.730012642889463,"mowing","South","2022",2.4206997166575
6.04040404040404,4.79814516129032,45.5591397849462,0.950013978494624,80.1666666666667,9.08741935483871,0.730012642889463,"mowing","Centre","2023",2.79450672119511
6.04040404040404,4.79814516129032,45.5591397849462,0.950013978494624,80.1666666666667,9.08741935483871,0.730012642889463,"mowing","Centre","2022",1.86321346300719
6.04040404040404,4.79814516129032,45.5591397849462,0.950013978494624,80.1666666666667,9.08741935483871,0.730012642889463,"mowing","North","2023",2.62965568652944
6.04040404040404,4.79814516129032,45.5591397849462,0.950013978494624,80.1666666666667,9.08741935483871,0.730012642889463,"mowing","North","2022",1.74910829862711
6.04040404040404,4.79814516129032,45.5591397849462,0.950013978494624,80.1666666666667,9.08741935483871,0.730012642889463,"mowing","South","2023",2.12041517949396
6.04040404040404,4.79814516129032,45.5591397849462,0.950013978494624,80.1666666666667,9.08741935483871,0.730012642889463,"mowing","South","2022",2.40914946268968
6.29292929292929,4.79814516129032,45.5591397849462,0.950013978494624,80.1666666666667,9.08741935483871,0.730012642889463,"mowing","Centre","2023",2.78295646722728
6.29292929292929,4.79814516129032,45.5591397849462,0.950013978494624,80.1666666666667,9.08741935483871,0.730012642889463,"mowing","Centre","2022",1.85166320903937
6.29292929292929,4.79814516129032,45.5591397849462,0.950013978494624,80.1666666666667,9.08741935483871,0.730012642889463,"mowing","North","2023",2.61810543256161
6.29292929292929,4.79814516129032,45.5591397849462,0.950013978494624,80.1666666666667,9.08741935483871,0.730012642889463,"mowing","North","2022",1.73755804465928
6.29292929292929,4.79814516129032,45.5591397849462,0.950013978494624,80.1666666666667,9.08741935483871,0.730012642889463,"mowing","South","2023",2.10886492552614
6.29292929292929,4.79814516129032,45.5591397849462,0.950013978494624,80.1666666666667,9.08741935483871,0.730012642889463,"mowing","South","2022",2.39759920872185
6.54545454545455,4.79814516129032,45.5591397849462,0.950013978494624,80.1666666666667,9.08741935483871,0.730012642889463,"mowing","Centre","2023",2.77140621325946
6.54545454545455,4.79814516129032,45.5591397849462,0.950013978494624,80.1666666666667,9.08741935483871,0.730012642889463,"mowing","Centre","2022",1.84011295507155
6.54545454545455,4.79814516129032,45.5591397849462,0.950013978494624,80.1666666666667,9.08741935483871,0.730012642889463,"mowing","North","2023",2.60655517859379
6.54545454545455,4.79814516129032,45.5591397849462,0.950013978494624,80.1666666666667,9.08741935483871,0.730012642889463,"mowing","North","2022",1.72600779069146
6.54545454545455,4.79814516129032,45.5591397849462,0.950013978494624,80.1666666666667,9.08741935483871,0.730012642889463,"mowing","South","2023",2.09731467155832
6.54545454545455,4.79814516129032,45.5591397849462,0.950013978494624,80.1666666666667,9.08741935483871,0.730012642889463,"mowing","South","2022",2.38604895475403
6.7979797979798,4.79814516129032,45.5591397849462,0.950013978494624,80.1666666666667,9.08741935483871,0.730012642889463,"mowing","Centre","2023",2.75985595929164
6.7979797979798,4.79814516129032,45.5591397849462,0.950013978494624,80.1666666666667,9.08741935483871,0.730012642889463,"mowing","Centre","2022",1.82856270110372
6.7979797979798,4.79814516129032,45.5591397849462,0.950013978494624,80.1666666666667,9.08741935483871,0.730012642889463,"mowing","North","2023",2.59500492462597
6.7979797979798,4.79814516129032,45.5591397849462,0.950013978494624,80.1666666666667,9.08741935483871,0.730012642889463,"mowing","North","2022",1.71445753672364
6.7979797979798,4.79814516129032,45.5591397849462,0.950013978494624,80.1666666666667,9.08741935483871,0.730012642889463,"mowing","South","2023",2.08576441759049
6.7979797979798,4.79814516129032,45.5591397849462,0.950013978494624,80.1666666666667,9.08741935483871,0.730012642889463,"mowing","South","2022",2.37449870078621
7.05050505050505,4.79814516129032,45.5591397849462,0.950013978494624,80.1666666666667,9.08741935483871,0.730012642889463,"mowing","Centre","2023",2.74830570532381
7.05050505050505,4.79814516129032,45.5591397849462,0.950013978494624,80.1666666666667,9.08741935483871,0.730012642889463,"mowing","Centre","2022",1.8170124471359
7.05050505050505,4.79814516129032,45.5591397849462,0.950013978494624,80.1666666666667,9.08741935483871,0.730012642889463,"mowing","North","2023",2.58345467065814
7.05050505050505,4.79814516129032,45.5591397849462,0.950013978494624,80.1666666666667,9.08741935483871,0.730012642889463,"mowing","North","2022",1.70290728275581
7.05050505050505,4.79814516129032,45.5591397849462,0.950013978494624,80.1666666666667,9.08741935483871,0.730012642889463,"mowing","South","2023",2.07421416362267
7.05050505050505,4.79814516129032,45.5591397849462,0.950013978494624,80.1666666666667,9.08741935483871,0.730012642889463,"mowing","South","2022",2.36294844681838
7.3030303030303,4.79814516129032,45.5591397849462,0.950013978494624,80.1666666666667,9.08741935483871,0.730012642889463,"mowing","Centre","2023",2.73675545135599
7.3030303030303,4.79814516129032,45.5591397849462,0.950013978494624,80.1666666666667,9.08741935483871,0.730012642889463,"mowing","Centre","2022",1.80546219316808
7.3030303030303,4.79814516129032,45.5591397849462,0.950013978494624,80.1666666666667,9.08741935483871,0.730012642889463,"mowing","North","2023",2.57190441669032
7.3030303030303,4.79814516129032,45.5591397849462,0.950013978494624,80.1666666666667,9.08741935483871,0.730012642889463,"mowing","North","2022",1.69135702878799
7.3030303030303,4.79814516129032,45.5591397849462,0.950013978494624,80.1666666666667,9.08741935483871,0.730012642889463,"mowing","South","2023",2.06266390965485
7.3030303030303,4.79814516129032,45.5591397849462,0.950013978494624,80.1666666666667,9.08741935483871,0.730012642889463,"mowing","South","2022",2.35139819285056
7.55555555555556,4.79814516129032,45.5591397849462,0.950013978494624,80.1666666666667,9.08741935483871,0.730012642889463,"mowing","Centre","2023",2.72520519738817
7.55555555555556,4.79814516129032,45.5591397849462,0.950013978494624,80.1666666666667,9.08741935483871,0.730012642889463,"mowing","Centre","2022",1.79391193920025
7.55555555555556,4.79814516129032,45.5591397849462,0.950013978494624,80.1666666666667,9.08741935483871,0.730012642889463,"mowing","North","2023",2.56035416272249
7.55555555555556,4.79814516129032,45.5591397849462,0.950013978494624,80.1666666666667,9.08741935483871,0.730012642889463,"mowing","North","2022",1.67980677482017
7.55555555555556,4.79814516129032,45.5591397849462,0.950013978494624,80.1666666666667,9.08741935483871,0.730012642889463,"mowing","South","2023",2.05111365568702
7.55555555555556,4.79814516129032,45.5591397849462,0.950013978494624,80.1666666666667,9.08741935483871,0.730012642889463,"mowing","South","2022",2.33984793888274
7.80808080808081,4.79814516129032,45.5591397849462,0.950013978494624,80.1666666666667,9.08741935483871,0.730012642889463,"mowing","Centre","2023",2.71365494342034
7.80808080808081,4.79814516129032,45.5591397849462,0.950013978494624,80.1666666666667,9.08741935483871,0.730012642889463,"mowing","Centre","2022",1.78236168523243
7.80808080808081,4.79814516129032,45.5591397849462,0.950013978494624,80.1666666666667,9.08741935483871,0.730012642889463,"mowing","North","2023",2.54880390875467
7.80808080808081,4.79814516129032,45.5591397849462,0.950013978494624,80.1666666666667,9.08741935483871,0.730012642889463,"mowing","North","2022",1.66825652085234
7.80808080808081,4.79814516129032,45.5591397849462,0.950013978494624,80.1666666666667,9.08741935483871,0.730012642889463,"mowing","South","2023",2.0395634017192
7.80808080808081,4.79814516129032,45.5591397849462,0.950013978494624,80.1666666666667,9.08741935483871,0.730012642889463,"mowing","South","2022",2.32829768491491
8.06060606060606,4.79814516129032,45.5591397849462,0.950013978494624,80.1666666666667,9.08741935483871,0.730012642889463,"mowing","Centre","2023",2.70210468945252
8.06060606060606,4.79814516129032,45.5591397849462,0.950013978494624,80.1666666666667,9.08741935483871,0.730012642889463,"mowing","Centre","2022",1.77081143126461
8.06060606060606,4.79814516129032,45.5591397849462,0.950013978494624,80.1666666666667,9.08741935483871,0.730012642889463,"mowing","North","2023",2.53725365478685
8.06060606060606,4.79814516129032,45.5591397849462,0.950013978494624,80.1666666666667,9.08741935483871,0.730012642889463,"mowing","North","2022",1.65670626688452
8.06060606060606,4.79814516129032,45.5591397849462,0.950013978494624,80.1666666666667,9.08741935483871,0.730012642889463,"mowing","South","2023",2.02801314775138
8.06060606060606,4.79814516129032,45.5591397849462,0.950013978494624,80.1666666666667,9.08741935483871,0.730012642889463,"mowing","South","2022",2.31674743094709
8.31313131313131,4.79814516129032,45.5591397849462,0.950013978494624,80.1666666666667,9.08741935483871,0.730012642889463,"mowing","Centre","2023",2.6905544354847
8.31313131313131,4.79814516129032,45.5591397849462,0.950013978494624,80.1666666666667,9.08741935483871,0.730012642889463,"mowing","Centre","2022",1.75926117729678
8.31313131313131,4.79814516129032,45.5591397849462,0.950013978494624,80.1666666666667,9.08741935483871,0.730012642889463,"mowing","North","2023",2.52570340081902
8.31313131313131,4.79814516129032,45.5591397849462,0.950013978494624,80.1666666666667,9.08741935483871,0.730012642889463,"mowing","North","2022",1.6451560129167
8.31313131313131,4.79814516129032,45.5591397849462,0.950013978494624,80.1666666666667,9.08741935483871,0.730012642889463,"mowing","South","2023",2.01646289378355
8.31313131313131,4.79814516129032,45.5591397849462,0.950013978494624,80.1666666666667,9.08741935483871,0.730012642889463,"mowing","South","2022",2.30519717697927
8.56565656565657,4.79814516129032,45.5591397849462,0.950013978494624,80.1666666666667,9.08741935483871,0.730012642889463,"mowing","Centre","2023",2.67900418151687
8.56565656565657,4.79814516129032,45.5591397849462,0.950013978494624,80.1666666666667,9.08741935483871,0.730012642889463,"mowing","Centre","2022",1.74771092332896
8.56565656565657,4.79814516129032,45.5591397849462,0.950013978494624,80.1666666666667,9.08741935483871,0.730012642889463,"mowing","North","2023",2.5141531468512
8.56565656565657,4.79814516129032,45.5591397849462,0.950013978494624,80.1666666666667,9.08741935483871,0.730012642889463,"mowing","North","2022",1.63360575894887
8.56565656565657,4.79814516129032,45.5591397849462,0.950013978494624,80.1666666666667,9.08741935483871,0.730012642889463,"mowing","South","2023",2.00491263981573
8.56565656565657,4.79814516129032,45.5591397849462,0.950013978494624,80.1666666666667,9.08741935483871,0.730012642889463,"mowing","South","2022",2.29364692301144
8.81818181818182,4.79814516129032,45.5591397849462,0.950013978494624,80.1666666666667,9.08741935483871,0.730012642889463,"mowing","Centre","2023",2.66745392754905
8.81818181818182,4.79814516129032,45.5591397849462,0.950013978494624,80.1666666666667,9.08741935483871,0.730012642889463,"mowing","Centre","2022",1.73616066936114
8.81818181818182,4.79814516129032,45.5591397849462,0.950013978494624,80.1666666666667,9.08741935483871,0.730012642889463,"mowing","North","2023",2.50260289288338
8.81818181818182,4.79814516129032,45.5591397849462,0.950013978494624,80.1666666666667,9.08741935483871,0.730012642889463,"mowing","North","2022",1.62205550498105
8.81818181818182,4.79814516129032,45.5591397849462,0.950013978494624,80.1666666666667,9.08741935483871,0.730012642889463,"mowing","South","2023",1.99336238584791
8.81818181818182,4.79814516129032,45.5591397849462,0.950013978494624,80.1666666666667,9.08741935483871,0.730012642889463,"mowing","South","2022",2.28209666904362
9.07070707070707,4.79814516129032,45.5591397849462,0.950013978494624,80.1666666666667,9.08741935483871,0.730012642889463,"mowing","Centre","2023",2.65590367358122
9.07070707070707,4.79814516129032,45.5591397849462,0.950013978494624,80.1666666666667,9.08741935483871,0.730012642889463,"mowing","Centre","2022",1.72461041539331
9.07070707070707,4.79814516129032,45.5591397849462,0.950013978494624,80.1666666666667,9.08741935483871,0.730012642889463,"mowing","North","2023",2.49105263891555
9.07070707070707,4.79814516129032,45.5591397849462,0.950013978494624,80.1666666666667,9.08741935483871,0.730012642889463,"mowing","North","2022",1.61050525101323
9.07070707070707,4.79814516129032,45.5591397849462,0.950013978494624,80.1666666666667,9.08741935483871,0.730012642889463,"mowing","South","2023",1.98181213188008
9.07070707070707,4.79814516129032,45.5591397849462,0.950013978494624,80.1666666666667,9.08741935483871,0.730012642889463,"mowing","South","2022",2.2705464150758
9.32323232323232,4.79814516129032,45.5591397849462,0.950013978494624,80.1666666666667,9.08741935483871,0.730012642889463,"mowing","Centre","2023",2.6443534196134
9.32323232323232,4.79814516129032,45.5591397849462,0.950013978494624,80.1666666666667,9.08741935483871,0.730012642889463,"mowing","Centre","2022",1.71306016142549
9.32323232323232,4.79814516129032,45.5591397849462,0.950013978494624,80.1666666666667,9.08741935483871,0.730012642889463,"mowing","North","2023",2.47950238494773
9.32323232323232,4.79814516129032,45.5591397849462,0.950013978494624,80.1666666666667,9.08741935483871,0.730012642889463,"mowing","North","2022",1.5989549970454
9.32323232323232,4.79814516129032,45.5591397849462,0.950013978494624,80.1666666666667,9.08741935483871,0.730012642889463,"mowing","South","2023",1.97026187791226
9.32323232323232,4.79814516129032,45.5591397849462,0.950013978494624,80.1666666666667,9.08741935483871,0.730012642889463,"mowing","South","2022",2.25899616110797
9.57575757575758,4.79814516129032,45.5591397849462,0.950013978494624,80.1666666666667,9.08741935483871,0.730012642889463,"mowing","Centre","2023",2.63280316564558
9.57575757575758,4.79814516129032,45.5591397849462,0.950013978494624,80.1666666666667,9.08741935483871,0.730012642889463,"mowing","Centre","2022",1.70150990745767
9.57575757575758,4.79814516129032,45.5591397849462,0.950013978494624,80.1666666666667,9.08741935483871,0.730012642889463,"mowing","North","2023",2.46795213097991
9.57575757575758,4.79814516129032,45.5591397849462,0.950013978494624,80.1666666666667,9.08741935483871,0.730012642889463,"mowing","North","2022",1.58740474307758
9.57575757575758,4.79814516129032,45.5591397849462,0.950013978494624,80.1666666666667,9.08741935483871,0.730012642889463,"mowing","South","2023",1.95871162394444
9.57575757575758,4.79814516129032,45.5591397849462,0.950013978494624,80.1666666666667,9.08741935483871,0.730012642889463,"mowing","South","2022",2.24744590714015
9.82828282828283,4.79814516129032,45.5591397849462,0.950013978494624,80.1666666666667,9.08741935483871,0.730012642889463,"mowing","Centre","2023",2.62125291167775
9.82828282828283,4.79814516129032,45.5591397849462,0.950013978494624,80.1666666666667,9.08741935483871,0.730012642889463,"mowing","Centre","2022",1.68995965348984
9.82828282828283,4.79814516129032,45.5591397849462,0.950013978494624,80.1666666666667,9.08741935483871,0.730012642889463,"mowing","North","2023",2.45640187701208
9.82828282828283,4.79814516129032,45.5591397849462,0.950013978494624,80.1666666666667,9.08741935483871,0.730012642889463,"mowing","North","2022",1.57585448910976
9.82828282828283,4.79814516129032,45.5591397849462,0.950013978494624,80.1666666666667,9.08741935483871,0.730012642889463,"mowing","South","2023",1.94716136997661
9.82828282828283,4.79814516129032,45.5591397849462,0.950013978494624,80.1666666666667,9.08741935483871,0.730012642889463,"mowing","South","2022",2.23589565317233
10.0808080808081,4.79814516129032,45.5591397849462,0.950013978494624,80.1666666666667,9.08741935483871,0.730012642889463,"mowing","Centre","2023",2.60970265770993
10.0808080808081,4.79814516129032,45.5591397849462,0.950013978494624,80.1666666666667,9.08741935483871,0.730012642889463,"mowing","Centre","2022",1.67840939952202
10.0808080808081,4.79814516129032,45.5591397849462,0.950013978494624,80.1666666666667,9.08741935483871,0.730012642889463,"mowing","North","2023",2.44485162304426
10.0808080808081,4.79814516129032,45.5591397849462,0.950013978494624,80.1666666666667,9.08741935483871,0.730012642889463,"mowing","North","2022",1.56430423514193
10.0808080808081,4.79814516129032,45.5591397849462,0.950013978494624,80.1666666666667,9.08741935483871,0.730012642889463,"mowing","South","2023",1.93561111600879
10.0808080808081,4.79814516129032,45.5591397849462,0.950013978494624,80.1666666666667,9.08741935483871,0.730012642889463,"mowing","South","2022",2.2243453992045
10.3333333333333,4.79814516129032,45.5591397849462,0.950013978494624,80.1666666666667,9.08741935483871,0.730012642889463,"mowing","Centre","2023",2.59815240374211
10.3333333333333,4.79814516129032,45.5591397849462,0.950013978494624,80.1666666666667,9.08741935483871,0.730012642889463,"mowing","Centre","2022",1.6668591455542
10.3333333333333,4.79814516129032,45.5591397849462,0.950013978494624,80.1666666666667,9.08741935483871,0.730012642889463,"mowing","North","2023",2.43330136907644
10.3333333333333,4.79814516129032,45.5591397849462,0.950013978494624,80.1666666666667,9.08741935483871,0.730012642889463,"mowing","North","2022",1.55275398117411
10.3333333333333,4.79814516129032,45.5591397849462,0.950013978494624,80.1666666666667,9.08741935483871,0.730012642889463,"mowing","South","2023",1.92406086204097
10.3333333333333,4.79814516129032,45.5591397849462,0.950013978494624,80.1666666666667,9.08741935483871,0.730012642889463,"mowing","South","2022",2.21279514523668
10.5858585858586,4.79814516129032,45.5591397849462,0.950013978494624,80.1666666666667,9.08741935483871,0.730012642889463,"mowing","Centre","2023",2.58660214977428
10.5858585858586,4.79814516129032,45.5591397849462,0.950013978494624,80.1666666666667,9.08741935483871,0.730012642889463,"mowing","Centre","2022",1.65530889158637
10.5858585858586,4.79814516129032,45.5591397849462,0.950013978494624,80.1666666666667,9.08741935483871,0.730012642889463,"mowing","North","2023",2.42175111510861
10.5858585858586,4.79814516129032,45.5591397849462,0.950013978494624,80.1666666666667,9.08741935483871,0.730012642889463,"mowing","North","2022",1.54120372720629
10.5858585858586,4.79814516129032,45.5591397849462,0.950013978494624,80.1666666666667,9.08741935483871,0.730012642889463,"mowing","South","2023",1.91251060807314
10.5858585858586,4.79814516129032,45.5591397849462,0.950013978494624,80.1666666666667,9.08741935483871,0.730012642889463,"mowing","South","2022",2.20124489126886
10.8383838383838,4.79814516129032,45.5591397849462,0.950013978494624,80.1666666666667,9.08741935483871,0.730012642889463,"mowing","Centre","2023",2.57505189580646
10.8383838383838,4.79814516129032,45.5591397849462,0.950013978494624,80.1666666666667,9.08741935483871,0.730012642889463,"mowing","Centre","2022",1.64375863761855
10.8383838383838,4.79814516129032,45.5591397849462,0.950013978494624,80.1666666666667,9.08741935483871,0.730012642889463,"mowing","North","2023",2.41020086114079
10.8383838383838,4.79814516129032,45.5591397849462,0.950013978494624,80.1666666666667,9.08741935483871,0.730012642889463,"mowing","North","2022",1.52965347323846
10.8383838383838,4.79814516129032,45.5591397849462,0.950013978494624,80.1666666666667,9.08741935483871,0.730012642889463,"mowing","South","2023",1.90096035410532
10.8383838383838,4.79814516129032,45.5591397849462,0.950013978494624,80.1666666666667,9.08741935483871,0.730012642889463,"mowing","South","2022",2.18969463730103
11.0909090909091,4.79814516129032,45.5591397849462,0.950013978494624,80.1666666666667,9.08741935483871,0.730012642889463,"mowing","Centre","2023",2.56350164183864
11.0909090909091,4.79814516129032,45.5591397849462,0.950013978494624,80.1666666666667,9.08741935483871,0.730012642889463,"mowing","Centre","2022",1.63220838365073
11.0909090909091,4.79814516129032,45.5591397849462,0.950013978494624,80.1666666666667,9.08741935483871,0.730012642889463,"mowing","North","2023",2.39865060717297
11.0909090909091,4.79814516129032,45.5591397849462,0.950013978494624,80.1666666666667,9.08741935483871,0.730012642889463,"mowing","North","2022",1.51810321927064
11.0909090909091,4.79814516129032,45.5591397849462,0.950013978494624,80.1666666666667,9.08741935483871,0.730012642889463,"mowing","South","2023",1.8894101001375
11.0909090909091,4.79814516129032,45.5591397849462,0.950013978494624,80.1666666666667,9.08741935483871,0.730012642889463,"mowing","South","2022",2.17814438333321
11.3434343434343,4.79814516129032,45.5591397849462,0.950013978494624,80.1666666666667,9.08741935483871,0.730012642889463,"mowing","Centre","2023",2.55195138787081
11.3434343434343,4.79814516129032,45.5591397849462,0.950013978494624,80.1666666666667,9.08741935483871,0.730012642889463,"mowing","Centre","2022",1.6206581296829
11.3434343434343,4.79814516129032,45.5591397849462,0.950013978494624,80.1666666666667,9.08741935483871,0.730012642889463,"mowing","North","2023",2.38710035320514
11.3434343434343,4.79814516129032,45.5591397849462,0.950013978494624,80.1666666666667,9.08741935483871,0.730012642889463,"mowing","North","2022",1.50655296530282
11.3434343434343,4.79814516129032,45.5591397849462,0.950013978494624,80.1666666666667,9.08741935483871,0.730012642889463,"mowing","South","2023",1.87785984616967
11.3434343434343,4.79814516129032,45.5591397849462,0.950013978494624,80.1666666666667,9.08741935483871,0.730012642889463,"mowing","South","2022",2.16659412936539
11.5959595959596,4.79814516129032,45.5591397849462,0.950013978494624,80.1666666666667,9.08741935483871,0.730012642889463,"mowing","Centre","2023",2.54040113390299
11.5959595959596,4.79814516129032,45.5591397849462,0.950013978494624,80.1666666666667,9.08741935483871,0.730012642889463,"mowing","Centre","2022",1.60910787571508
11.5959595959596,4.79814516129032,45.5591397849462,0.950013978494624,80.1666666666667,9.08741935483871,0.730012642889463,"mowing","North","2023",2.37555009923732
11.5959595959596,4.79814516129032,45.5591397849462,0.950013978494624,80.1666666666667,9.08741935483871,0.730012642889463,"mowing","North","2022",1.49500271133499
11.5959595959596,4.79814516129032,45.5591397849462,0.950013978494624,80.1666666666667,9.08741935483871,0.730012642889463,"mowing","South","2023",1.86630959220185
11.5959595959596,4.79814516129032,45.5591397849462,0.950013978494624,80.1666666666667,9.08741935483871,0.730012642889463,"mowing","South","2022",2.15504387539756
11.8484848484848,4.79814516129032,45.5591397849462,0.950013978494624,80.1666666666667,9.08741935483871,0.730012642889463,"mowing","Centre","2023",2.52885087993517
11.8484848484848,4.79814516129032,45.5591397849462,0.950013978494624,80.1666666666667,9.08741935483871,0.730012642889463,"mowing","Centre","2022",1.59755762174726
11.8484848484848,4.79814516129032,45.5591397849462,0.950013978494624,80.1666666666667,9.08741935483871,0.730012642889463,"mowing","North","2023",2.3639998452695
11.8484848484848,4.79814516129032,45.5591397849462,0.950013978494624,80.1666666666667,9.08741935483871,0.730012642889463,"mowing","North","2022",1.48345245736717
11.8484848484848,4.79814516129032,45.5591397849462,0.950013978494624,80.1666666666667,9.08741935483871,0.730012642889463,"mowing","South","2023",1.85475933823403
11.8484848484848,4.79814516129032,45.5591397849462,0.950013978494624,80.1666666666667,9.08741935483871,0.730012642889463,"mowing","South","2022",2.14349362142974
12.1010101010101,4.79814516129032,45.5591397849462,0.950013978494624,80.1666666666667,9.08741935483871,0.730012642889463,"mowing","Centre","2023",2.51730062596734
12.1010101010101,4.79814516129032,45.5591397849462,0.950013978494624,80.1666666666667,9.08741935483871,0.730012642889463,"mowing","Centre","2022",1.58600736777943
12.1010101010101,4.79814516129032,45.5591397849462,0.950013978494624,80.1666666666667,9.08741935483871,0.730012642889463,"mowing","North","2023",2.35244959130167
12.1010101010101,4.79814516129032,45.5591397849462,0.950013978494624,80.1666666666667,9.08741935483871,0.730012642889463,"mowing","North","2022",1.47190220339935
12.1010101010101,4.79814516129032,45.5591397849462,0.950013978494624,80.1666666666667,9.08741935483871,0.730012642889463,"mowing","South","2023",1.8432090842662
12.1010101010101,4.79814516129032,45.5591397849462,0.950013978494624,80.1666666666667,9.08741935483871,0.730012642889463,"mowing","South","2022",2.13194336746192
12.3535353535354,4.79814516129032,45.5591397849462,0.950013978494624,80.1666666666667,9.08741935483871,0.730012642889463,"mowing","Centre","2023",2.50575037199952
12.3535353535354,4.79814516129032,45.5591397849462,0.950013978494624,80.1666666666667,9.08741935483871,0.730012642889463,"mowing","Centre","2022",1.57445711381161
12.3535353535354,4.79814516129032,45.5591397849462,0.950013978494624,80.1666666666667,9.08741935483871,0.730012642889463,"mowing","North","2023",2.34089933733385
12.3535353535354,4.79814516129032,45.5591397849462,0.950013978494624,80.1666666666667,9.08741935483871,0.730012642889463,"mowing","North","2022",1.46035194943152
12.3535353535354,4.79814516129032,45.5591397849462,0.950013978494624,80.1666666666667,9.08741935483871,0.730012642889463,"mowing","South","2023",1.83165883029838
12.3535353535354,4.79814516129032,45.5591397849462,0.950013978494624,80.1666666666667,9.08741935483871,0.730012642889463,"mowing","South","2022",2.12039311349409
12.6060606060606,4.79814516129032,45.5591397849462,0.950013978494624,80.1666666666667,9.08741935483871,0.730012642889463,"mowing","Centre","2023",2.4942001180317
12.6060606060606,4.79814516129032,45.5591397849462,0.950013978494624,80.1666666666667,9.08741935483871,0.730012642889463,"mowing","Centre","2022",1.56290685984379
12.6060606060606,4.79814516129032,45.5591397849462,0.950013978494624,80.1666666666667,9.08741935483871,0.730012642889463,"mowing","North","2023",2.32934908336603
12.6060606060606,4.79814516129032,45.5591397849462,0.950013978494624,80.1666666666667,9.08741935483871,0.730012642889463,"mowing","North","2022",1.4488016954637
12.6060606060606,4.79814516129032,45.5591397849462,0.950013978494624,80.1666666666667,9.08741935483871,0.730012642889463,"mowing","South","2023",1.82010857633056
12.6060606060606,4.79814516129032,45.5591397849462,0.950013978494624,80.1666666666667,9.08741935483871,0.730012642889463,"mowing","South","2022",2.10884285952627
12.8585858585859,4.79814516129032,45.5591397849462,0.950013978494624,80.1666666666667,9.08741935483871,0.730012642889463,"mowing","Centre","2023",2.48264986406387
12.8585858585859,4.79814516129032,45.5591397849462,0.950013978494624,80.1666666666667,9.08741935483871,0.730012642889463,"mowing","Centre","2022",1.55135660587596
12.8585858585859,4.79814516129032,45.5591397849462,0.950013978494624,80.1666666666667,9.08741935483871,0.730012642889463,"mowing","North","2023",2.3177988293982
12.8585858585859,4.79814516129032,45.5591397849462,0.950013978494624,80.1666666666667,9.08741935483871,0.730012642889463,"mowing","North","2022",1.43725144149588
12.8585858585859,4.79814516129032,45.5591397849462,0.950013978494624,80.1666666666667,9.08741935483871,0.730012642889463,"mowing","South","2023",1.80855832236273
12.8585858585859,4.79814516129032,45.5591397849462,0.950013978494624,80.1666666666667,9.08741935483871,0.730012642889463,"mowing","South","2022",2.09729260555845
13.1111111111111,4.79814516129032,45.5591397849462,0.950013978494624,80.1666666666667,9.08741935483871,0.730012642889463,"mowing","Centre","2023",2.47109961009605
13.1111111111111,4.79814516129032,45.5591397849462,0.950013978494624,80.1666666666667,9.08741935483871,0.730012642889463,"mowing","Centre","2022",1.53980635190814
13.1111111111111,4.79814516129032,45.5591397849462,0.950013978494624,80.1666666666667,9.08741935483871,0.730012642889463,"mowing","North","2023",2.30624857543038
13.1111111111111,4.79814516129032,45.5591397849462,0.950013978494624,80.1666666666667,9.08741935483871,0.730012642889463,"mowing","North","2022",1.42570118752805
13.1111111111111,4.79814516129032,45.5591397849462,0.950013978494624,80.1666666666667,9.08741935483871,0.730012642889463,"mowing","South","2023",1.79700806839491
13.1111111111111,4.79814516129032,45.5591397849462,0.950013978494624,80.1666666666667,9.08741935483871,0.730012642889463,"mowing","South","2022",2.08574235159062
13.3636363636364,4.79814516129032,45.5591397849462,0.950013978494624,80.1666666666667,9.08741935483871,0.730012642889463,"mowing","Centre","2023",2.45954935612823
13.3636363636364,4.79814516129032,45.5591397849462,0.950013978494624,80.1666666666667,9.08741935483871,0.730012642889463,"mowing","Centre","2022",1.52825609794032
13.3636363636364,4.79814516129032,45.5591397849462,0.950013978494624,80.1666666666667,9.08741935483871,0.730012642889463,"mowing","North","2023",2.29469832146256
13.3636363636364,4.79814516129032,45.5591397849462,0.950013978494624,80.1666666666667,9.08741935483871,0.730012642889463,"mowing","North","2022",1.41415093356023
13.3636363636364,4.79814516129032,45.5591397849462,0.950013978494624,80.1666666666667,9.08741935483871,0.730012642889463,"mowing","South","2023",1.78545781442709
13.3636363636364,4.79814516129032,45.5591397849462,0.950013978494624,80.1666666666667,9.08741935483871,0.730012642889463,"mowing","South","2022",2.0741920976228
13.6161616161616,4.79814516129032,45.5591397849462,0.950013978494624,80.1666666666667,9.08741935483871,0.730012642889463,"mowing","Centre","2023",2.4479991021604
13.6161616161616,4.79814516129032,45.5591397849462,0.950013978494624,80.1666666666667,9.08741935483871,0.730012642889463,"mowing","Centre","2022",1.51670584397249
13.6161616161616,4.79814516129032,45.5591397849462,0.950013978494624,80.1666666666667,9.08741935483871,0.730012642889463,"mowing","North","2023",2.28314806749473
13.6161616161616,4.79814516129032,45.5591397849462,0.950013978494624,80.1666666666667,9.08741935483871,0.730012642889463,"mowing","North","2022",1.4026006795924
13.6161616161616,4.79814516129032,45.5591397849462,0.950013978494624,80.1666666666667,9.08741935483871,0.730012642889463,"mowing","South","2023",1.77390756045926
13.6161616161616,4.79814516129032,45.5591397849462,0.950013978494624,80.1666666666667,9.08741935483871,0.730012642889463,"mowing","South","2022",2.06264184365498
13.8686868686869,4.79814516129032,45.5591397849462,0.950013978494624,80.1666666666667,9.08741935483871,0.730012642889463,"mowing","Centre","2023",2.43644884819258
13.8686868686869,4.79814516129032,45.5591397849462,0.950013978494624,80.1666666666667,9.08741935483871,0.730012642889463,"mowing","Centre","2022",1.50515559000467
13.8686868686869,4.79814516129032,45.5591397849462,0.950013978494624,80.1666666666667,9.08741935483871,0.730012642889463,"mowing","North","2023",2.27159781352691
13.8686868686869,4.79814516129032,45.5591397849462,0.950013978494624,80.1666666666667,9.08741935483871,0.730012642889463,"mowing","North","2022",1.39105042562458
13.8686868686869,4.79814516129032,45.5591397849462,0.950013978494624,80.1666666666667,9.08741935483871,0.730012642889463,"mowing","South","2023",1.76235730649144
13.8686868686869,4.79814516129032,45.5591397849462,0.950013978494624,80.1666666666667,9.08741935483871,0.730012642889463,"mowing","South","2022",2.05109158968715
14.1212121212121,4.79814516129032,45.5591397849462,0.950013978494624,80.1666666666667,9.08741935483871,0.730012642889463,"mowing","Centre","2023",2.42489859422476
14.1212121212121,4.79814516129032,45.5591397849462,0.950013978494624,80.1666666666667,9.08741935483871,0.730012642889463,"mowing","Centre","2022",1.49360533603685
14.1212121212121,4.79814516129032,45.5591397849462,0.950013978494624,80.1666666666667,9.08741935483871,0.730012642889463,"mowing","North","2023",2.26004755955909
14.1212121212121,4.79814516129032,45.5591397849462,0.950013978494624,80.1666666666667,9.08741935483871,0.730012642889463,"mowing","North","2022",1.37950017165676
14.1212121212121,4.79814516129032,45.5591397849462,0.950013978494624,80.1666666666667,9.08741935483871,0.730012642889463,"mowing","South","2023",1.75080705252362
14.1212121212121,4.79814516129032,45.5591397849462,0.950013978494624,80.1666666666667,9.08741935483871,0.730012642889463,"mowing","South","2022",2.03954133571933
14.3737373737374,4.79814516129032,45.5591397849462,0.950013978494624,80.1666666666667,9.08741935483871,0.730012642889463,"mowing","Centre","2023",2.41334834025693
14.3737373737374,4.79814516129032,45.5591397849462,0.950013978494624,80.1666666666667,9.08741935483871,0.730012642889463,"mowing","Centre","2022",1.48205508206902
14.3737373737374,4.79814516129032,45.5591397849462,0.950013978494624,80.1666666666667,9.08741935483871,0.730012642889463,"mowing","North","2023",2.24849730559126
14.3737373737374,4.79814516129032,45.5591397849462,0.950013978494624,80.1666666666667,9.08741935483871,0.730012642889463,"mowing","North","2022",1.36794991768893
14.3737373737374,4.79814516129032,45.5591397849462,0.950013978494624,80.1666666666667,9.08741935483871,0.730012642889463,"mowing","South","2023",1.73925679855579
14.3737373737374,4.79814516129032,45.5591397849462,0.950013978494624,80.1666666666667,9.08741935483871,0.730012642889463,"mowing","South","2022",2.02799108175151
14.6262626262626,4.79814516129032,45.5591397849462,0.950013978494624,80.1666666666667,9.08741935483871,0.730012642889463,"mowing","Centre","2023",2.40179808628911
14.6262626262626,4.79814516129032,45.5591397849462,0.950013978494624,80.1666666666667,9.08741935483871,0.730012642889463,"mowing","Centre","2022",1.4705048281012
14.6262626262626,4.79814516129032,45.5591397849462,0.950013978494624,80.1666666666667,9.08741935483871,0.730012642889463,"mowing","North","2023",2.23694705162344
14.6262626262626,4.79814516129032,45.5591397849462,0.950013978494624,80.1666666666667,9.08741935483871,0.730012642889463,"mowing","North","2022",1.35639966372111
14.6262626262626,4.79814516129032,45.5591397849462,0.950013978494624,80.1666666666667,9.08741935483871,0.730012642889463,"mowing","South","2023",1.72770654458797
14.6262626262626,4.79814516129032,45.5591397849462,0.950013978494624,80.1666666666667,9.08741935483871,0.730012642889463,"mowing","South","2022",2.01644082778368
14.8787878787879,4.79814516129032,45.5591397849462,0.950013978494624,80.1666666666667,9.08741935483871,0.730012642889463,"mowing","Centre","2023",2.39024783232129
14.8787878787879,4.79814516129032,45.5591397849462,0.950013978494624,80.1666666666667,9.08741935483871,0.730012642889463,"mowing","Centre","2022",1.45895457413338
14.8787878787879,4.79814516129032,45.5591397849462,0.950013978494624,80.1666666666667,9.08741935483871,0.730012642889463,"mowing","North","2023",2.22539679765562
14.8787878787879,4.79814516129032,45.5591397849462,0.950013978494624,80.1666666666667,9.08741935483871,0.730012642889463,"mowing","North","2022",1.34484940975329
14.8787878787879,4.79814516129032,45.5591397849462,0.950013978494624,80.1666666666667,9.08741935483871,0.730012642889463,"mowing","South","2023",1.71615629062014
14.8787878787879,4.79814516129032,45.5591397849462,0.950013978494624,80.1666666666667,9.08741935483871,0.730012642889463,"mowing","South","2022",2.00489057381586
15.1313131313131,4.79814516129032,45.5591397849462,0.950013978494624,80.1666666666667,9.08741935483871,0.730012642889463,"mowing","Centre","2023",2.37869757835346
15.1313131313131,4.79814516129032,45.5591397849462,0.950013978494624,80.1666666666667,9.08741935483871,0.730012642889463,"mowing","Centre","2022",1.44740432016555
15.1313131313131,4.79814516129032,45.5591397849462,0.950013978494624,80.1666666666667,9.08741935483871,0.730012642889463,"mowing","North","2023",2.21384654368779
15.1313131313131,4.79814516129032,45.5591397849462,0.950013978494624,80.1666666666667,9.08741935483871,0.730012642889463,"mowing","North","2022",1.33329915578546
15.1313131313131,4.79814516129032,45.5591397849462,0.950013978494624,80.1666666666667,9.08741935483871,0.730012642889463,"mowing","South","2023",1.70460603665232
15.1313131313131,4.79814516129032,45.5591397849462,0.950013978494624,80.1666666666667,9.08741935483871,0.730012642889463,"mowing","South","2022",1.99334031984803
15.3838383838384,4.79814516129032,45.5591397849462,0.950013978494624,80.1666666666667,9.08741935483871,0.730012642889463,"mowing","Centre","2023",2.36714732438564
15.3838383838384,4.79814516129032,45.5591397849462,0.950013978494624,80.1666666666667,9.08741935483871,0.730012642889463,"mowing","Centre","2022",1.43585406619773
15.3838383838384,4.79814516129032,45.5591397849462,0.950013978494624,80.1666666666667,9.08741935483871,0.730012642889463,"mowing","North","2023",2.20229628971997
15.3838383838384,4.79814516129032,45.5591397849462,0.950013978494624,80.1666666666667,9.08741935483871,0.730012642889463,"mowing","North","2022",1.32174890181764
15.3838383838384,4.79814516129032,45.5591397849462,0.950013978494624,80.1666666666667,9.08741935483871,0.730012642889463,"mowing","South","2023",1.6930557826845
15.3838383838384,4.79814516129032,45.5591397849462,0.950013978494624,80.1666666666667,9.08741935483871,0.730012642889463,"mowing","South","2022",1.98179006588021
15.6363636363636,4.79814516129032,45.5591397849462,0.950013978494624,80.1666666666667,9.08741935483871,0.730012642889463,"mowing","Centre","2023",2.35559707041782
15.6363636363636,4.79814516129032,45.5591397849462,0.950013978494624,80.1666666666667,9.08741935483871,0.730012642889463,"mowing","Centre","2022",1.4243038122299
15.6363636363636,4.79814516129032,45.5591397849462,0.950013978494624,80.1666666666667,9.08741935483871,0.730012642889463,"mowing","North","2023",2.19074603575215
15.6363636363636,4.79814516129032,45.5591397849462,0.950013978494624,80.1666666666667,9.08741935483871,0.730012642889463,"mowing","North","2022",1.31019864784982
15.6363636363636,4.79814516129032,45.5591397849462,0.950013978494624,80.1666666666667,9.08741935483871,0.730012642889463,"mowing","South","2023",1.68150552871667
15.6363636363636,4.79814516129032,45.5591397849462,0.950013978494624,80.1666666666667,9.08741935483871,0.730012642889463,"mowing","South","2022",1.97023981191239
15.8888888888889,4.79814516129032,45.5591397849462,0.950013978494624,80.1666666666667,9.08741935483871,0.730012642889463,"mowing","Centre","2023",2.34404681644999
15.8888888888889,4.79814516129032,45.5591397849462,0.950013978494624,80.1666666666667,9.08741935483871,0.730012642889463,"mowing","Centre","2022",1.41275355826208
15.8888888888889,4.79814516129032,45.5591397849462,0.950013978494624,80.1666666666667,9.08741935483871,0.730012642889463,"mowing","North","2023",2.17919578178432
15.8888888888889,4.79814516129032,45.5591397849462,0.950013978494624,80.1666666666667,9.08741935483871,0.730012642889463,"mowing","North","2022",1.29864839388199
15.8888888888889,4.79814516129032,45.5591397849462,0.950013978494624,80.1666666666667,9.08741935483871,0.730012642889463,"mowing","South","2023",1.66995527474885
15.8888888888889,4.79814516129032,45.5591397849462,0.950013978494624,80.1666666666667,9.08741935483871,0.730012642889463,"mowing","South","2022",1.95868955794456
16.1414141414141,4.79814516129032,45.5591397849462,0.950013978494624,80.1666666666667,9.08741935483871,0.730012642889463,"mowing","Centre","2023",2.33249656248217
16.1414141414141,4.79814516129032,45.5591397849462,0.950013978494624,80.1666666666667,9.08741935483871,0.730012642889463,"mowing","Centre","2022",1.40120330429426
16.1414141414141,4.79814516129032,45.5591397849462,0.950013978494624,80.1666666666667,9.08741935483871,0.730012642889463,"mowing","North","2023",2.1676455278165
16.1414141414141,4.79814516129032,45.5591397849462,0.950013978494624,80.1666666666667,9.08741935483871,0.730012642889463,"mowing","North","2022",1.28709813991417
16.1414141414141,4.79814516129032,45.5591397849462,0.950013978494624,80.1666666666667,9.08741935483871,0.730012642889463,"mowing","South","2023",1.65840502078103
16.1414141414141,4.79814516129032,45.5591397849462,0.950013978494624,80.1666666666667,9.08741935483871,0.730012642889463,"mowing","South","2022",1.94713930397674
16.3939393939394,4.79814516129032,45.5591397849462,0.950013978494624,80.1666666666667,9.08741935483871,0.730012642889463,"mowing","Centre","2023",2.32094630851435
16.3939393939394,4.79814516129032,45.5591397849462,0.950013978494624,80.1666666666667,9.08741935483871,0.730012642889463,"mowing","Centre","2022",1.38965305032643
16.3939393939394,4.79814516129032,45.5591397849462,0.950013978494624,80.1666666666667,9.08741935483871,0.730012642889463,"mowing","North","2023",2.15609527384868
16.3939393939394,4.79814516129032,45.5591397849462,0.950013978494624,80.1666666666667,9.08741935483871,0.730012642889463,"mowing","North","2022",1.27554788594635
16.3939393939394,4.79814516129032,45.5591397849462,0.950013978494624,80.1666666666667,9.08741935483871,0.730012642889463,"mowing","South","2023",1.6468547668132
16.3939393939394,4.79814516129032,45.5591397849462,0.950013978494624,80.1666666666667,9.08741935483871,0.730012642889463,"mowing","South","2022",1.93558905000892
16.6464646464646,4.79814516129032,45.5591397849462,0.950013978494624,80.1666666666667,9.08741935483871,0.730012642889463,"mowing","Centre","2023",2.30939605454652
16.6464646464646,4.79814516129032,45.5591397849462,0.950013978494624,80.1666666666667,9.08741935483871,0.730012642889463,"mowing","Centre","2022",1.37810279635861
16.6464646464646,4.79814516129032,45.5591397849462,0.950013978494624,80.1666666666667,9.08741935483871,0.730012642889463,"mowing","North","2023",2.14454501988085
16.6464646464646,4.79814516129032,45.5591397849462,0.950013978494624,80.1666666666667,9.08741935483871,0.730012642889463,"mowing","North","2022",1.26399763197852
16.6464646464646,4.79814516129032,45.5591397849462,0.950013978494624,80.1666666666667,9.08741935483871,0.730012642889463,"mowing","South","2023",1.63530451284538
16.6464646464646,4.79814516129032,45.5591397849462,0.950013978494624,80.1666666666667,9.08741935483871,0.730012642889463,"mowing","South","2022",1.92403879604109
16.8989898989899,4.79814516129032,45.5591397849462,0.950013978494624,80.1666666666667,9.08741935483871,0.730012642889463,"mowing","Centre","2023",2.2978458005787
16.8989898989899,4.79814516129032,45.5591397849462,0.950013978494624,80.1666666666667,9.08741935483871,0.730012642889463,"mowing","Centre","2022",1.36655254239079
16.8989898989899,4.79814516129032,45.5591397849462,0.950013978494624,80.1666666666667,9.08741935483871,0.730012642889463,"mowing","North","2023",2.13299476591303
16.8989898989899,4.79814516129032,45.5591397849462,0.950013978494624,80.1666666666667,9.08741935483871,0.730012642889463,"mowing","North","2022",1.2524473780107
16.8989898989899,4.79814516129032,45.5591397849462,0.950013978494624,80.1666666666667,9.08741935483871,0.730012642889463,"mowing","South","2023",1.62375425887756
16.8989898989899,4.79814516129032,45.5591397849462,0.950013978494624,80.1666666666667,9.08741935483871,0.730012642889463,"mowing","South","2022",1.91248854207327
17.1515151515152,4.79814516129032,45.5591397849462,0.950013978494624,80.1666666666667,9.08741935483871,0.730012642889463,"mowing","Centre","2023",2.28629554661088
17.1515151515152,4.79814516129032,45.5591397849462,0.950013978494624,80.1666666666667,9.08741935483871,0.730012642889463,"mowing","Centre","2022",1.35500228842296
17.1515151515152,4.79814516129032,45.5591397849462,0.950013978494624,80.1666666666667,9.08741935483871,0.730012642889463,"mowing","North","2023",2.12144451194521
17.1515151515152,4.79814516129032,45.5591397849462,0.950013978494624,80.1666666666667,9.08741935483871,0.730012642889463,"mowing","North","2022",1.24089712404288
17.1515151515152,4.79814516129032,45.5591397849462,0.950013978494624,80.1666666666667,9.08741935483871,0.730012642889463,"mowing","South","2023",1.61220400490973
17.1515151515152,4.79814516129032,45.5591397849462,0.950013978494624,80.1666666666667,9.08741935483871,0.730012642889463,"mowing","South","2022",1.90093828810545
17.4040404040404,4.79814516129032,45.5591397849462,0.950013978494624,80.1666666666667,9.08741935483871,0.730012642889463,"mowing","Centre","2023",2.27474529264305
17.4040404040404,4.79814516129032,45.5591397849462,0.950013978494624,80.1666666666667,9.08741935483871,0.730012642889463,"mowing","Centre","2022",1.34345203445514
17.4040404040404,4.79814516129032,45.5591397849462,0.950013978494624,80.1666666666667,9.08741935483871,0.730012642889463,"mowing","North","2023",2.10989425797738
17.4040404040404,4.79814516129032,45.5591397849462,0.950013978494624,80.1666666666667,9.08741935483871,0.730012642889463,"mowing","North","2022",1.22934687007505
17.4040404040404,4.79814516129032,45.5591397849462,0.950013978494624,80.1666666666667,9.08741935483871,0.730012642889463,"mowing","South","2023",1.60065375094191
17.4040404040404,4.79814516129032,45.5591397849462,0.950013978494624,80.1666666666667,9.08741935483871,0.730012642889463,"mowing","South","2022",1.88938803413762
17.6565656565657,4.79814516129032,45.5591397849462,0.950013978494624,80.1666666666667,9.08741935483871,0.730012642889463,"mowing","Centre","2023",2.26319503867523
17.6565656565657,4.79814516129032,45.5591397849462,0.950013978494624,80.1666666666667,9.08741935483871,0.730012642889463,"mowing","Centre","2022",1.33190178048732
17.6565656565657,4.79814516129032,45.5591397849462,0.950013978494624,80.1666666666667,9.08741935483871,0.730012642889463,"mowing","North","2023",2.09834400400956
17.6565656565657,4.79814516129032,45.5591397849462,0.950013978494624,80.1666666666667,9.08741935483871,0.730012642889463,"mowing","North","2022",1.21779661610723
17.6565656565657,4.79814516129032,45.5591397849462,0.950013978494624,80.1666666666667,9.08741935483871,0.730012642889463,"mowing","South","2023",1.58910349697409
17.6565656565657,4.79814516129032,45.5591397849462,0.950013978494624,80.1666666666667,9.08741935483871,0.730012642889463,"mowing","South","2022",1.8778377801698
17.9090909090909,4.79814516129032,45.5591397849462,0.950013978494624,80.1666666666667,9.08741935483871,0.730012642889463,"mowing","Centre","2023",2.25164478470741
17.9090909090909,4.79814516129032,45.5591397849462,0.950013978494624,80.1666666666667,9.08741935483871,0.730012642889463,"mowing","Centre","2022",1.32035152651949
17.9090909090909,4.79814516129032,45.5591397849462,0.950013978494624,80.1666666666667,9.08741935483871,0.730012642889463,"mowing","North","2023",2.08679375004173
17.9090909090909,4.79814516129032,45.5591397849462,0.950013978494624,80.1666666666667,9.08741935483871,0.730012642889463,"mowing","North","2022",1.20624636213941
17.9090909090909,4.79814516129032,45.5591397849462,0.950013978494624,80.1666666666667,9.08741935483871,0.730012642889463,"mowing","South","2023",1.57755324300626
17.9090909090909,4.79814516129032,45.5591397849462,0.950013978494624,80.1666666666667,9.08741935483871,0.730012642889463,"mowing","South","2022",1.86628752620198
18.1616161616162,4.79814516129032,45.5591397849462,0.950013978494624,80.1666666666667,9.08741935483871,0.730012642889463,"mowing","Centre","2023",2.24009453073958
18.1616161616162,4.79814516129032,45.5591397849462,0.950013978494624,80.1666666666667,9.08741935483871,0.730012642889463,"mowing","Centre","2022",1.30880127255167
18.1616161616162,4.79814516129032,45.5591397849462,0.950013978494624,80.1666666666667,9.08741935483871,0.730012642889463,"mowing","North","2023",2.07524349607391
18.1616161616162,4.79814516129032,45.5591397849462,0.950013978494624,80.1666666666667,9.08741935483871,0.730012642889463,"mowing","North","2022",1.19469610817158
18.1616161616162,4.79814516129032,45.5591397849462,0.950013978494624,80.1666666666667,9.08741935483871,0.730012642889463,"mowing","South","2023",1.56600298903844
18.1616161616162,4.79814516129032,45.5591397849462,0.950013978494624,80.1666666666667,9.08741935483871,0.730012642889463,"mowing","South","2022",1.85473727223415
18.4141414141414,4.79814516129032,45.5591397849462,0.950013978494624,80.1666666666667,9.08741935483871,0.730012642889463,"mowing","Centre","2023",2.22854427677176
18.4141414141414,4.79814516129032,45.5591397849462,0.950013978494624,80.1666666666667,9.08741935483871,0.730012642889463,"mowing","Centre","2022",1.29725101858385
18.4141414141414,4.79814516129032,45.5591397849462,0.950013978494624,80.1666666666667,9.08741935483871,0.730012642889463,"mowing","North","2023",2.06369324210609
18.4141414141414,4.79814516129032,45.5591397849462,0.950013978494624,80.1666666666667,9.08741935483871,0.730012642889463,"mowing","North","2022",1.18314585420376
18.4141414141414,4.79814516129032,45.5591397849462,0.950013978494624,80.1666666666667,9.08741935483871,0.730012642889463,"mowing","South","2023",1.55445273507062
18.4141414141414,4.79814516129032,45.5591397849462,0.950013978494624,80.1666666666667,9.08741935483871,0.730012642889463,"mowing","South","2022",1.84318701826633
18.6666666666667,4.79814516129032,45.5591397849462,0.950013978494624,80.1666666666667,9.08741935483871,0.730012642889463,"mowing","Centre","2023",2.21699402280394
18.6666666666667,4.79814516129032,45.5591397849462,0.950013978494624,80.1666666666667,9.08741935483871,0.730012642889463,"mowing","Centre","2022",1.28570076461602
18.6666666666667,4.79814516129032,45.5591397849462,0.950013978494624,80.1666666666667,9.08741935483871,0.730012642889463,"mowing","North","2023",2.05214298813826
18.6666666666667,4.79814516129032,45.5591397849462,0.950013978494624,80.1666666666667,9.08741935483871,0.730012642889463,"mowing","North","2022",1.17159560023594
18.6666666666667,4.79814516129032,45.5591397849462,0.950013978494624,80.1666666666667,9.08741935483871,0.730012642889463,"mowing","South","2023",1.54290248110279
18.6666666666667,4.79814516129032,45.5591397849462,0.950013978494624,80.1666666666667,9.08741935483871,0.730012642889463,"mowing","South","2022",1.83163676429851
18.9191919191919,4.79814516129032,45.5591397849462,0.950013978494624,80.1666666666667,9.08741935483871,0.730012642889463,"mowing","Centre","2023",2.20544376883611
18.9191919191919,4.79814516129032,45.5591397849462,0.950013978494624,80.1666666666667,9.08741935483871,0.730012642889463,"mowing","Centre","2022",1.2741505106482
18.9191919191919,4.79814516129032,45.5591397849462,0.950013978494624,80.1666666666667,9.08741935483871,0.730012642889463,"mowing","North","2023",2.04059273417044
18.9191919191919,4.79814516129032,45.5591397849462,0.950013978494624,80.1666666666667,9.08741935483871,0.730012642889463,"mowing","North","2022",1.16004534626811
18.9191919191919,4.79814516129032,45.5591397849462,0.950013978494624,80.1666666666667,9.08741935483871,0.730012642889463,"mowing","South","2023",1.53135222713497
18.9191919191919,4.79814516129032,45.5591397849462,0.950013978494624,80.1666666666667,9.08741935483871,0.730012642889463,"mowing","South","2022",1.82008651033068
19.1717171717172,4.79814516129032,45.5591397849462,0.950013978494624,80.1666666666667,9.08741935483871,0.730012642889463,"mowing","Centre","2023",2.19389351486829
19.1717171717172,4.79814516129032,45.5591397849462,0.950013978494624,80.1666666666667,9.08741935483871,0.730012642889463,"mowing","Centre","2022",1.26260025668038
19.1717171717172,4.79814516129032,45.5591397849462,0.950013978494624,80.1666666666667,9.08741935483871,0.730012642889463,"mowing","North","2023",2.02904248020262
19.1717171717172,4.79814516129032,45.5591397849462,0.950013978494624,80.1666666666667,9.08741935483871,0.730012642889463,"mowing","North","2022",1.14849509230029
19.1717171717172,4.79814516129032,45.5591397849462,0.950013978494624,80.1666666666667,9.08741935483871,0.730012642889463,"mowing","South","2023",1.51980197316715
19.1717171717172,4.79814516129032,45.5591397849462,0.950013978494624,80.1666666666667,9.08741935483871,0.730012642889463,"mowing","South","2022",1.80853625636286
19.4242424242424,4.79814516129032,45.5591397849462,0.950013978494624,80.1666666666667,9.08741935483871,0.730012642889463,"mowing","Centre","2023",2.18234326090047
19.4242424242424,4.79814516129032,45.5591397849462,0.950013978494624,80.1666666666667,9.08741935483871,0.730012642889463,"mowing","Centre","2022",1.25105000271255
19.4242424242424,4.79814516129032,45.5591397849462,0.950013978494624,80.1666666666667,9.08741935483871,0.730012642889463,"mowing","North","2023",2.01749222623479
19.4242424242424,4.79814516129032,45.5591397849462,0.950013978494624,80.1666666666667,9.08741935483871,0.730012642889463,"mowing","North","2022",1.13694483833247
19.4242424242424,4.79814516129032,45.5591397849462,0.950013978494624,80.1666666666667,9.08741935483871,0.730012642889463,"mowing","South","2023",1.50825171919932
19.4242424242424,4.79814516129032,45.5591397849462,0.950013978494624,80.1666666666667,9.08741935483871,0.730012642889463,"mowing","South","2022",1.79698600239504
19.6767676767677,4.79814516129032,45.5591397849462,0.950013978494624,80.1666666666667,9.08741935483871,0.730012642889463,"mowing","Centre","2023",2.17079300693264
19.6767676767677,4.79814516129032,45.5591397849462,0.950013978494624,80.1666666666667,9.08741935483871,0.730012642889463,"mowing","Centre","2022",1.23949974874473
19.6767676767677,4.79814516129032,45.5591397849462,0.950013978494624,80.1666666666667,9.08741935483871,0.730012642889463,"mowing","North","2023",2.00594197226697
19.6767676767677,4.79814516129032,45.5591397849462,0.950013978494624,80.1666666666667,9.08741935483871,0.730012642889463,"mowing","North","2022",1.12539458436464
19.6767676767677,4.79814516129032,45.5591397849462,0.950013978494624,80.1666666666667,9.08741935483871,0.730012642889463,"mowing","South","2023",1.4967014652315
19.6767676767677,4.79814516129032,45.5591397849462,0.950013978494624,80.1666666666667,9.08741935483871,0.730012642889463,"mowing","South","2022",1.78543574842721
19.9292929292929,4.79814516129032,45.5591397849462,0.950013978494624,80.1666666666667,9.08741935483871,0.730012642889463,"mowing","Centre","2023",2.15924275296482
19.9292929292929,4.79814516129032,45.5591397849462,0.950013978494624,80.1666666666667,9.08741935483871,0.730012642889463,"mowing","Centre","2022",1.22794949477691
19.9292929292929,4.79814516129032,45.5591397849462,0.950013978494624,80.1666666666667,9.08741935483871,0.730012642889463,"mowing","North","2023",1.99439171829915
19.9292929292929,4.79814516129032,45.5591397849462,0.950013978494624,80.1666666666667,9.08741935483871,0.730012642889463,"mowing","North","2022",1.11384433039682
19.9292929292929,4.79814516129032,45.5591397849462,0.950013978494624,80.1666666666667,9.08741935483871,0.730012642889463,"mowing","South","2023",1.48515121126368
19.9292929292929,4.79814516129032,45.5591397849462,0.950013978494624,80.1666666666667,9.08741935483871,0.730012642889463,"mowing","South","2022",1.77388549445939
20.1818181818182,4.79814516129032,45.5591397849462,0.950013978494624,80.1666666666667,9.08741935483871,0.730012642889463,"mowing","Centre","2023",2.14769249899699
20.1818181818182,4.79814516129032,45.5591397849462,0.950013978494624,80.1666666666667,9.08741935483871,0.730012642889463,"mowing","Centre","2022",1.21639924080908
20.1818181818182,4.79814516129032,45.5591397849462,0.950013978494624,80.1666666666667,9.08741935483871,0.730012642889463,"mowing","North","2023",1.98284146433132
20.1818181818182,4.79814516129032,45.5591397849462,0.950013978494624,80.1666666666667,9.08741935483871,0.730012642889463,"mowing","North","2022",1.102294076429
20.1818181818182,4.79814516129032,45.5591397849462,0.950013978494624,80.1666666666667,9.08741935483871,0.730012642889463,"mowing","South","2023",1.47360095729585
20.1818181818182,4.79814516129032,45.5591397849462,0.950013978494624,80.1666666666667,9.08741935483871,0.730012642889463,"mowing","South","2022",1.76233524049157
20.4343434343434,4.79814516129032,45.5591397849462,0.950013978494624,80.1666666666667,9.08741935483871,0.730012642889463,"mowing","Centre","2023",2.13614224502917
20.4343434343434,4.79814516129032,45.5591397849462,0.950013978494624,80.1666666666667,9.08741935483871,0.730012642889463,"mowing","Centre","2022",1.20484898684126
20.4343434343434,4.79814516129032,45.5591397849462,0.950013978494624,80.1666666666667,9.08741935483871,0.730012642889463,"mowing","North","2023",1.9712912103635
20.4343434343434,4.79814516129032,45.5591397849462,0.950013978494624,80.1666666666667,9.08741935483871,0.730012642889463,"mowing","North","2022",1.09074382246117
20.4343434343434,4.79814516129032,45.5591397849462,0.950013978494624,80.1666666666667,9.08741935483871,0.730012642889463,"mowing","South","2023",1.46205070332803
20.4343434343434,4.79814516129032,45.5591397849462,0.950013978494624,80.1666666666667,9.08741935483871,0.730012642889463,"mowing","South","2022",1.75078498652374
20.6868686868687,4.79814516129032,45.5591397849462,0.950013978494624,80.1666666666667,9.08741935483871,0.730012642889463,"mowing","Centre","2023",2.12459199106135
20.6868686868687,4.79814516129032,45.5591397849462,0.950013978494624,80.1666666666667,9.08741935483871,0.730012642889463,"mowing","Centre","2022",1.19329873287344
20.6868686868687,4.79814516129032,45.5591397849462,0.950013978494624,80.1666666666667,9.08741935483871,0.730012642889463,"mowing","North","2023",1.95974095639568
20.6868686868687,4.79814516129032,45.5591397849462,0.950013978494624,80.1666666666667,9.08741935483871,0.730012642889463,"mowing","North","2022",1.07919356849335
20.6868686868687,4.79814516129032,45.5591397849462,0.950013978494624,80.1666666666667,9.08741935483871,0.730012642889463,"mowing","South","2023",1.45050044936021
20.6868686868687,4.79814516129032,45.5591397849462,0.950013978494624,80.1666666666667,9.08741935483871,0.730012642889463,"mowing","South","2022",1.73923473255592
20.9393939393939,4.79814516129032,45.5591397849462,0.950013978494624,80.1666666666667,9.08741935483871,0.730012642889463,"mowing","Centre","2023",2.11304173709352
20.9393939393939,4.79814516129032,45.5591397849462,0.950013978494624,80.1666666666667,9.08741935483871,0.730012642889463,"mowing","Centre","2022",1.18174847890561
20.9393939393939,4.79814516129032,45.5591397849462,0.950013978494624,80.1666666666667,9.08741935483871,0.730012642889463,"mowing","North","2023",1.94819070242785
20.9393939393939,4.79814516129032,45.5591397849462,0.950013978494624,80.1666666666667,9.08741935483871,0.730012642889463,"mowing","North","2022",1.06764331452553
20.9393939393939,4.79814516129032,45.5591397849462,0.950013978494624,80.1666666666667,9.08741935483871,0.730012642889463,"mowing","South","2023",1.43895019539238
20.9393939393939,4.79814516129032,45.5591397849462,0.950013978494624,80.1666666666667,9.08741935483871,0.730012642889463,"mowing","South","2022",1.7276844785881
21.1919191919192,4.79814516129032,45.5591397849462,0.950013978494624,80.1666666666667,9.08741935483871,0.730012642889463,"mowing","Centre","2023",2.1014914831257
21.1919191919192,4.79814516129032,45.5591397849462,0.950013978494624,80.1666666666667,9.08741935483871,0.730012642889463,"mowing","Centre","2022",1.17019822493779
21.1919191919192,4.79814516129032,45.5591397849462,0.950013978494624,80.1666666666667,9.08741935483871,0.730012642889463,"mowing","North","2023",1.93664044846003
21.1919191919192,4.79814516129032,45.5591397849462,0.950013978494624,80.1666666666667,9.08741935483871,0.730012642889463,"mowing","North","2022",1.0560930605577
21.1919191919192,4.79814516129032,45.5591397849462,0.950013978494624,80.1666666666667,9.08741935483871,0.730012642889463,"mowing","South","2023",1.42739994142456
21.1919191919192,4.79814516129032,45.5591397849462,0.950013978494624,80.1666666666667,9.08741935483871,0.730012642889463,"mowing","South","2022",1.71613422462027
21.4444444444444,4.79814516129032,45.5591397849462,0.950013978494624,80.1666666666667,9.08741935483871,0.730012642889463,"mowing","Centre","2023",2.08994122915788
21.4444444444444,4.79814516129032,45.5591397849462,0.950013978494624,80.1666666666667,9.08741935483871,0.730012642889463,"mowing","Centre","2022",1.15864797096997
21.4444444444444,4.79814516129032,45.5591397849462,0.950013978494624,80.1666666666667,9.08741935483871,0.730012642889463,"mowing","North","2023",1.92509019449221
21.4444444444444,4.79814516129032,45.5591397849462,0.950013978494624,80.1666666666667,9.08741935483871,0.730012642889463,"mowing","North","2022",1.04454280658988
21.4444444444444,4.79814516129032,45.5591397849462,0.950013978494624,80.1666666666667,9.08741935483871,0.730012642889463,"mowing","South","2023",1.41584968745674
21.4444444444444,4.79814516129032,45.5591397849462,0.950013978494624,80.1666666666667,9.08741935483871,0.730012642889463,"mowing","South","2022",1.70458397065245
21.6969696969697,4.79814516129032,45.5591397849462,0.950013978494624,80.1666666666667,9.08741935483871,0.730012642889463,"mowing","Centre","2023",2.07839097519005
21.6969696969697,4.79814516129032,45.5591397849462,0.950013978494624,80.1666666666667,9.08741935483871,0.730012642889463,"mowing","Centre","2022",1.14709771700214
21.6969696969697,4.79814516129032,45.5591397849462,0.950013978494624,80.1666666666667,9.08741935483871,0.730012642889463,"mowing","North","2023",1.91353994052438
21.6969696969697,4.79814516129032,45.5591397849462,0.950013978494624,80.1666666666667,9.08741935483871,0.730012642889463,"mowing","North","2022",1.03299255262206
21.6969696969697,4.79814516129032,45.5591397849462,0.950013978494624,80.1666666666667,9.08741935483871,0.730012642889463,"mowing","South","2023",1.40429943348891
21.6969696969697,4.79814516129032,45.5591397849462,0.950013978494624,80.1666666666667,9.08741935483871,0.730012642889463,"mowing","South","2022",1.69303371668463
21.949494949495,4.79814516129032,45.5591397849462,0.950013978494624,80.1666666666667,9.08741935483871,0.730012642889463,"mowing","Centre","2023",2.06684072122223
21.949494949495,4.79814516129032,45.5591397849462,0.950013978494624,80.1666666666667,9.08741935483871,0.730012642889463,"mowing","Centre","2022",1.13554746303432
21.949494949495,4.79814516129032,45.5591397849462,0.950013978494624,80.1666666666667,9.08741935483871,0.730012642889463,"mowing","North","2023",1.90198968655656
21.949494949495,4.79814516129032,45.5591397849462,0.950013978494624,80.1666666666667,9.08741935483871,0.730012642889463,"mowing","North","2022",1.02144229865423
21.949494949495,4.79814516129032,45.5591397849462,0.950013978494624,80.1666666666667,9.08741935483871,0.730012642889463,"mowing","South","2023",1.39274917952109
21.949494949495,4.79814516129032,45.5591397849462,0.950013978494624,80.1666666666667,9.08741935483871,0.730012642889463,"mowing","South","2022",1.6814834627168
22.2020202020202,4.79814516129032,45.5591397849462,0.950013978494624,80.1666666666667,9.08741935483871,0.730012642889463,"mowing","Centre","2023",2.05529046725441
22.2020202020202,4.79814516129032,45.5591397849462,0.950013978494624,80.1666666666667,9.08741935483871,0.730012642889463,"mowing","Centre","2022",1.1239972090665
22.2020202020202,4.79814516129032,45.5591397849462,0.950013978494624,80.1666666666667,9.08741935483871,0.730012642889463,"mowing","North","2023",1.89043943258874
22.2020202020202,4.79814516129032,45.5591397849462,0.950013978494624,80.1666666666667,9.08741935483871,0.730012642889463,"mowing","North","2022",1.00989204468641
22.2020202020202,4.79814516129032,45.5591397849462,0.950013978494624,80.1666666666667,9.08741935483871,0.730012642889463,"mowing","South","2023",1.38119892555327
22.2020202020202,4.79814516129032,45.5591397849462,0.950013978494624,80.1666666666667,9.08741935483871,0.730012642889463,"mowing","South","2022",1.66993320874898
22.4545454545455,4.79814516129032,45.5591397849462,0.950013978494624,80.1666666666667,9.08741935483871,0.730012642889463,"mowing","Centre","2023",2.04374021328658
22.4545454545455,4.79814516129032,45.5591397849462,0.950013978494624,80.1666666666667,9.08741935483871,0.730012642889463,"mowing","Centre","2022",1.11244695509867
22.4545454545455,4.79814516129032,45.5591397849462,0.950013978494624,80.1666666666667,9.08741935483871,0.730012642889463,"mowing","North","2023",1.87888917862091
22.4545454545455,4.79814516129032,45.5591397849462,0.950013978494624,80.1666666666667,9.08741935483871,0.730012642889463,"mowing","North","2022",0.998341790718585
22.4545454545455,4.79814516129032,45.5591397849462,0.950013978494624,80.1666666666667,9.08741935483871,0.730012642889463,"mowing","South","2023",1.36964867158544
22.4545454545455,4.79814516129032,45.5591397849462,0.950013978494624,80.1666666666667,9.08741935483871,0.730012642889463,"mowing","South","2022",1.65838295478116
22.7070707070707,4.79814516129032,45.5591397849462,0.950013978494624,80.1666666666667,9.08741935483871,0.730012642889463,"mowing","Centre","2023",2.03218995931876
22.7070707070707,4.79814516129032,45.5591397849462,0.950013978494624,80.1666666666667,9.08741935483871,0.730012642889463,"mowing","Centre","2022",1.10089670113085
22.7070707070707,4.79814516129032,45.5591397849462,0.950013978494624,80.1666666666667,9.08741935483871,0.730012642889463,"mowing","North","2023",1.86733892465309
22.7070707070707,4.79814516129032,45.5591397849462,0.950013978494624,80.1666666666667,9.08741935483871,0.730012642889463,"mowing","North","2022",0.986791536750762
22.7070707070707,4.79814516129032,45.5591397849462,0.950013978494624,80.1666666666667,9.08741935483871,0.730012642889463,"mowing","South","2023",1.35809841761762
22.7070707070707,4.79814516129032,45.5591397849462,0.950013978494624,80.1666666666667,9.08741935483871,0.730012642889463,"mowing","South","2022",1.64683270081333
22.959595959596,4.79814516129032,45.5591397849462,0.950013978494624,80.1666666666667,9.08741935483871,0.730012642889463,"mowing","Centre","2023",2.02063970535094
22.959595959596,4.79814516129032,45.5591397849462,0.950013978494624,80.1666666666667,9.08741935483871,0.730012642889463,"mowing","Centre","2022",1.08934644716303
22.959595959596,4.79814516129032,45.5591397849462,0.950013978494624,80.1666666666667,9.08741935483871,0.730012642889463,"mowing","North","2023",1.85578867068527
22.959595959596,4.79814516129032,45.5591397849462,0.950013978494624,80.1666666666667,9.08741935483871,0.730012642889463,"mowing","North","2022",0.975241282782938
22.959595959596,4.79814516129032,45.5591397849462,0.950013978494624,80.1666666666667,9.08741935483871,0.730012642889463,"mowing","South","2023",1.3465481636498
22.959595959596,4.79814516129032,45.5591397849462,0.950013978494624,80.1666666666667,9.08741935483871,0.730012642889463,"mowing","South","2022",1.63528244684551
23.2121212121212,4.79814516129032,45.5591397849462,0.950013978494624,80.1666666666667,9.08741935483871,0.730012642889463,"mowing","Centre","2023",2.00908945138311
23.2121212121212,4.79814516129032,45.5591397849462,0.950013978494624,80.1666666666667,9.08741935483871,0.730012642889463,"mowing","Centre","2022",1.0777961931952
23.2121212121212,4.79814516129032,45.5591397849462,0.950013978494624,80.1666666666667,9.08741935483871,0.730012642889463,"mowing","North","2023",1.84423841671744
23.2121212121212,4.79814516129032,45.5591397849462,0.950013978494624,80.1666666666667,9.08741935483871,0.730012642889463,"mowing","North","2022",0.963691028815115
23.2121212121212,4.79814516129032,45.5591397849462,0.950013978494624,80.1666666666667,9.08741935483871,0.730012642889463,"mowing","South","2023",1.33499790968197
23.2121212121212,4.79814516129032,45.5591397849462,0.950013978494624,80.1666666666667,9.08741935483871,0.730012642889463,"mowing","South","2022",1.62373219287769
23.4646464646465,4.79814516129032,45.5591397849462,0.950013978494624,80.1666666666667,9.08741935483871,0.730012642889463,"mowing","Centre","2023",1.99753919741529
23.4646464646465,4.79814516129032,45.5591397849462,0.950013978494624,80.1666666666667,9.08741935483871,0.730012642889463,"mowing","Centre","2022",1.06624593922738
23.4646464646465,4.79814516129032,45.5591397849462,0.950013978494624,80.1666666666667,9.08741935483871,0.730012642889463,"mowing","North","2023",1.83268816274962
23.4646464646465,4.79814516129032,45.5591397849462,0.950013978494624,80.1666666666667,9.08741935483871,0.730012642889463,"mowing","North","2022",0.952140774847291
23.4646464646465,4.79814516129032,45.5591397849462,0.950013978494624,80.1666666666667,9.08741935483871,0.730012642889463,"mowing","South","2023",1.32344765571415
23.4646464646465,4.79814516129032,45.5591397849462,0.950013978494624,80.1666666666667,9.08741935483871,0.730012642889463,"mowing","South","2022",1.61218193890986
23.7171717171717,4.79814516129032,45.5591397849462,0.950013978494624,80.1666666666667,9.08741935483871,0.730012642889463,"mowing","Centre","2023",1.98598894344747
23.7171717171717,4.79814516129032,45.5591397849462,0.950013978494624,80.1666666666667,9.08741935483871,0.730012642889463,"mowing","Centre","2022",1.05469568525956
23.7171717171717,4.79814516129032,45.5591397849462,0.950013978494624,80.1666666666667,9.08741935483871,0.730012642889463,"mowing","North","2023",1.8211379087818
23.7171717171717,4.79814516129032,45.5591397849462,0.950013978494624,80.1666666666667,9.08741935483871,0.730012642889463,"mowing","North","2022",0.940590520879468
23.7171717171717,4.79814516129032,45.5591397849462,0.950013978494624,80.1666666666667,9.08741935483871,0.730012642889463,"mowing","South","2023",1.31189740174632
23.7171717171717,4.79814516129032,45.5591397849462,0.950013978494624,80.1666666666667,9.08741935483871,0.730012642889463,"mowing","South","2022",1.60063168494204
23.969696969697,4.79814516129032,45.5591397849462,0.950013978494624,80.1666666666667,9.08741935483871,0.730012642889463,"mowing","Centre","2023",1.97443868947964
23.969696969697,4.79814516129032,45.5591397849462,0.950013978494624,80.1666666666667,9.08741935483871,0.730012642889463,"mowing","Centre","2022",1.04314543129173
23.969696969697,4.79814516129032,45.5591397849462,0.950013978494624,80.1666666666667,9.08741935483871,0.730012642889463,"mowing","North","2023",1.80958765481397
23.969696969697,4.79814516129032,45.5591397849462,0.950013978494624,80.1666666666667,9.08741935483871,0.730012642889463,"mowing","North","2022",0.929040266911644
23.969696969697,4.79814516129032,45.5591397849462,0.950013978494624,80.1666666666667,9.08741935483871,0.730012642889463,"mowing","South","2023",1.3003471477785
23.969696969697,4.79814516129032,45.5591397849462,0.950013978494624,80.1666666666667,9.08741935483871,0.730012642889463,"mowing","South","2022",1.58908143097421
24.2222222222222,4.79814516129032,45.5591397849462,0.950013978494624,80.1666666666667,9.08741935483871,0.730012642889463,"mowing","Centre","2023",1.96288843551182
24.2222222222222,4.79814516129032,45.5591397849462,0.950013978494624,80.1666666666667,9.08741935483871,0.730012642889463,"mowing","Centre","2022",1.03159517732391
24.2222222222222,4.79814516129032,45.5591397849462,0.950013978494624,80.1666666666667,9.08741935483871,0.730012642889463,"mowing","North","2023",1.79803740084615
24.2222222222222,4.79814516129032,45.5591397849462,0.950013978494624,80.1666666666667,9.08741935483871,0.730012642889463,"mowing","North","2022",0.917490012943821
24.2222222222222,4.79814516129032,45.5591397849462,0.950013978494624,80.1666666666667,9.08741935483871,0.730012642889463,"mowing","South","2023",1.28879689381068
24.2222222222222,4.79814516129032,45.5591397849462,0.950013978494624,80.1666666666667,9.08741935483871,0.730012642889463,"mowing","South","2022",1.57753117700639
24.4747474747475,4.79814516129032,45.5591397849462,0.950013978494624,80.1666666666667,9.08741935483871,0.730012642889463,"mowing","Centre","2023",1.951338181544
24.4747474747475,4.79814516129032,45.5591397849462,0.950013978494624,80.1666666666667,9.08741935483871,0.730012642889463,"mowing","Centre","2022",1.02004492335609
24.4747474747475,4.79814516129032,45.5591397849462,0.950013978494624,80.1666666666667,9.08741935483871,0.730012642889463,"mowing","North","2023",1.78648714687833
24.4747474747475,4.79814516129032,45.5591397849462,0.950013978494624,80.1666666666667,9.08741935483871,0.730012642889463,"mowing","North","2022",0.905939758975998
24.4747474747475,4.79814516129032,45.5591397849462,0.950013978494624,80.1666666666667,9.08741935483871,0.730012642889463,"mowing","South","2023",1.27724663984285
24.4747474747475,4.79814516129032,45.5591397849462,0.950013978494624,80.1666666666667,9.08741935483871,0.730012642889463,"mowing","South","2022",1.56598092303857
24.7272727272727,4.79814516129032,45.5591397849462,0.950013978494624,80.1666666666667,9.08741935483871,0.730012642889463,"mowing","Centre","2023",1.93978792757617
24.7272727272727,4.79814516129032,45.5591397849462,0.950013978494624,80.1666666666667,9.08741935483871,0.730012642889463,"mowing","Centre","2022",1.00849466938826
24.7272727272727,4.79814516129032,45.5591397849462,0.950013978494624,80.1666666666667,9.08741935483871,0.730012642889463,"mowing","North","2023",1.7749368929105
24.7272727272727,4.79814516129032,45.5591397849462,0.950013978494624,80.1666666666667,9.08741935483871,0.730012642889463,"mowing","North","2022",0.894389505008174
24.7272727272727,4.79814516129032,45.5591397849462,0.950013978494624,80.1666666666667,9.08741935483871,0.730012642889463,"mowing","South","2023",1.26569638587503
24.7272727272727,4.79814516129032,45.5591397849462,0.950013978494624,80.1666666666667,9.08741935483871,0.730012642889463,"mowing","South","2022",1.55443066907074
24.979797979798,4.79814516129032,45.5591397849462,0.950013978494624,80.1666666666667,9.08741935483871,0.730012642889463,"mowing","Centre","2023",1.92823767360835
24.979797979798,4.79814516129032,45.5591397849462,0.950013978494624,80.1666666666667,9.08741935483871,0.730012642889463,"mowing","Centre","2022",0.996944415420438
24.979797979798,4.79814516129032,45.5591397849462,0.950013978494624,80.1666666666667,9.08741935483871,0.730012642889463,"mowing","North","2023",1.76338663894268
24.979797979798,4.79814516129032,45.5591397849462,0.950013978494624,80.1666666666667,9.08741935483871,0.730012642889463,"mowing","North","2022",0.882839251040351
24.979797979798,4.79814516129032,45.5591397849462,0.950013978494624,80.1666666666667,9.08741935483871,0.730012642889463,"mowing","South","2023",1.25414613190721
24.979797979798,4.79814516129032,45.5591397849462,0.950013978494624,80.1666666666667,9.08741935483871,0.730012642889463,"mowing","South","2022",1.54288041510292
25.2323232323232,4.79814516129032,45.5591397849462,0.950013978494624,80.1666666666667,9.08741935483871,0.730012642889463,"mowing","Centre","2023",1.91668741964053
25.2323232323232,4.79814516129032,45.5591397849462,0.950013978494624,80.1666666666667,9.08741935483871,0.730012642889463,"mowing","Centre","2022",0.985394161452615
25.2323232323232,4.79814516129032,45.5591397849462,0.950013978494624,80.1666666666667,9.08741935483871,0.730012642889463,"mowing","North","2023",1.75183638497486
25.2323232323232,4.79814516129032,45.5591397849462,0.950013978494624,80.1666666666667,9.08741935483871,0.730012642889463,"mowing","North","2022",0.871288997072527
25.2323232323232,4.79814516129032,45.5591397849462,0.950013978494624,80.1666666666667,9.08741935483871,0.730012642889463,"mowing","South","2023",1.24259587793939
25.2323232323232,4.79814516129032,45.5591397849462,0.950013978494624,80.1666666666667,9.08741935483871,0.730012642889463,"mowing","South","2022",1.5313301611351
25.4848484848485,4.79814516129032,45.5591397849462,0.950013978494624,80.1666666666667,9.08741935483871,0.730012642889463,"mowing","Centre","2023",1.9051371656727
25.4848484848485,4.79814516129032,45.5591397849462,0.950013978494624,80.1666666666667,9.08741935483871,0.730012642889463,"mowing","Centre","2022",0.973843907484791
25.4848484848485,4.79814516129032,45.5591397849462,0.950013978494624,80.1666666666667,9.08741935483871,0.730012642889463,"mowing","North","2023",1.74028613100703
25.4848484848485,4.79814516129032,45.5591397849462,0.950013978494624,80.1666666666667,9.08741935483871,0.730012642889463,"mowing","North","2022",0.859738743104704
25.4848484848485,4.79814516129032,45.5591397849462,0.950013978494624,80.1666666666667,9.08741935483871,0.730012642889463,"mowing","South","2023",1.23104562397156
25.4848484848485,4.79814516129032,45.5591397849462,0.950013978494624,80.1666666666667,9.08741935483871,0.730012642889463,"mowing","South","2022",1.51977990716727
25.7373737373737,4.79814516129032,45.5591397849462,0.950013978494624,80.1666666666667,9.08741935483871,0.730012642889463,"mowing","Centre","2023",1.89358691170488
25.7373737373737,4.79814516129032,45.5591397849462,0.950013978494624,80.1666666666667,9.08741935483871,0.730012642889463,"mowing","Centre","2022",0.962293653516968
25.7373737373737,4.79814516129032,45.5591397849462,0.950013978494624,80.1666666666667,9.08741935483871,0.730012642889463,"mowing","North","2023",1.72873587703921
25.7373737373737,4.79814516129032,45.5591397849462,0.950013978494624,80.1666666666667,9.08741935483871,0.730012642889463,"mowing","North","2022",0.84818848913688
25.7373737373737,4.79814516129032,45.5591397849462,0.950013978494624,80.1666666666667,9.08741935483871,0.730012642889463,"mowing","South","2023",1.21949537000374
25.7373737373737,4.79814516129032,45.5591397849462,0.950013978494624,80.1666666666667,9.08741935483871,0.730012642889463,"mowing","South","2022",1.50822965319945
25.989898989899,4.79814516129032,45.5591397849462,0.950013978494624,80.1666666666667,9.08741935483871,0.730012642889463,"mowing","Centre","2023",1.88203665773706
25.989898989899,4.79814516129032,45.5591397849462,0.950013978494624,80.1666666666667,9.08741935483871,0.730012642889463,"mowing","Centre","2022",0.950743399549145
25.989898989899,4.79814516129032,45.5591397849462,0.950013978494624,80.1666666666667,9.08741935483871,0.730012642889463,"mowing","North","2023",1.71718562307138
25.989898989899,4.79814516129032,45.5591397849462,0.950013978494624,80.1666666666667,9.08741935483871,0.730012642889463,"mowing","North","2022",0.836638235169057
25.989898989899,4.79814516129032,45.5591397849462,0.950013978494624,80.1666666666667,9.08741935483871,0.730012642889463,"mowing","South","2023",1.20794511603591
25.989898989899,4.79814516129032,45.5591397849462,0.950013978494624,80.1666666666667,9.08741935483871,0.730012642889463,"mowing","South","2022",1.49667939923163
26.2424242424242,4.79814516129032,45.5591397849462,0.950013978494624,80.1666666666667,9.08741935483871,0.730012642889463,"mowing","Centre","2023",1.87048640376923
26.2424242424242,4.79814516129032,45.5591397849462,0.950013978494624,80.1666666666667,9.08741935483871,0.730012642889463,"mowing","Centre","2022",0.939193145581321
26.2424242424242,4.79814516129032,45.5591397849462,0.950013978494624,80.1666666666667,9.08741935483871,0.730012642889463,"mowing","North","2023",1.70563536910356
26.2424242424242,4.79814516129032,45.5591397849462,0.950013978494624,80.1666666666667,9.08741935483871,0.730012642889463,"mowing","North","2022",0.825087981201234
26.2424242424242,4.79814516129032,45.5591397849462,0.950013978494624,80.1666666666667,9.08741935483871,0.730012642889463,"mowing","South","2023",1.19639486206809
26.2424242424242,4.79814516129032,45.5591397849462,0.950013978494624,80.1666666666667,9.08741935483871,0.730012642889463,"mowing","South","2022",1.4851291452638
26.4949494949495,4.79814516129032,45.5591397849462,0.950013978494624,80.1666666666667,9.08741935483871,0.730012642889463,"mowing","Centre","2023",1.85893614980141
26.4949494949495,4.79814516129032,45.5591397849462,0.950013978494624,80.1666666666667,9.08741935483871,0.730012642889463,"mowing","Centre","2022",0.927642891613498
26.4949494949495,4.79814516129032,45.5591397849462,0.950013978494624,80.1666666666667,9.08741935483871,0.730012642889463,"mowing","North","2023",1.69408511513574
26.4949494949495,4.79814516129032,45.5591397849462,0.950013978494624,80.1666666666667,9.08741935483871,0.730012642889463,"mowing","North","2022",0.81353772723341
26.4949494949495,4.79814516129032,45.5591397849462,0.950013978494624,80.1666666666667,9.08741935483871,0.730012642889463,"mowing","South","2023",1.18484460810027
26.4949494949495,4.79814516129032,45.5591397849462,0.950013978494624,80.1666666666667,9.08741935483871,0.730012642889463,"mowing","South","2022",1.47357889129598
26.7474747474747,4.79814516129032,45.5591397849462,0.950013978494624,80.1666666666667,9.08741935483871,0.730012642889463,"mowing","Centre","2023",1.84738589583359
26.7474747474747,4.79814516129032,45.5591397849462,0.950013978494624,80.1666666666667,9.08741935483871,0.730012642889463,"mowing","Centre","2022",0.916092637645674
26.7474747474747,4.79814516129032,45.5591397849462,0.950013978494624,80.1666666666667,9.08741935483871,0.730012642889463,"mowing","North","2023",1.68253486116791
26.7474747474747,4.79814516129032,45.5591397849462,0.950013978494624,80.1666666666667,9.08741935483871,0.730012642889463,"mowing","North","2022",0.801987473265587
26.7474747474747,4.79814516129032,45.5591397849462,0.950013978494624,80.1666666666667,9.08741935483871,0.730012642889463,"mowing","South","2023",1.17329435413244
26.7474747474747,4.79814516129032,45.5591397849462,0.950013978494624,80.1666666666667,9.08741935483871,0.730012642889463,"mowing","South","2022",1.46202863732816
27,4.79814516129032,45.5591397849462,0.950013978494624,80.1666666666667,9.08741935483871,0.730012642889463,"mowing","Centre","2023",1.83583564186576
27,4.79814516129032,45.5591397849462,0.950013978494624,80.1666666666667,9.08741935483871,0.730012642889463,"mowing","Centre","2022",0.904542383677851
27,4.79814516129032,45.5591397849462,0.950013978494624,80.1666666666667,9.08741935483871,0.730012642889463,"mowing","North","2023",1.67098460720009
27,4.79814516129032,45.5591397849462,0.950013978494624,80.1666666666667,9.08741935483871,0.730012642889463,"mowing","North","2022",0.790437219297764
27,4.79814516129032,45.5591397849462,0.950013978494624,80.1666666666667,9.08741935483871,0.730012642889463,"mowing","South","2023",1.16174410016462
27,4.79814516129032,45.5591397849462,0.950013978494624,80.1666666666667,9.08741935483871,0.730012642889463,"mowing","South","2022",1.45047838336033
