"rest.age","site.cwm.pres.oek.f","plant.target.richness","flower.cover","veg.heterogeneity","mang.app.NEU.MM.1.minus","mngm.type","region","obs.year","butterfly.rich.target"
10.6607142857143,4.83736607142857,16,0.862925892857143,8.44491071428571,0.745427395921057,"mowing","Centre","2022",3.70673140609418
10.6607142857143,4.83736607142857,16,0.862925892857143,8.44491071428571,0.745427395921057,"mowing","North","2022",2.45502197321946
10.6607142857143,4.83736607142857,16,0.862925892857143,8.44491071428571,0.745427395921057,"mowing","South","2022",2.75403453503452
10.6607142857143,4.83736607142857,16.7474747474747,0.862925892857143,8.44491071428571,0.745427395921057,"mowing","Centre","2022",3.74991917811709
10.6607142857143,4.83736607142857,16.7474747474747,0.862925892857143,8.44491071428571,0.745427395921057,"mowing","North","2022",2.48362586103186
10.6607142857143,4.83736607142857,16.7474747474747,0.862925892857143,8.44491071428571,0.745427395921057,"mowing","South","2022",2.78612227018758
10.6607142857143,4.83736607142857,17.4949494949495,0.862925892857143,8.44491071428571,0.745427395921057,"mowing","Centre","2022",3.79361013837997
10.6607142857143,4.83736607142857,17.4949494949495,0.862925892857143,8.44491071428571,0.745427395921057,"mowing","North","2022",2.51256301771391
10.6607142857143,4.83736607142857,17.4949494949495,0.862925892857143,8.44491071428571,0.745427395921057,"mowing","South","2022",2.81858386512132
10.6607142857143,4.83736607142857,18.2424242424242,0.862925892857143,8.44491071428571,0.745427395921057,"mowing","Centre","2022",3.83781014961649
10.6607142857143,4.83736607142857,18.2424242424242,0.862925892857143,8.44491071428571,0.745427395921057,"mowing","North","2022",2.54183732623916
10.6607142857143,4.83736607142857,18.2424242424242,0.862925892857143,8.44491071428571,0.745427395921057,"mowing","South","2022",2.85142367574104
10.6607142857143,4.83736607142857,18.989898989899,0.862925892857143,8.44491071428571,0.745427395921057,"mowing","Centre","2022",3.88252514286805
10.6607142857143,4.83736607142857,18.989898989899,0.862925892857143,8.44491071428571,0.745427395921057,"mowing","North","2022",2.57145271482233
10.6607142857143,4.83736607142857,18.989898989899,0.862925892857143,8.44491071428571,0.745427395921057,"mowing","South","2022",2.88464610870345
10.6607142857143,4.83736607142857,19.7373737373737,0.862925892857143,8.44491071428571,0.745427395921057,"mowing","Centre","2022",3.92776111827962
10.6607142857143,4.83736607142857,19.7373737373737,0.862925892857143,8.44491071428571,0.745427395921057,"mowing","North","2022",2.60141315744648
10.6607142857143,4.83736607142857,19.7373737373737,0.862925892857143,8.44491071428571,0.745427395921057,"mowing","South","2022",2.91825562200798
10.6607142857143,4.83736607142857,20.4848484848485,0.862925892857143,8.44491071428571,0.745427395921057,"mowing","Centre","2022",3.97352414590493
10.6607142857143,4.83736607142857,20.4848484848485,0.862925892857143,8.44491071428571,0.745427395921057,"mowing","North","2022",2.63172267439623
10.6607142857143,4.83736607142857,20.4848484848485,0.862925892857143,8.44491071428571,0.745427395921057,"mowing","South","2022",2.95225672559499
10.6607142857143,4.83736607142857,21.2323232323232,0.862925892857143,8.44491071428571,0.745427395921057,"mowing","Centre","2022",4.01982036652095
10.6607142857143,4.83736607142857,21.2323232323232,0.862925892857143,8.44491071428571,0.745427395921057,"mowing","North","2022",2.66238533279724
10.6607142857143,4.83736607142857,21.2323232323232,0.862925892857143,8.44491071428571,0.745427395921057,"mowing","South","2022",2.98665398195094
10.6607142857143,4.83736607142857,21.979797979798,0.862925892857143,8.44491071428571,0.745427395921057,"mowing","Centre","2022",4.0666559924519
10.6607142857143,4.83736607142857,21.979797979798,0.862925892857143,8.44491071428571,0.745427395921057,"mowing","North","2022",2.69340524716193
10.6607142857143,4.83736607142857,21.979797979798,0.862925892857143,8.44491071428571,0.745427395921057,"mowing","South","2022",3.02145200672062
10.6607142857143,4.83736607142857,22.7272727272727,0.862925892857143,8.44491071428571,0.745427395921057,"mowing","Centre","2022",4.11403730840289
10.6607142857143,4.83736607142857,22.7272727272727,0.862925892857143,8.44491071428571,0.745427395921057,"mowing","North","2022",2.72478657994167
10.6607142857143,4.83736607142857,22.7272727272727,0.862925892857143,8.44491071428571,0.745427395921057,"mowing","South","2022",3.05665546932648
10.6607142857143,4.83736607142857,23.4747474747475,0.862925892857143,8.44491071428571,0.745427395921057,"mowing","Centre","2022",4.1619706723032
10.6607142857143,4.83736607142857,23.4747474747475,0.862925892857143,8.44491071428571,0.745427395921057,"mowing","North","2022",2.75653354208522
10.6607142857143,4.83736607142857,23.4747474747475,0.862925892857143,8.44491071428571,0.745427395921057,"mowing","South","2022",3.09226909359524
10.6607142857143,4.83736607142857,24.2222222222222,0.862925892857143,8.44491071428571,0.745427395921057,"mowing","Centre","2022",4.21046251615947
10.6607142857143,4.83736607142857,24.2222222222222,0.862925892857143,8.44491071428571,0.745427395921057,"mowing","North","2022",2.78865039360388
10.6607142857143,4.83736607142857,24.2222222222222,0.862925892857143,8.44491071428571,0.745427395921057,"mowing","South","2022",3.12829765839173
10.6607142857143,4.83736607142857,24.969696969697,0.862925892857143,8.44491071428571,0.745427395921057,"mowing","Centre","2022",4.25951934691876
10.6607142857143,4.83736607142857,24.969696969697,0.862925892857143,8.44491071428571,0.745427395921057,"mowing","North","2022",2.82114144414305
10.6607142857143,4.83736607142857,24.969696969697,0.862925892857143,8.44491071428571,0.745427395921057,"mowing","South","2022",3.16474599826019
10.6607142857143,4.83736607142857,25.7171717171717,0.862925892857143,8.44491071428571,0.745427395921057,"mowing","Centre","2022",4.30914774734168
10.6607142857143,4.83736607142857,25.7171717171717,0.862925892857143,8.44491071428571,0.745427395921057,"mowing","North","2022",2.85401105356059
10.6607142857143,4.83736607142857,25.7171717171717,0.862925892857143,8.44491071428571,0.745427395921057,"mowing","South","2022",3.20161900407295
10.6607142857143,4.83736607142857,26.4646464646465,0.862925892857143,8.44491071428571,0.745427395921057,"mowing","Centre","2022",4.35935437688577
10.6607142857143,4.83736607142857,26.4646464646465,0.862925892857143,8.44491071428571,0.745427395921057,"mowing","North","2022",2.88726363251178
10.6607142857143,4.83736607142857,26.4646464646465,0.862925892857143,8.44491071428571,0.745427395921057,"mowing","South","2022",3.23892162368677
10.6607142857143,4.83736607142857,27.2121212121212,0.862925892857143,8.44491071428571,0.745427395921057,"mowing","Centre","2022",4.41014597259904
10.6607142857143,4.83736607142857,27.2121212121212,0.862925892857143,8.44491071428571,0.745427395921057,"mowing","North","2022",2.92090364304126
10.6607142857143,4.83736607142857,27.2121212121212,0.862925892857143,8.44491071428571,0.745427395921057,"mowing","South","2022",3.27665886260671
10.6607142857143,4.83736607142857,27.959595959596,0.862925892857143,8.44491071428571,0.745427395921057,"mowing","Centre","2022",4.46152935002401
10.6607142857143,4.83736607142857,27.959595959596,0.862925892857143,8.44491071428571,0.745427395921057,"mowing","North","2022",2.95493559918168
10.6607142857143,4.83736607142857,27.959595959596,0.862925892857143,8.44491071428571,0.745427395921057,"mowing","South","2022",3.31483578465789
10.6607142857143,4.83736607142857,28.7070707070707,0.862925892857143,8.44491071428571,0.745427395921057,"mowing","Centre","2022",4.5135114041123
10.6607142857143,4.83736607142857,28.7070707070707,0.862925892857143,8.44491071428571,0.745427395921057,"mowing","North","2022",2.98936406755952
10.6607142857143,4.83736607142857,28.7070707070707,0.862925892857143,8.44491071428571,0.745427395921057,"mowing","South","2022",3.35345751266489
10.6607142857143,4.83736607142857,29.4545454545455,0.862925892857143,8.44491071428571,0.745427395921057,"mowing","Centre","2022",4.56609911014978
10.6607142857143,4.83736607142857,29.4545454545455,0.862925892857143,8.44491071428571,0.745427395921057,"mowing","North","2022",3.02419366800776
10.6607142857143,4.83736607142857,29.4545454545455,0.862925892857143,8.44491071428571,0.745427395921057,"mowing","South","2022",3.39252922913923
10.6607142857143,4.83736607142857,30.2020202020202,0.862925892857143,8.44491071428571,0.745427395921057,"mowing","Centre","2022",4.61929952469261
10.6607142857143,4.83736607142857,30.2020202020202,0.862925892857143,8.44491071428571,0.745427395921057,"mowing","North","2022",3.05942907418591
10.6607142857143,4.83736607142857,30.2020202020202,0.862925892857143,8.44491071428571,0.745427395921057,"mowing","South","2022",3.43205617697479
10.6607142857143,4.83736607142857,30.9494949494949,0.862925892857143,8.44491071428571,0.745427395921057,"mowing","Centre","2022",4.67311978651411
10.6607142857143,4.83736607142857,30.9494949494949,0.862925892857143,8.44491071428571,0.745427395921057,"mowing","North","2022",3.09507501420707
10.6607142857143,4.83736607142857,30.9494949494949,0.862925892857143,8.44491071428571,0.745427395921057,"mowing","South","2022",3.47204366015129
10.6607142857143,4.83736607142857,31.6969696969697,0.862925892857143,8.44491071428571,0.745427395921057,"mowing","Centre","2022",4.72756711756267
10.6607142857143,4.83736607142857,31.6969696969697,0.862925892857143,8.44491071428571,0.745427395921057,"mowing","North","2022",3.13113627127242
10.6607142857143,4.83736607142857,31.6969696969697,0.862925892857143,8.44491071428571,0.745427395921057,"mowing","South","2022",3.51249704444605
10.6607142857143,4.83736607142857,32.4444444444444,0.862925892857143,8.44491071428571,0.745427395921057,"mowing","Centre","2022",4.78264882393087
10.6607142857143,4.83736607142857,32.4444444444444,0.862925892857143,8.44491071428571,0.745427395921057,"mowing","North","2022",3.16761768431304
10.6607142857143,4.83736607142857,32.4444444444444,0.862925892857143,8.44491071428571,0.745427395921057,"mowing","South","2022",3.553421758154
10.6607142857143,4.83736607142857,33.1919191919192,0.862925892857143,8.44491071428571,0.745427395921057,"mowing","Centre","2022",4.83837229683586
10.6607142857143,4.83736607142857,33.1919191919192,0.862925892857143,8.44491071428571,0.745427395921057,"mowing","North","2022",3.20452414863925
10.6607142857143,4.83736607142857,33.1919191919192,0.862925892857143,8.44491071428571,0.745427395921057,"mowing","South","2022",3.59482329281607
10.6607142857143,4.83736607142857,33.9393939393939,0.862925892857143,8.44491071428571,0.745427395921057,"mowing","Centre","2022",4.89474501361111
10.6607142857143,4.83736607142857,33.9393939393939,0.862925892857143,8.44491071428571,0.745427395921057,"mowing","North","2022",3.24186061659746
10.6607142857143,4.83736607142857,33.9393939393939,0.862925892857143,8.44491071428571,0.745427395921057,"mowing","South","2022",3.63670720395609
10.6607142857143,4.83736607142857,34.6868686868687,0.862925892857143,8.44491071428571,0.745427395921057,"mowing","Centre","2022",4.95177453870984
10.6607142857143,4.83736607142857,34.6868686868687,0.862925892857143,8.44491071428571,0.745427395921057,"mowing","North","2022",3.27963209823475
10.6607142857143,4.83736607142857,34.6868686868687,0.862925892857143,8.44491071428571,0.745427395921057,"mowing","South","2022",3.67907911182627
10.6607142857143,4.83736607142857,35.4343434343434,0.862925892857143,8.44491071428571,0.745427395921057,"mowing","Centre","2022",5.00946852472
10.6607142857143,4.83736607142857,35.4343434343434,0.862925892857143,8.44491071428571,0.745427395921057,"mowing","North","2022",3.31784366197112
10.6607142857143,4.83736607142857,35.4343434343434,0.862925892857143,8.44491071428571,0.745427395921057,"mowing","South","2022",3.72194470216134
10.6607142857143,4.83736607142857,36.1818181818182,0.862925892857143,8.44491071428571,0.745427395921057,"mowing","Centre","2022",5.0678347133912
10.6607142857143,4.83736607142857,36.1818181818182,0.862925892857143,8.44491071428571,0.745427395921057,"mowing","North","2022",3.35650043527961
10.6607142857143,4.83736607142857,36.1818181818182,0.862925892857143,8.44491071428571,0.745427395921057,"mowing","South","2022",3.76530972694154
10.6607142857143,4.83736607142857,36.9292929292929,0.862925892857143,8.44491071428571,0.745427395921057,"mowing","Centre","2022",5.12688093667348
10.6607142857143,4.83736607142857,36.9292929292929,0.862925892857143,8.44491071428571,0.745427395921057,"mowing","North","2022",3.39560760537435
10.6607142857143,4.83736607142857,36.9292929292929,0.862925892857143,8.44491071428571,0.745427395921057,"mowing","South","2022",3.8091800051644
10.6607142857143,4.83736607142857,37.6767676767677,0.862925892857143,8.44491071428571,0.745427395921057,"mowing","Centre","2022",5.18661511776834
10.6607142857143,4.83736607142857,37.6767676767677,0.862925892857143,8.44491071428571,0.745427395921057,"mowing","North","2022",3.43517041990659
10.6607142857143,4.83736607142857,37.6767676767677,0.862925892857143,8.44491071428571,0.745427395921057,"mowing","South","2022",3.85356142362563
10.6607142857143,4.83736607142857,38.4242424242424,0.862925892857143,8.44491071428571,0.745427395921057,"mowing","Centre","2022",5.24704527219185
10.6607142857143,4.83736607142857,38.4242424242424,0.862925892857143,8.44491071428571,0.745427395921057,"mowing","North","2022",3.4751941876689
10.6607142857143,4.83736607142857,38.4242424242424,0.862925892857143,8.44491071428571,0.745427395921057,"mowing","South","2022",3.89845993770901
10.6607142857143,4.83736607142857,39.1717171717172,0.862925892857143,8.44491071428571,0.745427395921057,"mowing","Centre","2022",5.30817950885025
10.6607142857143,4.83736607142857,39.1717171717172,0.862925892857143,8.44491071428571,0.745427395921057,"mowing","North","2022",3.51568427930748
10.6607142857143,4.83736607142857,39.1717171717172,0.862925892857143,8.44491071428571,0.745427395921057,"mowing","South","2022",3.94388157218552
10.6607142857143,4.83736607142857,39.9191919191919,0.862925892857143,8.44491071428571,0.745427395921057,"mowing","Centre","2022",5.37002603112807
10.6607142857143,4.83736607142857,39.9191919191919,0.862925892857143,8.44491071428571,0.745427395921057,"mowing","North","2022",3.5566461280429
10.6607142857143,4.83736607142857,39.9191919191919,0.862925892857143,8.44491071428571,0.745427395921057,"mowing","South","2022",3.9898324220218
10.6607142857143,4.83736607142857,40.6666666666667,0.862925892857143,8.44491071428571,0.745427395921057,"mowing","Centre","2022",5.43259313798888
10.6607142857143,4.83736607142857,40.6666666666667,0.862925892857143,8.44491071428571,0.745427395921057,"mowing","North","2022",3.5980852303991
10.6607142857143,4.83736607142857,40.6666666666667,0.862925892857143,8.44491071428571,0.745427395921057,"mowing","South","2022",4.03631865319803
10.6607142857143,4.83736607142857,41.4141414141414,0.862925892857143,8.44491071428571,0.745427395921057,"mowing","Centre","2022",5.49588922508894
10.6607142857143,4.83736607142857,41.4141414141414,0.862925892857143,8.44491071428571,0.745427395921057,"mowing","North","2022",3.64000714694098
10.6607142857143,4.83736607142857,41.4141414141414,0.862925892857143,8.44491071428571,0.745427395921057,"mowing","South","2022",4.08334650353526
10.6607142857143,4.83736607142857,42.1616161616162,0.862925892857143,8.44491071428571,0.745427395921057,"mowing","Centre","2022",5.55992278590375
10.6607142857143,4.83736607142857,42.1616161616162,0.862925892857143,8.44491071428571,0.745427395921057,"mowing","North","2022",3.68241750302056
10.6607142857143,4.83736607142857,42.1616161616162,0.862925892857143,8.44491071428571,0.745427395921057,"mowing","South","2022",4.13092228353251
10.6607142857143,4.83736607142857,42.9090909090909,0.862925892857143,8.44491071428571,0.745427395921057,"mowing","Centre","2022",5.62470241286776
10.6607142857143,4.83736607142857,42.9090909090909,0.862925892857143,8.44491071428571,0.745427395921057,"mowing","North","2022",3.72532198953182
10.6607142857143,4.83736607142857,42.9090909090909,0.862925892857143,8.44491071428571,0.745427395921057,"mowing","South","2022",4.17905237721349
10.6607142857143,4.83736607142857,43.6565656565657,0.862925892857143,8.44491071428571,0.745427395921057,"mowing","Centre","2022",5.69023679852738
10.6607142857143,4.83736607142857,43.6565656565657,0.862925892857143,8.44491071428571,0.745427395921057,"mowing","North","2022",3.7687263636743
10.6607142857143,4.83736607142857,43.6565656565657,0.862925892857143,8.44491071428571,0.745427395921057,"mowing","South","2022",4.2277432429833
10.6607142857143,4.83736607142857,44.4040404040404,0.862925892857143,8.44491071428571,0.745427395921057,"mowing","Centre","2022",5.7565347367074
10.6607142857143,4.83736607142857,44.4040404040404,0.862925892857143,8.44491071428571,0.745427395921057,"mowing","North","2022",3.81263644972572
10.6607142857143,4.83736607142857,44.4040404040404,0.862925892857143,8.44491071428571,0.745427395921057,"mowing","South","2022",4.27700141449504
10.6607142857143,4.83736607142857,45.1515151515152,0.862925892857143,8.44491071428571,0.745427395921057,"mowing","Centre","2022",5.82360512369096
10.6607142857143,4.83736607142857,45.1515151515152,0.862925892857143,8.44491071428571,0.745427395921057,"mowing","North","2022",3.85705813982343
10.6607142857143,4.83736607142857,45.1515151515152,0.862925892857143,8.44491071428571,0.745427395921057,"mowing","South","2022",4.32683350152653
10.6607142857143,4.83736607142857,45.8989898989899,0.862925892857143,8.44491071428571,0.745427395921057,"mowing","Centre","2022",5.89145695941337
10.6607142857143,4.83736607142857,45.8989898989899,0.862925892857143,8.44491071428571,0.745427395921057,"mowing","North","2022",3.90199739475513
10.6607142857143,4.83736607142857,45.8989898989899,0.862925892857143,8.44491071428571,0.745427395921057,"mowing","South","2022",4.37724619086727
10.6607142857143,4.83736607142857,46.6464646464647,0.862925892857143,8.44491071428571,0.745427395921057,"mowing","Centre","2022",5.96009934866973
10.6607142857143,4.83736607142857,46.6464646464647,0.862925892857143,8.44491071428571,0.745427395921057,"mowing","North","2022",3.94746024475866
10.6607142857143,4.83736607142857,46.6464646464647,0.862925892857143,8.44491071428571,0.745427395921057,"mowing","South","2022",4.42824624721571
10.6607142857143,4.83736607142857,47.3939393939394,0.862925892857143,8.44491071428571,0.745427395921057,"mowing","Centre","2022",6.02954150233671
10.6607142857143,4.83736607142857,47.3939393939394,0.862925892857143,8.44491071428571,0.745427395921057,"mowing","North","2022",3.99345279033125
10.6607142857143,4.83736607142857,47.3939393939394,0.862925892857143,8.44491071428571,0.745427395921057,"mowing","South","2022",4.47984051408695
10.6607142857143,4.83736607142857,48.1414141414141,0.862925892857143,8.44491071428571,0.745427395921057,"mowing","Centre","2022",6.09979273860849
10.6607142857143,4.83736607142857,48.1414141414141,0.862925892857143,8.44491071428571,0.745427395921057,"mowing","North","2022",4.03998120304805
10.6607142857143,4.83736607142857,48.1414141414141,0.862925892857143,8.44491071428571,0.745427395921057,"mowing","South","2022",4.53203591473111
10.6607142857143,4.83736607142857,48.8888888888889,0.862925892857143,8.44491071428571,0.745427395921057,"mowing","Centre","2022",6.17086248424717
10.6607142857143,4.83736607142857,48.8888888888889,0.862925892857143,8.44491071428571,0.745427395921057,"mowing","North","2022",4.08705172639031
10.6607142857143,4.83736607142857,48.8888888888889,0.862925892857143,8.44491071428571,0.745427395921057,"mowing","South","2022",4.58483945306227
10.6607142857143,4.83736607142857,49.6363636363636,0.862925892857143,8.44491071428571,0.745427395921057,"mowing","Centre","2022",6.24276027584766
10.6607142857143,4.83736607142857,49.6363636363636,0.862925892857143,8.44491071428571,0.745427395921057,"mowing","North","2022",4.13467067658319
10.6607142857143,4.83736607142857,49.6363636363636,0.862925892857143,8.44491071428571,0.745427395921057,"mowing","South","2022",4.63825821459836
10.6607142857143,4.83736607142857,50.3838383838384,0.862925892857143,8.44491071428571,0.745427395921057,"mowing","Centre","2022",6.31549576111744
10.6607142857143,4.83736607142857,50.3838383838384,0.862925892857143,8.44491071428571,0.745427395921057,"mowing","North","2022",4.18284444344325
10.6607142857143,4.83736607142857,50.3838383838384,0.862925892857143,8.44491071428571,0.745427395921057,"mowing","South","2022",4.69229936741189
10.6607142857143,4.83736607142857,51.1313131313131,0.862925892857143,8.44491071428571,0.745427395921057,"mowing","Centre","2022",6.38907870017105
10.6607142857143,4.83736607142857,51.1313131313131,0.862925892857143,8.44491071428571,0.745427395921057,"mowing","North","2022",4.23157949123596
10.6607142857143,4.83736607142857,51.1313131313131,0.862925892857143,8.44491071428571,0.745427395921057,"mowing","South","2022",4.74697016309184
10.6607142857143,4.83736607142857,51.8787878787879,0.862925892857143,8.44491071428571,0.745427395921057,"mowing","Centre","2022",6.46351896683989
10.6607142857143,4.83736607142857,51.8787878787879,0.862925892857143,8.44491071428571,0.745427395921057,"mowing","North","2022",4.28088235954301
10.6607142857143,4.83736607142857,51.8787878787879,0.862925892857143,8.44491071428571,0.745427395921057,"mowing","South","2022",4.8022779377167
10.6607142857143,4.83736607142857,52.6262626262626,0.862925892857143,8.44491071428571,0.745427395921057,"mowing","Centre","2022",6.53882654999703
10.6607142857143,4.83736607142857,52.6262626262626,0.862925892857143,8.44491071428571,0.745427395921057,"mowing","North","2022",4.33075966413996
10.6607142857143,4.83736607142857,52.6262626262626,0.862925892857143,8.44491071428571,0.745427395921057,"mowing","South","2022",4.85823011283889
10.6607142857143,4.83736607142857,53.3737373737374,0.862925892857143,8.44491071428571,0.745427395921057,"mowing","Centre","2022",6.61501155489765
10.6607142857143,4.83736607142857,53.3737373737374,0.862925892857143,8.44491071428571,0.745427395921057,"mowing","North","2022",4.38121809788387
10.6607142857143,4.83736607142857,53.3737373737374,0.862925892857143,8.44491071428571,0.745427395921057,"mowing","South","2022",4.91483419648066
10.6607142857143,4.83736607142857,54.1212121212121,0.862925892857143,8.44491071428571,0.745427395921057,"mowing","Centre","2022",6.69208420453504
10.6607142857143,4.83736607142857,54.1212121212121,0.862925892857143,8.44491071428571,0.745427395921057,"mowing","North","2022",4.43226443161146
10.6607142857143,4.83736607142857,54.1212121212121,0.862925892857143,8.44491071428571,0.745427395921057,"mowing","South","2022",4.97209778414148
10.6607142857143,4.83736607142857,54.8686868686869,0.862925892857143,8.44491071428571,0.745427395921057,"mowing","Centre","2022",6.77005484101234
10.6607142857143,4.83736607142857,54.8686868686869,0.862925892857143,8.44491071428571,0.745427395921057,"mowing","North","2022",4.48390551504766
10.6607142857143,4.83736607142857,54.8686868686869,0.862925892857143,8.44491071428571,0.745427395921057,"mowing","South","2022",5.03002855981733
10.6607142857143,4.83736607142857,55.6161616161616,0.862925892857143,8.44491071428571,0.745427395921057,"mowing","Centre","2022",6.84893392693033
10.6607142857143,4.83736607142857,55.6161616161616,0.862925892857143,8.44491071428571,0.745427395921057,"mowing","North","2022",4.5361482777247
10.6607142857143,4.83736607142857,55.6161616161616,0.862925892857143,8.44491071428571,0.745427395921057,"mowing","South","2022",5.08863429703178
10.6607142857143,4.83736607142857,56.3636363636364,0.862925892857143,8.44491071428571,0.745427395921057,"mowing","Centre","2022",6.92873204679138
10.6607142857143,4.83736607142857,56.3636363636364,0.862925892857143,8.44491071428571,0.745427395921057,"mowing","North","2022",4.58899972991203
10.6607142857143,4.83736607142857,56.3636363636364,0.862925892857143,8.44491071428571,0.745427395921057,"mowing","South","2022",5.14792285987905
10.6607142857143,4.83736607142857,57.1111111111111,0.862925892857143,8.44491071428571,0.745427395921057,"mowing","Centre","2022",7.00945990841973
10.6607142857143,4.83736607142857,57.1111111111111,0.862925892857143,8.44491071428571,0.745427395921057,"mowing","North","2022",4.64246696355696
10.6607142857143,4.83736607142857,57.1111111111111,0.862925892857143,8.44491071428571,0.745427395921057,"mowing","South","2022",5.20790220407929
10.6607142857143,4.83736607142857,57.8585858585859,0.862925892857143,8.44491071428571,0.745427395921057,"mowing","Centre","2022",7.09112834439834
10.6607142857143,4.83736607142857,57.8585858585859,0.862925892857143,8.44491071428571,0.745427395921057,"mowing","North","2022",4.69655715323629
10.6607142857143,4.83736607142857,57.8585858585859,0.862925892857143,8.44491071428571,0.745427395921057,"mowing","South","2022",5.26858037804613
10.6607142857143,4.83736607142857,58.6060606060606,0.862925892857143,8.44491071428571,0.745427395921057,"mowing","Centre","2022",7.1737483135225
10.6607142857143,4.83736607142857,58.6060606060606,0.862925892857143,8.44491071428571,0.745427395921057,"mowing","North","2022",4.75127755711909
10.6607142857143,4.83736607142857,58.6060606060606,0.862925892857143,8.44491071428571,0.745427395921057,"mowing","South","2022",5.32996552396669
10.6607142857143,4.83736607142857,59.3535353535354,0.862925892857143,8.44491071428571,0.745427395921057,"mowing","Centre","2022",7.25733090227029
10.6607142857143,4.83736607142857,59.3535353535354,0.862925892857143,8.44491071428571,0.745427395921057,"mowing","North","2022",4.80663551794059
10.6607142857143,4.83736607142857,59.3535353535354,0.862925892857143,8.44491071428571,0.745427395921057,"mowing","South","2022",5.3920658788941
10.6607142857143,4.83736607142857,60.1010101010101,0.862925892857143,8.44491071428571,0.745427395921057,"mowing","Centre","2022",7.34188732629032
10.6607142857143,4.83736607142857,60.1010101010101,0.862925892857143,8.44491071428571,0.745427395921057,"mowing","North","2022",4.86263846398754
10.6607142857143,4.83736607142857,60.1010101010101,0.862925892857143,8.44491071428571,0.745427395921057,"mowing","South","2022",5.45488977585284
10.6607142857143,4.83736607142857,60.8484848484849,0.862925892857143,8.44491071428571,0.745427395921057,"mowing","Centre","2022",7.42742893190663
10.6607142857143,4.83736607142857,60.8484848484849,0.862925892857143,8.44491071428571,0.745427395921057,"mowing","North","2022",4.91929391009492
10.6607142857143,4.83736607142857,60.8484848484849,0.862925892857143,8.44491071428571,0.745427395921057,"mowing","South","2022",5.51844564495689
10.6607142857143,4.83736607142857,61.5959595959596,0.862925892857143,8.44491071428571,0.745427395921057,"mowing","Centre","2022",7.51396719764127
10.6607142857143,4.83736607142857,61.5959595959596,0.862925892857143,8.44491071428571,0.745427395921057,"mowing","North","2022",4.97660945865437
10.6607142857143,4.83736607142857,61.5959595959596,0.862925892857143,8.44491071428571,0.745427395921057,"mowing","South","2022",5.58274201454098
10.6607142857143,4.83736607142857,62.3434343434343,0.862925892857143,8.44491071428571,0.745427395921057,"mowing","Centre","2022",7.60151373575455
10.6607142857143,4.83736607142857,62.3434343434343,0.862925892857143,8.44491071428571,0.745427395921057,"mowing","North","2022",5.03459280063433
10.6607142857143,4.83736607142857,62.3434343434343,0.862925892857143,8.44491071428571,0.745427395921057,"mowing","South","2022",5.64778751230494
10.6607142857143,4.83736607142857,63.0909090909091,0.862925892857143,8.44491071428571,0.745427395921057,"mowing","Centre","2022",7.69008029380324
10.6607142857143,4.83736607142857,63.0909090909091,0.862925892857143,8.44491071428571,0.745427395921057,"mowing","North","2022",5.09325171661202
10.6607142857143,4.83736607142857,63.0909090909091,0.862925892857143,8.44491071428571,0.745427395921057,"mowing","South","2022",5.71359086647143
10.6607142857143,4.83736607142857,63.8383838383838,0.862925892857143,8.44491071428571,0.745427395921057,"mowing","Centre","2022",7.77967875621694
10.6607142857143,4.83736607142857,63.8383838383838,0.862925892857143,8.44491071428571,0.745427395921057,"mowing","North","2022",5.15259407781755
10.6607142857143,4.83736607142857,63.8383838383838,0.862925892857143,8.44491071428571,0.745427395921057,"mowing","South","2022",5.78016090695713
10.6607142857143,4.83736607142857,64.5858585858586,0.862925892857143,8.44491071428571,0.745427395921057,"mowing","Centre","2022",7.87032114589281
10.6607142857143,4.83736607142857,64.5858585858586,0.862925892857143,8.44491071428571,0.745427395921057,"mowing","North","2022",5.21262784719008
10.6607142857143,4.83736607142857,64.5858585858586,0.862925892857143,8.44491071428571,0.745427395921057,"mowing","South","2022",5.84750656655765
10.6607142857143,4.83736607142857,65.3333333333333,0.862925892857143,8.44491071428571,0.745427395921057,"mowing","Centre","2022",7.96201962580884
10.6607142857143,4.83736607142857,65.3333333333333,0.862925892857143,8.44491071428571,0.745427395921057,"mowing","North","2022",5.27336108044636
10.6607142857143,4.83736607142857,65.3333333333333,0.862925892857143,8.44491071428571,0.745427395921057,"mowing","South","2022",5.91563688214613
10.6607142857143,4.83736607142857,66.0808080808081,0.862925892857143,8.44491071428571,0.745427395921057,"mowing","Centre","2022",8.05478650065604
10.6607142857143,4.83736607142857,66.0808080808081,0.862925892857143,8.44491071428571,0.745427395921057,"mowing","North","2022",5.3348019271617
10.6607142857143,4.83736607142857,66.0808080808081,0.862925892857143,8.44491071428571,0.745427395921057,"mowing","South","2022",5.98456099588591
10.6607142857143,4.83736607142857,66.8282828282828,0.862925892857143,8.44491071428571,0.745427395921057,"mowing","Centre","2022",8.14863421848949
10.6607142857143,4.83736607142857,66.8282828282828,0.862925892857143,8.44491071428571,0.745427395921057,"mowing","North","2022",5.39695863186354
10.6607142857143,4.83736607142857,66.8282828282828,0.862925892857143,8.44491071428571,0.745427395921057,"mowing","South","2022",6.05428815645723
10.6607142857143,4.83736607142857,67.5757575757576,0.862925892857143,8.44491071428571,0.745427395921057,"mowing","Centre","2022",8.24357537239872
10.6607142857143,4.83736607142857,67.5757575757576,0.862925892857143,8.44491071428571,0.745427395921057,"mowing","North","2022",5.45983953513772
10.6607142857143,4.83736607142857,67.5757575757576,0.862925892857143,8.44491071428571,0.745427395921057,"mowing","South","2022",6.12482772029835
10.6607142857143,4.83736607142857,68.3232323232323,0.862925892857143,8.44491071428571,0.745427395921057,"mowing","Centre","2022",8.33962270219755
10.6607142857143,4.83736607142857,68.3232323232323,0.862925892857143,8.44491071428571,0.745427395921057,"mowing","North","2022",5.52345307474771
10.6607142857143,4.83736607142857,68.3232323232323,0.862925892857143,8.44491071428571,0.745427395921057,"mowing","South","2022",6.19618915286099
10.6607142857143,4.83736607142857,69.0707070707071,0.862925892857143,8.44491071428571,0.745427395921057,"mowing","Centre","2022",8.43678909613357
10.6607142857143,4.83736607142857,69.0707070707071,0.862925892857143,8.44491071428571,0.745427395921057,"mowing","North","2022",5.58780778676683
10.6607142857143,4.83736607142857,69.0707070707071,0.862925892857143,8.44491071428571,0.745427395921057,"mowing","South","2022",6.26838202988051
10.6607142857143,4.83736607142857,69.8181818181818,0.862925892857143,8.44491071428571,0.745427395921057,"mowing","Centre","2022",8.53508759261759
10.6607142857143,4.83736607142857,69.8181818181818,0.862925892857143,8.44491071428571,0.745427395921057,"mowing","North","2022",5.65291230672367
10.6607142857143,4.83736607142857,69.8181818181818,0.862925892857143,8.44491071428571,0.745427395921057,"mowing","South","2022",6.34141603866083
10.6607142857143,4.83736607142857,70.5656565656566,0.862925892857143,8.44491071428571,0.745427395921057,"mowing","Centre","2022",8.63453138197321
10.6607142857143,4.83736607142857,70.5656565656566,0.862925892857143,8.44491071428571,0.745427395921057,"mowing","North","2022",5.71877537076086
10.6607142857143,4.83736607142857,70.5656565656566,0.862925892857143,8.44491071428571,0.745427395921057,"mowing","South","2022",6.41530097937431
10.6607142857143,4.83736607142857,71.3131313131313,0.862925892857143,8.44491071428571,0.745427395921057,"mowing","Centre","2022",8.73513380820679
10.6607142857143,4.83736607142857,71.3131313131313,0.862925892857143,8.44491071428571,0.745427395921057,"mowing","North","2022",5.78540581680737
10.6607142857143,4.83736607142857,71.3131313131313,0.862925892857143,8.44491071428571,0.745427395921057,"mowing","South","2022",6.49004676637685
10.6607142857143,4.83736607142857,72.0606060606061,0.862925892857143,8.44491071428571,0.745427395921057,"mowing","Centre","2022",8.83690837079802
10.6607142857143,4.83736607142857,72.0606060606061,0.862925892857143,8.44491071428571,0.745427395921057,"mowing","North","2022",5.85281258576437
10.6607142857143,4.83736607142857,72.0606060606061,0.862925892857143,8.44491071428571,0.745427395921057,"mowing","South","2022",6.56566342953822
10.6607142857143,4.83736607142857,72.8080808080808,0.862925892857143,8.44491071428571,0.745427395921057,"mowing","Centre","2022",8.93986872651138
10.6607142857143,4.83736607142857,72.8080808080808,0.862925892857143,8.44491071428571,0.745427395921057,"mowing","North","2022",5.92100472270507
10.6607142857143,4.83736607142857,72.8080808080808,0.862925892857143,8.44491071428571,0.745427395921057,"mowing","South","2022",6.64216111558793
10.6607142857143,4.83736607142857,73.5555555555556,0.862925892857143,8.44491071428571,0.745427395921057,"mowing","Centre","2022",9.04402869122868
10.6607142857143,4.83736607142857,73.5555555555556,0.862925892857143,8.44491071428571,0.745427395921057,"mowing","North","2022",5.98999137808839
10.6607142857143,4.83736607142857,73.5555555555556,0.862925892857143,8.44491071428571,0.745427395921057,"mowing","South","2022",6.71955008947685
10.6607142857143,4.83736607142857,74.3030303030303,0.862925892857143,8.44491071428571,0.745427395921057,"mowing","Centre","2022",9.14940224180298
10.6607142857143,4.83736607142857,74.3030303030303,0.862925892857143,8.44491071428571,0.745427395921057,"mowing","North","2022",6.05978180898682
10.6607142857143,4.83736607142857,74.3030303030303,0.862925892857143,8.44491071428571,0.745427395921057,"mowing","South","2022",6.79784073575451
10.6607142857143,4.83736607142857,75.0505050505051,0.862925892857143,8.44491071428571,0.745427395921057,"mowing","Centre","2022",9.25600351793407
10.6607142857143,4.83736607142857,75.0505050505051,0.862925892857143,8.44491071428571,0.745427395921057,"mowing","North","2022",6.13038538032862
10.6607142857143,4.83736607142857,75.0505050505051,0.862925892857143,8.44491071428571,0.745427395921057,"mowing","South","2022",6.87704355996268
10.6607142857143,4.83736607142857,75.7979797979798,0.862925892857143,8.44491071428571,0.745427395921057,"mowing","Centre","2022",9.36384682406586
10.6607142857143,4.83736607142857,75.7979797979798,0.862925892857143,8.44491071428571,0.745427395921057,"mowing","North","2022",6.20181156615447
10.6607142857143,4.83736607142857,75.7979797979798,0.862925892857143,8.44491071428571,0.745427395921057,"mowing","South","2022",6.95716919004501
10.6607142857143,4.83736607142857,76.5454545454545,0.862925892857143,8.44491071428571,0.745427395921057,"mowing","Centre","2022",9.47294663130582
10.6607142857143,4.83736607142857,76.5454545454545,0.862925892857143,8.44491071428571,0.745427395921057,"mowing","North","2022",6.27406995088873
10.6607142857143,4.83736607142857,76.5454545454545,0.862925892857143,8.44491071428571,0.745427395921057,"mowing","South","2022",7.03822837777317
10.6607142857143,4.83736607142857,77.2929292929293,0.862925892857143,8.44491071428571,0.745427395921057,"mowing","Centre","2022",9.58331757936679
10.6607142857143,4.83736607142857,77.2929292929293,0.862925892857143,8.44491071428571,0.745427395921057,"mowing","North","2022",6.34717023062555
10.6607142857143,4.83736607142857,77.2929292929293,0.862925892857143,8.44491071428571,0.745427395921057,"mowing","South","2022",7.12023200018959
10.6607142857143,4.83736607142857,78.040404040404,0.862925892857143,8.44491071428571,0.745427395921057,"mowing","Centre","2022",9.69497447853146
10.6607142857143,4.83736607142857,78.040404040404,0.862925892857143,8.44491071428571,0.745427395921057,"mowing","North","2022",6.42112221442997
10.6607142857143,4.83736607142857,78.040404040404,0.862925892857143,8.44491071428571,0.745427395921057,"mowing","South","2022",7.203191061067
10.6607142857143,4.83736607142857,78.7878787878788,0.862925892857143,8.44491071428571,0.745427395921057,"mowing","Centre","2022",9.80793231163971
10.6607142857143,4.83736607142857,78.7878787878788,0.862925892857143,8.44491071428571,0.745427395921057,"mowing","North","2022",6.49593582565416
10.6607142857143,4.83736607142857,78.7878787878788,0.862925892857143,8.44491071428571,0.745427395921057,"mowing","South","2022",7.28711669238502
10.6607142857143,4.83736607142857,79.5353535353535,0.862925892857143,8.44491071428571,0.745427395921057,"mowing","Centre","2022",9.92220623609909
10.6607142857143,4.83736607142857,79.5353535353535,0.862925892857143,8.44491071428571,0.745427395921057,"mowing","North","2022",6.57162110326897
10.6607142857143,4.83736607142857,79.5353535353535,0.862925892857143,8.44491071428571,0.745427395921057,"mowing","South","2022",7.37202015582389
10.6607142857143,4.83736607142857,80.2828282828283,0.862925892857143,8.44491071428571,0.745427395921057,"mowing","Centre","2022",10.0378115859187
10.6607142857143,4.83736607142857,80.2828282828283,0.862925892857143,8.44491071428571,0.745427395921057,"mowing","North","2022",6.64818820321106
10.6607142857143,4.83736607142857,80.2828282828283,0.862925892857143,8.44491071428571,0.745427395921057,"mowing","South","2022",7.45791284427565
10.6607142857143,4.83736607142857,81.030303030303,0.862925892857143,8.44491071428571,0.745427395921057,"mowing","Centre","2022",10.1547638737669
10.6607142857143,4.83736607142857,81.030303030303,0.862925892857143,8.44491071428571,0.745427395921057,"mowing","North","2022",6.72564739974567
10.6607142857143,4.83736607142857,81.030303030303,0.862925892857143,8.44491071428571,0.745427395921057,"mowing","South","2022",7.54480628337289
10.6607142857143,4.83736607142857,81.7777777777778,0.862925892857143,8.44491071428571,0.745427395921057,"mowing","Centre","2022",10.2730787930529
10.6607142857143,4.83736607142857,81.7777777777778,0.862925892857143,8.44491071428571,0.745427395921057,"mowing","North","2022",6.80400908684528
10.6607142857143,4.83736607142857,81.7777777777778,0.862925892857143,8.44491071428571,0.745427395921057,"mowing","South","2022",7.63271213303537
10.6607142857143,4.83736607142857,82.5252525252525,0.862925892857143,8.44491071428571,0.745427395921057,"mowing","Centre","2022",10.3927722200323
10.6607142857143,4.83736607142857,82.5252525252525,0.862925892857143,8.44491071428571,0.745427395921057,"mowing","North","2022",6.88328377958438
10.6607142857143,4.83736607142857,82.5252525252525,0.862925892857143,8.44491071428571,0.745427395921057,"mowing","South","2022",7.72164218903458
10.6607142857143,4.83736607142857,83.2727272727273,0.862925892857143,8.44491071428571,0.745427395921057,"mowing","Centre","2022",10.513860215938
10.6607142857143,4.83736607142857,83.2727272727273,0.862925892857143,8.44491071428571,0.745427395921057,"mowing","North","2022",6.96348211555037
10.6607142857143,4.83736607142857,83.2727272727273,0.862925892857143,8.44491071428571,0.745427395921057,"mowing","South","2022",7.81160838457661
10.6607142857143,4.83736607142857,84.020202020202,0.862925892857143,8.44491071428571,0.745427395921057,"mowing","Centre","2022",10.636359029135
10.6607142857143,4.83736607142857,84.020202020202,0.862925892857143,8.44491071428571,0.745427395921057,"mowing","North","2022",7.04461485627109
10.6607142857143,4.83736607142857,84.020202020202,0.862925892857143,8.44491071428571,0.745427395921057,"mowing","South","2022",7.90262279190342
10.6607142857143,4.83736607142857,84.7676767676768,0.862925892857143,8.44491071428571,0.745427395921057,"mowing","Centre","2022",10.7602850973009
10.6607142857143,4.83736607142857,84.7676767676768,0.862925892857143,8.44491071428571,0.745427395921057,"mowing","North","2022",7.12669288865876
10.6607142857143,4.83736607142857,84.7676767676768,0.862925892857143,8.44491071428571,0.745427395921057,"mowing","South","2022",7.99469762391273
10.6607142857143,4.83736607142857,85.5151515151515,0.862925892857143,8.44491071428571,0.745427395921057,"mowing","Centre","2022",10.8856550496313
10.6607142857143,4.83736607142857,85.5151515151515,0.862925892857143,8.44491071428571,0.745427395921057,"mowing","North","2022",7.20972722647095
10.6607142857143,4.83736607142857,85.5151515151515,0.862925892857143,8.44491071428571,0.745427395921057,"mowing","South","2022",8.08784523579686
10.6607142857143,4.83736607142857,86.2626262626263,0.862925892857143,8.44491071428571,0.745427395921057,"mowing","Centre","2022",11.0124857090717
10.6607142857143,4.83736607142857,86.2626262626263,0.862925892857143,8.44491071428571,0.745427395921057,"mowing","North","2022",7.29372901178839
10.6607142857143,4.83736607142857,86.2626262626263,0.862925892857143,8.44491071428571,0.745427395921057,"mowing","South","2022",8.18207812670066
10.6607142857143,4.83736607142857,87.010101010101,0.862925892857143,8.44491071428571,0.745427395921057,"mowing","Centre","2022",11.1407940945746
10.6607142857143,4.83736607142857,87.010101010101,0.862925892857143,8.44491071428571,0.745427395921057,"mowing","North","2022",7.37870951651018
10.6607142857143,4.83736607142857,87.010101010101,0.862925892857143,8.44491071428571,0.745427395921057,"mowing","South","2022",8.27740894139864
10.6607142857143,4.83736607142857,87.7575757575758,0.862925892857143,8.44491071428571,0.745427395921057,"mowing","Centre","2022",11.2705974233833
10.6607142857143,4.83736607142857,87.7575757575758,0.862925892857143,8.44491071428571,0.745427395921057,"mowing","North","2022",7.46468014386623
10.6607142857143,4.83736607142857,87.7575757575758,0.862925892857143,8.44491071428571,0.745427395921057,"mowing","South","2022",8.3738504719918
10.6607142857143,4.83736607142857,88.5050505050505,0.862925892857143,8.44491071428571,0.745427395921057,"mowing","Centre","2022",11.401913113342
10.6607142857143,4.83736607142857,88.5050505050505,0.862925892857143,8.44491071428571,0.745427395921057,"mowing","North","2022",7.55165242994748
10.6607142857143,4.83736607142857,88.5050505050505,0.862925892857143,8.44491071428571,0.745427395921057,"mowing","South","2022",8.47141565962415
10.6607142857143,4.83736607142857,89.2525252525253,0.862925892857143,8.44491071428571,0.745427395921057,"mowing","Centre","2022",11.5347587852336
10.6607142857143,4.83736607142857,89.2525252525253,0.862925892857143,8.44491071428571,0.745427395921057,"mowing","North","2022",7.63963804525389
10.6607142857143,4.83736607142857,89.2525252525253,0.862925892857143,8.44491071428571,0.745427395921057,"mowing","South","2022",8.57011759621918
10.6607142857143,4.83736607142857,90,0.862925892857143,8.44491071428571,0.745427395921057,"mowing","Centre","2022",11.6691522651433
10.6607142857143,4.83736607142857,90,0.862925892857143,8.44491071428571,0.745427395921057,"mowing","North","2022",7.72864879626042
10.6607142857143,4.83736607142857,90,0.862925892857143,8.44491071428571,0.745427395921057,"mowing","South","2022",8.66996952623669
