"rest.age","plant.target.richness","region","obs.year","lk.grassland.per.min","lc.shannon.div.r300","field.size.avg.r300","perm.grassland.r300","butterfly.rich.total"
10.6607142857143,43.2678571428571,"Centre","2023",2.70696428571429,1.25862857142857,6.46863392857143,0,17.9022666562934
10.6607142857143,43.2678571428571,"Centre","2023",2.70696428571429,1.25862857142857,6.46863392857143,0.940808080808081,17.8468616416305
10.6607142857143,43.2678571428571,"Centre","2023",2.70696428571429,1.25862857142857,6.46863392857143,1.88161616161616,17.7916280977488
10.6607142857143,43.2678571428571,"Centre","2023",2.70696428571429,1.25862857142857,6.46863392857143,2.82242424242424,17.7365654939703
10.6607142857143,43.2678571428571,"Centre","2023",2.70696428571429,1.25862857142857,6.46863392857143,3.76323232323232,17.6816733012592
10.6607142857143,43.2678571428571,"Centre","2023",2.70696428571429,1.25862857142857,6.46863392857143,4.7040404040404,17.626950992217
10.6607142857143,43.2678571428571,"Centre","2023",2.70696428571429,1.25862857142857,6.46863392857143,5.64484848484848,17.5723980410775
10.6607142857143,43.2678571428571,"Centre","2023",2.70696428571429,1.25862857142857,6.46863392857143,6.58565656565657,17.5180139237017
10.6607142857143,43.2678571428571,"Centre","2023",2.70696428571429,1.25862857142857,6.46863392857143,7.52646464646465,17.4637981175727
10.6607142857143,43.2678571428571,"Centre","2023",2.70696428571429,1.25862857142857,6.46863392857143,8.46727272727273,17.4097501017906
10.6607142857143,43.2678571428571,"Centre","2023",2.70696428571429,1.25862857142857,6.46863392857143,9.40808080808081,17.3558693570678
10.6607142857143,43.2678571428571,"Centre","2023",2.70696428571429,1.25862857142857,6.46863392857143,10.3488888888889,17.3021553657237
10.6607142857143,43.2678571428571,"Centre","2023",2.70696428571429,1.25862857142857,6.46863392857143,11.289696969697,17.2486076116799
10.6607142857143,43.2678571428571,"Centre","2023",2.70696428571429,1.25862857142857,6.46863392857143,12.230505050505,17.1952255804552
10.6607142857143,43.2678571428571,"Centre","2023",2.70696428571429,1.25862857142857,6.46863392857143,13.1713131313131,17.1420087591605
10.6607142857143,43.2678571428571,"Centre","2023",2.70696428571429,1.25862857142857,6.46863392857143,14.1121212121212,17.0889566364943
10.6607142857143,43.2678571428571,"Centre","2023",2.70696428571429,1.25862857142857,6.46863392857143,15.0529292929293,17.0360687027372
10.6607142857143,43.2678571428571,"Centre","2023",2.70696428571429,1.25862857142857,6.46863392857143,15.9937373737374,16.9833444497476
10.6607142857143,43.2678571428571,"Centre","2023",2.70696428571429,1.25862857142857,6.46863392857143,16.9345454545455,16.9307833709564
10.6607142857143,43.2678571428571,"Centre","2023",2.70696428571429,1.25862857142857,6.46863392857143,17.8753535353535,16.8783849613621
10.6607142857143,43.2678571428571,"Centre","2023",2.70696428571429,1.25862857142857,6.46863392857143,18.8161616161616,16.8261487175264
10.6607142857143,43.2678571428571,"Centre","2023",2.70696428571429,1.25862857142857,6.46863392857143,19.7569696969697,16.7740741375688
10.6607142857143,43.2678571428571,"Centre","2023",2.70696428571429,1.25862857142857,6.46863392857143,20.6977777777778,16.7221607211623
10.6607142857143,43.2678571428571,"Centre","2023",2.70696428571429,1.25862857142857,6.46863392857143,21.6385858585859,16.6704079695281
10.6607142857143,43.2678571428571,"Centre","2023",2.70696428571429,1.25862857142857,6.46863392857143,22.5793939393939,16.6188153854313
10.6607142857143,43.2678571428571,"Centre","2023",2.70696428571429,1.25862857142857,6.46863392857143,23.520202020202,16.5673824731756
10.6607142857143,43.2678571428571,"Centre","2023",2.70696428571429,1.25862857142857,6.46863392857143,24.4610101010101,16.5161087385992
10.6607142857143,43.2678571428571,"Centre","2023",2.70696428571429,1.25862857142857,6.46863392857143,25.4018181818182,16.4649936890691
10.6607142857143,43.2678571428571,"Centre","2023",2.70696428571429,1.25862857142857,6.46863392857143,26.3426262626263,16.4140368334775
10.6607142857143,43.2678571428571,"Centre","2023",2.70696428571429,1.25862857142857,6.46863392857143,27.2834343434343,16.3632376822361
10.6607142857143,43.2678571428571,"Centre","2023",2.70696428571429,1.25862857142857,6.46863392857143,28.2242424242424,16.3125957472721
10.6607142857143,43.2678571428571,"Centre","2023",2.70696428571429,1.25862857142857,6.46863392857143,29.1650505050505,16.2621105420229
10.6607142857143,43.2678571428571,"Centre","2023",2.70696428571429,1.25862857142857,6.46863392857143,30.1058585858586,16.2117815814321
10.6607142857143,43.2678571428571,"Centre","2023",2.70696428571429,1.25862857142857,6.46863392857143,31.0466666666667,16.1616083819442
10.6607142857143,43.2678571428571,"Centre","2023",2.70696428571429,1.25862857142857,6.46863392857143,31.9874747474747,16.1115904615005
10.6607142857143,43.2678571428571,"Centre","2023",2.70696428571429,1.25862857142857,6.46863392857143,32.9282828282828,16.0617273395338
10.6607142857143,43.2678571428571,"Centre","2023",2.70696428571429,1.25862857142857,6.46863392857143,33.8690909090909,16.0120185369646
10.6607142857143,43.2678571428571,"Centre","2023",2.70696428571429,1.25862857142857,6.46863392857143,34.809898989899,15.9624635761959
10.6607142857143,43.2678571428571,"Centre","2023",2.70696428571429,1.25862857142857,6.46863392857143,35.7507070707071,15.9130619811088
10.6607142857143,43.2678571428571,"Centre","2023",2.70696428571429,1.25862857142857,6.46863392857143,36.6915151515151,15.863813277058
10.6607142857143,43.2678571428571,"Centre","2023",2.70696428571429,1.25862857142857,6.46863392857143,37.6323232323232,15.814716990867
10.6607142857143,43.2678571428571,"Centre","2023",2.70696428571429,1.25862857142857,6.46863392857143,38.5731313131313,15.7657726508238
10.6607142857143,43.2678571428571,"Centre","2023",2.70696428571429,1.25862857142857,6.46863392857143,39.5139393939394,15.7169797866764
10.6607142857143,43.2678571428571,"Centre","2023",2.70696428571429,1.25862857142857,6.46863392857143,40.4547474747475,15.668337929628
10.6607142857143,43.2678571428571,"Centre","2023",2.70696428571429,1.25862857142857,6.46863392857143,41.3955555555556,15.6198466123328
10.6607142857143,43.2678571428571,"Centre","2023",2.70696428571429,1.25862857142857,6.46863392857143,42.3363636363636,15.5715053688911
10.6607142857143,43.2678571428571,"Centre","2023",2.70696428571429,1.25862857142857,6.46863392857143,43.2771717171717,15.5233137348455
10.6607142857143,43.2678571428571,"Centre","2023",2.70696428571429,1.25862857142857,6.46863392857143,44.2179797979798,15.4752712471757
10.6607142857143,43.2678571428571,"Centre","2023",2.70696428571429,1.25862857142857,6.46863392857143,45.1587878787879,15.4273774442946
10.6607142857143,43.2678571428571,"Centre","2023",2.70696428571429,1.25862857142857,6.46863392857143,46.099595959596,15.3796318660434
10.6607142857143,43.2678571428571,"Centre","2023",2.70696428571429,1.25862857142857,6.46863392857143,47.040404040404,15.3320340536877
10.6607142857143,43.2678571428571,"Centre","2023",2.70696428571429,1.25862857142857,6.46863392857143,47.9812121212121,15.2845835499126
10.6607142857143,43.2678571428571,"Centre","2023",2.70696428571429,1.25862857142857,6.46863392857143,48.9220202020202,15.2372798988187
10.6607142857143,43.2678571428571,"Centre","2023",2.70696428571429,1.25862857142857,6.46863392857143,49.8628282828283,15.1901226459174
10.6607142857143,43.2678571428571,"Centre","2023",2.70696428571429,1.25862857142857,6.46863392857143,50.8036363636364,15.1431113381268
10.6607142857143,43.2678571428571,"Centre","2023",2.70696428571429,1.25862857142857,6.46863392857143,51.7444444444444,15.0962455237671
10.6607142857143,43.2678571428571,"Centre","2023",2.70696428571429,1.25862857142857,6.46863392857143,52.6852525252525,15.0495247525566
10.6607142857143,43.2678571428571,"Centre","2023",2.70696428571429,1.25862857142857,6.46863392857143,53.6260606060606,15.0029485756068
10.6607142857143,43.2678571428571,"Centre","2023",2.70696428571429,1.25862857142857,6.46863392857143,54.5668686868687,14.9565165454188
10.6607142857143,43.2678571428571,"Centre","2023",2.70696428571429,1.25862857142857,6.46863392857143,55.5076767676768,14.9102282158785
10.6607142857143,43.2678571428571,"Centre","2023",2.70696428571429,1.25862857142857,6.46863392857143,56.4484848484848,14.8640831422524
10.6607142857143,43.2678571428571,"Centre","2023",2.70696428571429,1.25862857142857,6.46863392857143,57.3892929292929,14.8180808811836
10.6607142857143,43.2678571428571,"Centre","2023",2.70696428571429,1.25862857142857,6.46863392857143,58.330101010101,14.772220990687
10.6607142857143,43.2678571428571,"Centre","2023",2.70696428571429,1.25862857142857,6.46863392857143,59.2709090909091,14.7265030301456
10.6607142857143,43.2678571428571,"Centre","2023",2.70696428571429,1.25862857142857,6.46863392857143,60.2117171717172,14.6809265603062
10.6607142857143,43.2678571428571,"Centre","2023",2.70696428571429,1.25862857142857,6.46863392857143,61.1525252525253,14.6354911432746
10.6607142857143,43.2678571428571,"Centre","2023",2.70696428571429,1.25862857142857,6.46863392857143,62.0933333333333,14.5901963425122
10.6607142857143,43.2678571428571,"Centre","2023",2.70696428571429,1.25862857142857,6.46863392857143,63.0341414141414,14.5450417228313
10.6607142857143,43.2678571428571,"Centre","2023",2.70696428571429,1.25862857142857,6.46863392857143,63.9749494949495,14.5000268503909
10.6607142857143,43.2678571428571,"Centre","2023",2.70696428571429,1.25862857142857,6.46863392857143,64.9157575757576,14.455151292693
10.6607142857143,43.2678571428571,"Centre","2023",2.70696428571429,1.25862857142857,6.46863392857143,65.8565656565656,14.4104146185778
10.6607142857143,43.2678571428571,"Centre","2023",2.70696428571429,1.25862857142857,6.46863392857143,66.7973737373737,14.36581639822
10.6607142857143,43.2678571428571,"Centre","2023",2.70696428571429,1.25862857142857,6.46863392857143,67.7381818181818,14.3213562031246
10.6607142857143,43.2678571428571,"Centre","2023",2.70696428571429,1.25862857142857,6.46863392857143,68.6789898989899,14.2770336061227
10.6607142857143,43.2678571428571,"Centre","2023",2.70696428571429,1.25862857142857,6.46863392857143,69.619797979798,14.2328481813675
10.6607142857143,43.2678571428571,"Centre","2023",2.70696428571429,1.25862857142857,6.46863392857143,70.5606060606061,14.1887995043299
10.6607142857143,43.2678571428571,"Centre","2023",2.70696428571429,1.25862857142857,6.46863392857143,71.5014141414141,14.1448871517949
10.6607142857143,43.2678571428571,"Centre","2023",2.70696428571429,1.25862857142857,6.46863392857143,72.4422222222222,14.1011107018572
10.6607142857143,43.2678571428571,"Centre","2023",2.70696428571429,1.25862857142857,6.46863392857143,73.3830303030303,14.0574697339173
10.6607142857143,43.2678571428571,"Centre","2023",2.70696428571429,1.25862857142857,6.46863392857143,74.3238383838384,14.0139638286772
10.6607142857143,43.2678571428571,"Centre","2023",2.70696428571429,1.25862857142857,6.46863392857143,75.2646464646465,13.9705925681368
10.6607142857143,43.2678571428571,"Centre","2023",2.70696428571429,1.25862857142857,6.46863392857143,76.2054545454545,13.9273555355896
10.6607142857143,43.2678571428571,"Centre","2023",2.70696428571429,1.25862857142857,6.46863392857143,77.1462626262626,13.8842523156186
10.6607142857143,43.2678571428571,"Centre","2023",2.70696428571429,1.25862857142857,6.46863392857143,78.0870707070707,13.8412824940927
10.6607142857143,43.2678571428571,"Centre","2023",2.70696428571429,1.25862857142857,6.46863392857143,79.0278787878788,13.7984456581623
10.6607142857143,43.2678571428571,"Centre","2023",2.70696428571429,1.25862857142857,6.46863392857143,79.9686868686869,13.7557413962554
10.6607142857143,43.2678571428571,"Centre","2023",2.70696428571429,1.25862857142857,6.46863392857143,80.9094949494949,13.7131692980742
10.6607142857143,43.2678571428571,"Centre","2023",2.70696428571429,1.25862857142857,6.46863392857143,81.850303030303,13.6707289545902
10.6607142857143,43.2678571428571,"Centre","2023",2.70696428571429,1.25862857142857,6.46863392857143,82.7911111111111,13.6284199580411
10.6607142857143,43.2678571428571,"Centre","2023",2.70696428571429,1.25862857142857,6.46863392857143,83.7319191919192,13.5862419019265
10.6607142857143,43.2678571428571,"Centre","2023",2.70696428571429,1.25862857142857,6.46863392857143,84.6727272727273,13.5441943810041
10.6607142857143,43.2678571428571,"Centre","2023",2.70696428571429,1.25862857142857,6.46863392857143,85.6135353535354,13.5022769912855
10.6607142857143,43.2678571428571,"Centre","2023",2.70696428571429,1.25862857142857,6.46863392857143,86.5543434343434,13.460489330033
10.6607142857143,43.2678571428571,"Centre","2023",2.70696428571429,1.25862857142857,6.46863392857143,87.4951515151515,13.4188309957551
10.6607142857143,43.2678571428571,"Centre","2023",2.70696428571429,1.25862857142857,6.46863392857143,88.4359595959596,13.3773015882028
10.6607142857143,43.2678571428571,"Centre","2023",2.70696428571429,1.25862857142857,6.46863392857143,89.3767676767677,13.335900708366
10.6607142857143,43.2678571428571,"Centre","2023",2.70696428571429,1.25862857142857,6.46863392857143,90.3175757575758,13.2946279584692
10.6607142857143,43.2678571428571,"Centre","2023",2.70696428571429,1.25862857142857,6.46863392857143,91.2583838383838,13.2534829419683
10.6607142857143,43.2678571428571,"Centre","2023",2.70696428571429,1.25862857142857,6.46863392857143,92.1991919191919,13.2124652635462
10.6607142857143,43.2678571428571,"Centre","2023",2.70696428571429,1.25862857142857,6.46863392857143,93.14,13.1715745291093
10.6607142857143,43.2678571428571,"Centre","2022",2.70696428571429,1.25862857142857,6.46863392857143,0,18.1584191346081
10.6607142857143,43.2678571428571,"Centre","2022",2.70696428571429,1.25862857142857,6.46863392857143,0.940808080808081,18.1022213638049
10.6607142857143,43.2678571428571,"Centre","2022",2.70696428571429,1.25862857142857,6.46863392857143,1.88161616161616,18.0461975172524
10.6607142857143,43.2678571428571,"Centre","2022",2.70696428571429,1.25862857142857,6.46863392857143,2.82242424242424,17.9903470566795
10.6607142857143,43.2678571428571,"Centre","2022",2.70696428571429,1.25862857142857,6.46863392857143,3.76323232323232,17.9346694454807
10.6607142857143,43.2678571428571,"Centre","2022",2.70696428571429,1.25862857142857,6.46863392857143,4.7040404040404,17.8791641487114
10.6607142857143,43.2678571428571,"Centre","2022",2.70696428571429,1.25862857142857,6.46863392857143,5.64484848484848,17.8238306330824
10.6607142857143,43.2678571428571,"Centre","2022",2.70696428571429,1.25862857142857,6.46863392857143,6.58565656565657,17.7686683669552
10.6607142857143,43.2678571428571,"Centre","2022",2.70696428571429,1.25862857142857,6.46863392857143,7.52646464646465,17.7136768203364
10.6607142857143,43.2678571428571,"Centre","2022",2.70696428571429,1.25862857142857,6.46863392857143,8.46727272727273,17.658855464873
10.6607142857143,43.2678571428571,"Centre","2022",2.70696428571429,1.25862857142857,6.46863392857143,9.40808080808081,17.6042037738472
10.6607142857143,43.2678571428571,"Centre","2022",2.70696428571429,1.25862857142857,6.46863392857143,10.3488888888889,17.5497212221712
10.6607142857143,43.2678571428571,"Centre","2022",2.70696428571429,1.25862857142857,6.46863392857143,11.289696969697,17.4954072863823
10.6607142857143,43.2678571428571,"Centre","2022",2.70696428571429,1.25862857142857,6.46863392857143,12.230505050505,17.441261444638
10.6607142857143,43.2678571428571,"Centre","2022",2.70696428571429,1.25862857142857,6.46863392857143,13.1713131313131,17.3872831767107
10.6607142857143,43.2678571428571,"Centre","2022",2.70696428571429,1.25862857142857,6.46863392857143,14.1121212121212,17.3334719639828
10.6607142857143,43.2678571428571,"Centre","2022",2.70696428571429,1.25862857142857,6.46863392857143,15.0529292929293,17.2798272894417
10.6607142857143,43.2678571428571,"Centre","2022",2.70696428571429,1.25862857142857,6.46863392857143,15.9937373737374,17.2263486376752
10.6607142857143,43.2678571428571,"Centre","2022",2.70696428571429,1.25862857142857,6.46863392857143,16.9345454545455,17.1730354948658
10.6607142857143,43.2678571428571,"Centre","2022",2.70696428571429,1.25862857142857,6.46863392857143,17.8753535353535,17.1198873487864
10.6607142857143,43.2678571428571,"Centre","2022",2.70696428571429,1.25862857142857,6.46863392857143,18.8161616161616,17.0669036887954
10.6607142857143,43.2678571428571,"Centre","2022",2.70696428571429,1.25862857142857,6.46863392857143,19.7569696969697,17.014084005831
10.6607142857143,43.2678571428571,"Centre","2022",2.70696428571429,1.25862857142857,6.46863392857143,20.6977777777778,16.9614277924075
10.6607142857143,43.2678571428571,"Centre","2022",2.70696428571429,1.25862857142857,6.46863392857143,21.6385858585859,16.9089345426093
10.6607142857143,43.2678571428571,"Centre","2022",2.70696428571429,1.25862857142857,6.46863392857143,22.5793939393939,16.8566037520868
10.6607142857143,43.2678571428571,"Centre","2022",2.70696428571429,1.25862857142857,6.46863392857143,23.520202020202,16.8044349180513
10.6607142857143,43.2678571428571,"Centre","2022",2.70696428571429,1.25862857142857,6.46863392857143,24.4610101010101,16.7524275392701
10.6607142857143,43.2678571428571,"Centre","2022",2.70696428571429,1.25862857142857,6.46863392857143,25.4018181818182,16.7005811160617
10.6607142857143,43.2678571428571,"Centre","2022",2.70696428571429,1.25862857142857,6.46863392857143,26.3426262626263,16.648895150291
10.6607142857143,43.2678571428571,"Centre","2022",2.70696428571429,1.25862857142857,6.46863392857143,27.2834343434343,16.5973691453647
10.6607142857143,43.2678571428571,"Centre","2022",2.70696428571429,1.25862857142857,6.46863392857143,28.2242424242424,16.5460026062264
10.6607142857143,43.2678571428571,"Centre","2022",2.70696428571429,1.25862857142857,6.46863392857143,29.1650505050505,16.4947950393518
10.6607142857143,43.2678571428571,"Centre","2022",2.70696428571429,1.25862857142857,6.46863392857143,30.1058585858586,16.4437459527437
10.6607142857143,43.2678571428571,"Centre","2022",2.70696428571429,1.25862857142857,6.46863392857143,31.0466666666667,16.3928548559281
10.6607142857143,43.2678571428571,"Centre","2022",2.70696428571429,1.25862857142857,6.46863392857143,31.9874747474747,16.3421212599485
10.6607142857143,43.2678571428571,"Centre","2022",2.70696428571429,1.25862857142857,6.46863392857143,32.9282828282828,16.2915446773618
10.6607142857143,43.2678571428571,"Centre","2022",2.70696428571429,1.25862857142857,6.46863392857143,33.8690909090909,16.2411246222336
10.6607142857143,43.2678571428571,"Centre","2022",2.70696428571429,1.25862857142857,6.46863392857143,34.809898989899,16.1908606101331
10.6607142857143,43.2678571428571,"Centre","2022",2.70696428571429,1.25862857142857,6.46863392857143,35.7507070707071,16.1407521581291
10.6607142857143,43.2678571428571,"Centre","2022",2.70696428571429,1.25862857142857,6.46863392857143,36.6915151515151,16.0907987847848
10.6607142857143,43.2678571428571,"Centre","2022",2.70696428571429,1.25862857142857,6.46863392857143,37.6323232323232,16.0410000101533
10.6607142857143,43.2678571428571,"Centre","2022",2.70696428571429,1.25862857142857,6.46863392857143,38.5731313131313,15.9913553557733
10.6607142857143,43.2678571428571,"Centre","2022",2.70696428571429,1.25862857142857,6.46863392857143,39.5139393939394,15.9418643446641
10.6607142857143,43.2678571428571,"Centre","2022",2.70696428571429,1.25862857142857,6.46863392857143,40.4547474747475,15.8925265013213
10.6607142857143,43.2678571428571,"Centre","2022",2.70696428571429,1.25862857142857,6.46863392857143,41.3955555555556,15.8433413517119
10.6607142857143,43.2678571428571,"Centre","2022",2.70696428571429,1.25862857142857,6.46863392857143,42.3363636363636,15.7943084232703
10.6607142857143,43.2678571428571,"Centre","2022",2.70696428571429,1.25862857142857,6.46863392857143,43.2771717171717,15.7454272448931
10.6607142857143,43.2678571428571,"Centre","2022",2.70696428571429,1.25862857142857,6.46863392857143,44.2179797979798,15.6966973469351
10.6607142857143,43.2678571428571,"Centre","2022",2.70696428571429,1.25862857142857,6.46863392857143,45.1587878787879,15.6481182612046
10.6607142857143,43.2678571428571,"Centre","2022",2.70696428571429,1.25862857142857,6.46863392857143,46.099595959596,15.5996895209588
10.6607142857143,43.2678571428571,"Centre","2022",2.70696428571429,1.25862857142857,6.46863392857143,47.040404040404,15.5514106608994
10.6607142857143,43.2678571428571,"Centre","2022",2.70696428571429,1.25862857142857,6.46863392857143,47.9812121212121,15.5032812171681
10.6607142857143,43.2678571428571,"Centre","2022",2.70696428571429,1.25862857142857,6.46863392857143,48.9220202020202,15.4553007273424
10.6607142857143,43.2678571428571,"Centre","2022",2.70696428571429,1.25862857142857,6.46863392857143,49.8628282828283,15.4074687304306
10.6607142857143,43.2678571428571,"Centre","2022",2.70696428571429,1.25862857142857,6.46863392857143,50.8036363636364,15.3597847668679
10.6607142857143,43.2678571428571,"Centre","2022",2.70696428571429,1.25862857142857,6.46863392857143,51.7444444444444,15.3122483785118
10.6607142857143,43.2678571428571,"Centre","2022",2.70696428571429,1.25862857142857,6.46863392857143,52.6852525252525,15.2648591086377
10.6607142857143,43.2678571428571,"Centre","2022",2.70696428571429,1.25862857142857,6.46863392857143,53.6260606060606,15.2176165019344
10.6607142857143,43.2678571428571,"Centre","2022",2.70696428571429,1.25862857142857,6.46863392857143,54.5668686868687,15.1705201044998
10.6607142857143,43.2678571428571,"Centre","2022",2.70696428571429,1.25862857142857,6.46863392857143,55.5076767676768,15.1235694638367
10.6607142857143,43.2678571428571,"Centre","2022",2.70696428571429,1.25862857142857,6.46863392857143,56.4484848484848,15.0767641288483
10.6607142857143,43.2678571428571,"Centre","2022",2.70696428571429,1.25862857142857,6.46863392857143,57.3892929292929,15.0301036498338
10.6607142857143,43.2678571428571,"Centre","2022",2.70696428571429,1.25862857142857,6.46863392857143,58.330101010101,14.9835875784842
10.6607142857143,43.2678571428571,"Centre","2022",2.70696428571429,1.25862857142857,6.46863392857143,59.2709090909091,14.9372154678779
10.6607142857143,43.2678571428571,"Centre","2022",2.70696428571429,1.25862857142857,6.46863392857143,60.2117171717172,14.8909868724765
10.6607142857143,43.2678571428571,"Centre","2022",2.70696428571429,1.25862857142857,6.46863392857143,61.1525252525253,14.8449013481206
10.6607142857143,43.2678571428571,"Centre","2022",2.70696428571429,1.25862857142857,6.46863392857143,62.0933333333333,14.7989584520252
10.6607142857143,43.2678571428571,"Centre","2022",2.70696428571429,1.25862857142857,6.46863392857143,63.0341414141414,14.7531577427758
10.6607142857143,43.2678571428571,"Centre","2022",2.70696428571429,1.25862857142857,6.46863392857143,63.9749494949495,14.707498780324
10.6607142857143,43.2678571428571,"Centre","2022",2.70696428571429,1.25862857142857,6.46863392857143,64.9157575757576,14.6619811259831
10.6607142857143,43.2678571428571,"Centre","2022",2.70696428571429,1.25862857142857,6.46863392857143,65.8565656565656,14.6166043424244
10.6607142857143,43.2678571428571,"Centre","2022",2.70696428571429,1.25862857142857,6.46863392857143,66.7973737373737,14.5713679936725
10.6607142857143,43.2678571428571,"Centre","2022",2.70696428571429,1.25862857142857,6.46863392857143,67.7381818181818,14.5262716451012
10.6607142857143,43.2678571428571,"Centre","2022",2.70696428571429,1.25862857142857,6.46863392857143,68.6789898989899,14.4813148634296
10.6607142857143,43.2678571428571,"Centre","2022",2.70696428571429,1.25862857142857,6.46863392857143,69.619797979798,14.4364972167176
10.6607142857143,43.2678571428571,"Centre","2022",2.70696428571429,1.25862857142857,6.46863392857143,70.5606060606061,14.3918182743618
10.6607142857143,43.2678571428571,"Centre","2022",2.70696428571429,1.25862857142857,6.46863392857143,71.5014141414141,14.3472776070918
10.6607142857143,43.2678571428571,"Centre","2022",2.70696428571429,1.25862857142857,6.46863392857143,72.4422222222222,14.3028747869654
10.6607142857143,43.2678571428571,"Centre","2022",2.70696428571429,1.25862857142857,6.46863392857143,73.3830303030303,14.258609387365
10.6607142857143,43.2678571428571,"Centre","2022",2.70696428571429,1.25862857142857,6.46863392857143,74.3238383838384,14.2144809829933
10.6607142857143,43.2678571428571,"Centre","2022",2.70696428571429,1.25862857142857,6.46863392857143,75.2646464646465,14.1704891498691
10.6607142857143,43.2678571428571,"Centre","2022",2.70696428571429,1.25862857142857,6.46863392857143,76.2054545454545,14.1266334653235
10.6607142857143,43.2678571428571,"Centre","2022",2.70696428571429,1.25862857142857,6.46863392857143,77.1462626262626,14.0829135079957
10.6607142857143,43.2678571428571,"Centre","2022",2.70696428571429,1.25862857142857,6.46863392857143,78.0870707070707,14.0393288578289
10.6607142857143,43.2678571428571,"Centre","2022",2.70696428571429,1.25862857142857,6.46863392857143,79.0278787878788,13.9958790960664
10.6607142857143,43.2678571428571,"Centre","2022",2.70696428571429,1.25862857142857,6.46863392857143,79.9686868686869,13.9525638052473
10.6607142857143,43.2678571428571,"Centre","2022",2.70696428571429,1.25862857142857,6.46863392857143,80.9094949494949,13.9093825692029
10.6607142857143,43.2678571428571,"Centre","2022",2.70696428571429,1.25862857142857,6.46863392857143,81.850303030303,13.8663349730524
10.6607142857143,43.2678571428571,"Centre","2022",2.70696428571429,1.25862857142857,6.46863392857143,82.7911111111111,13.823420603199
10.6607142857143,43.2678571428571,"Centre","2022",2.70696428571429,1.25862857142857,6.46863392857143,83.7319191919192,13.7806390473259
10.6607142857143,43.2678571428571,"Centre","2022",2.70696428571429,1.25862857142857,6.46863392857143,84.6727272727273,13.7379898943923
10.6607142857143,43.2678571428571,"Centre","2022",2.70696428571429,1.25862857142857,6.46863392857143,85.6135353535354,13.6954727346297
10.6607142857143,43.2678571428571,"Centre","2022",2.70696428571429,1.25862857142857,6.46863392857143,86.5543434343434,13.6530871595377
10.6607142857143,43.2678571428571,"Centre","2022",2.70696428571429,1.25862857142857,6.46863392857143,87.4951515151515,13.6108327618801
10.6607142857143,43.2678571428571,"Centre","2022",2.70696428571429,1.25862857142857,6.46863392857143,88.4359595959596,13.568709135681
10.6607142857143,43.2678571428571,"Centre","2022",2.70696428571429,1.25862857142857,6.46863392857143,89.3767676767677,13.526715876221
10.6607142857143,43.2678571428571,"Centre","2022",2.70696428571429,1.25862857142857,6.46863392857143,90.3175757575758,13.4848525800333
10.6607142857143,43.2678571428571,"Centre","2022",2.70696428571429,1.25862857142857,6.46863392857143,91.2583838383838,13.4431188448998
10.6607142857143,43.2678571428571,"Centre","2022",2.70696428571429,1.25862857142857,6.46863392857143,92.1991919191919,13.401514269847
10.6607142857143,43.2678571428571,"Centre","2022",2.70696428571429,1.25862857142857,6.46863392857143,93.14,13.3600384551425
10.6607142857143,43.2678571428571,"North","2023",2.70696428571429,1.25862857142857,6.46863392857143,0,14.4243972127431
10.6607142857143,43.2678571428571,"North","2023",2.70696428571429,1.25862857142857,6.46863392857143,0.940808080808081,14.3797557182095
10.6607142857143,43.2678571428571,"North","2023",2.70696428571429,1.25862857142857,6.46863392857143,1.88161616161616,14.3352523828658
10.6607142857143,43.2678571428571,"North","2023",2.70696428571429,1.25862857142857,6.46863392857143,2.82242424242424,14.2908867791287
10.6607142857143,43.2678571428571,"North","2023",2.70696428571429,1.25862857142857,6.46863392857143,3.76323232323232,14.2466584807381
10.6607142857143,43.2678571428571,"North","2023",2.70696428571429,1.25862857142857,6.46863392857143,4.7040404040404,14.202567062753
10.6607142857143,43.2678571428571,"North","2023",2.70696428571429,1.25862857142857,6.46863392857143,5.64484848484848,14.1586121015478
10.6607142857143,43.2678571428571,"North","2023",2.70696428571429,1.25862857142857,6.46863392857143,6.58565656565657,14.1147931748077
10.6607142857143,43.2678571428571,"North","2023",2.70696428571429,1.25862857142857,6.46863392857143,7.52646464646465,14.0711098615252
10.6607142857143,43.2678571428571,"North","2023",2.70696428571429,1.25862857142857,6.46863392857143,8.46727272727273,14.0275617419955
10.6607142857143,43.2678571428571,"North","2023",2.70696428571429,1.25862857142857,6.46863392857143,9.40808080808081,13.9841483978128
10.6607142857143,43.2678571428571,"North","2023",2.70696428571429,1.25862857142857,6.46863392857143,10.3488888888889,13.9408694118662
10.6607142857143,43.2678571428571,"North","2023",2.70696428571429,1.25862857142857,6.46863392857143,11.289696969697,13.8977243683358
10.6607142857143,43.2678571428571,"North","2023",2.70696428571429,1.25862857142857,6.46863392857143,12.230505050505,13.8547128526886
10.6607142857143,43.2678571428571,"North","2023",2.70696428571429,1.25862857142857,6.46863392857143,13.1713131313131,13.8118344516743
10.6607142857143,43.2678571428571,"North","2023",2.70696428571429,1.25862857142857,6.46863392857143,14.1121212121212,13.7690887533217
10.6607142857143,43.2678571428571,"North","2023",2.70696428571429,1.25862857142857,6.46863392857143,15.0529292929293,13.7264753469347
10.6607142857143,43.2678571428571,"North","2023",2.70696428571429,1.25862857142857,6.46863392857143,15.9937373737374,13.6839938230882
10.6607142857143,43.2678571428571,"North","2023",2.70696428571429,1.25862857142857,6.46863392857143,16.9345454545455,13.6416437736239
10.6607142857143,43.2678571428571,"North","2023",2.70696428571429,1.25862857142857,6.46863392857143,17.8753535353535,13.5994247916473
10.6607142857143,43.2678571428571,"North","2023",2.70696428571429,1.25862857142857,6.46863392857143,18.8161616161616,13.5573364715225
10.6607142857143,43.2678571428571,"North","2023",2.70696428571429,1.25862857142857,6.46863392857143,19.7569696969697,13.5153784088696
10.6607142857143,43.2678571428571,"North","2023",2.70696428571429,1.25862857142857,6.46863392857143,20.6977777777778,13.4735502005597
10.6607142857143,43.2678571428571,"North","2023",2.70696428571429,1.25862857142857,6.46863392857143,21.6385858585859,13.4318514447119
10.6607142857143,43.2678571428571,"North","2023",2.70696428571429,1.25862857142857,6.46863392857143,22.5793939393939,13.3902817406888
10.6607142857143,43.2678571428571,"North","2023",2.70696428571429,1.25862857142857,6.46863392857143,23.520202020202,13.3488406890931
10.6607142857143,43.2678571428571,"North","2023",2.70696428571429,1.25862857142857,6.46863392857143,24.4610101010101,13.3075278917635
10.6607142857143,43.2678571428571,"North","2023",2.70696428571429,1.25862857142857,6.46863392857143,25.4018181818182,13.2663429517709
10.6607142857143,43.2678571428571,"North","2023",2.70696428571429,1.25862857142857,6.46863392857143,26.3426262626263,13.2252854734148
10.6607142857143,43.2678571428571,"North","2023",2.70696428571429,1.25862857142857,6.46863392857143,27.2834343434343,13.1843550622192
10.6607142857143,43.2678571428571,"North","2023",2.70696428571429,1.25862857142857,6.46863392857143,28.2242424242424,13.1435513249289
10.6607142857143,43.2678571428571,"North","2023",2.70696428571429,1.25862857142857,6.46863392857143,29.1650505050505,13.102873869506
10.6607142857143,43.2678571428571,"North","2023",2.70696428571429,1.25862857142857,6.46863392857143,30.1058585858586,13.0623223051257
10.6607142857143,43.2678571428571,"North","2023",2.70696428571429,1.25862857142857,6.46863392857143,31.0466666666667,13.0218962421728
10.6607142857143,43.2678571428571,"North","2023",2.70696428571429,1.25862857142857,6.46863392857143,31.9874747474747,12.9815952922379
10.6607142857143,43.2678571428571,"North","2023",2.70696428571429,1.25862857142857,6.46863392857143,32.9282828282828,12.9414190681137
10.6607142857143,43.2678571428571,"North","2023",2.70696428571429,1.25862857142857,6.46863392857143,33.8690909090909,12.9013671837912
10.6607142857143,43.2678571428571,"North","2023",2.70696428571429,1.25862857142857,6.46863392857143,34.809898989899,12.8614392544562
10.6607142857143,43.2678571428571,"North","2023",2.70696428571429,1.25862857142857,6.46863392857143,35.7507070707071,12.8216348964852
10.6607142857143,43.2678571428571,"North","2023",2.70696428571429,1.25862857142857,6.46863392857143,36.6915151515151,12.7819537274421
10.6607142857143,43.2678571428571,"North","2023",2.70696428571429,1.25862857142857,6.46863392857143,37.6323232323232,12.7423953660745
10.6607142857143,43.2678571428571,"North","2023",2.70696428571429,1.25862857142857,6.46863392857143,38.5731313131313,12.7029594323096
10.6607142857143,43.2678571428571,"North","2023",2.70696428571429,1.25862857142857,6.46863392857143,39.5139393939394,12.6636455472513
10.6607142857143,43.2678571428571,"North","2023",2.70696428571429,1.25862857142857,6.46863392857143,40.4547474747475,12.6244533331757
10.6607142857143,43.2678571428571,"North","2023",2.70696428571429,1.25862857142857,6.46863392857143,41.3955555555556,12.5853824135282
10.6607142857143,43.2678571428571,"North","2023",2.70696428571429,1.25862857142857,6.46863392857143,42.3363636363636,12.5464324129195
10.6607142857143,43.2678571428571,"North","2023",2.70696428571429,1.25862857142857,6.46863392857143,43.2771717171717,12.507602957122
10.6607142857143,43.2678571428571,"North","2023",2.70696428571429,1.25862857142857,6.46863392857143,44.2179797979798,12.4688936730664
10.6607142857143,43.2678571428571,"North","2023",2.70696428571429,1.25862857142857,6.46863392857143,45.1587878787879,12.430304188838
10.6607142857143,43.2678571428571,"North","2023",2.70696428571429,1.25862857142857,6.46863392857143,46.099595959596,12.3918341336729
10.6607142857143,43.2678571428571,"North","2023",2.70696428571429,1.25862857142857,6.46863392857143,47.040404040404,12.353483137955
10.6607142857143,43.2678571428571,"North","2023",2.70696428571429,1.25862857142857,6.46863392857143,47.9812121212121,12.3152508332119
10.6607142857143,43.2678571428571,"North","2023",2.70696428571429,1.25862857142857,6.46863392857143,48.9220202020202,12.2771368521115
10.6607142857143,43.2678571428571,"North","2023",2.70696428571429,1.25862857142857,6.46863392857143,49.8628282828283,12.2391408284588
10.6607142857143,43.2678571428571,"North","2023",2.70696428571429,1.25862857142857,6.46863392857143,50.8036363636364,12.2012623971919
10.6607142857143,43.2678571428571,"North","2023",2.70696428571429,1.25862857142857,6.46863392857143,51.7444444444444,12.1635011943788
10.6607142857143,43.2678571428571,"North","2023",2.70696428571429,1.25862857142857,6.46863392857143,52.6852525252525,12.1258568572138
10.6607142857143,43.2678571428571,"North","2023",2.70696428571429,1.25862857142857,6.46863392857143,53.6260606060606,12.0883290240141
10.6607142857143,43.2678571428571,"North","2023",2.70696428571429,1.25862857142857,6.46863392857143,54.5668686868687,12.0509173342161
10.6607142857143,43.2678571428571,"North","2023",2.70696428571429,1.25862857142857,6.46863392857143,55.5076767676768,12.0136214283723
10.6607142857143,43.2678571428571,"North","2023",2.70696428571429,1.25862857142857,6.46863392857143,56.4484848484848,11.9764409481475
10.6607142857143,43.2678571428571,"North","2023",2.70696428571429,1.25862857142857,6.46863392857143,57.3892929292929,11.9393755363155
10.6607142857143,43.2678571428571,"North","2023",2.70696428571429,1.25862857142857,6.46863392857143,58.330101010101,11.9024248367557
10.6607142857143,43.2678571428571,"North","2023",2.70696428571429,1.25862857142857,6.46863392857143,59.2709090909091,11.8655884944497
10.6607142857143,43.2678571428571,"North","2023",2.70696428571429,1.25862857142857,6.46863392857143,60.2117171717172,11.8288661554777
10.6607142857143,43.2678571428571,"North","2023",2.70696428571429,1.25862857142857,6.46863392857143,61.1525252525253,11.7922574670154
10.6607142857143,43.2678571428571,"North","2023",2.70696428571429,1.25862857142857,6.46863392857143,62.0933333333333,11.7557620773302
10.6607142857143,43.2678571428571,"North","2023",2.70696428571429,1.25862857142857,6.46863392857143,63.0341414141414,11.7193796357784
10.6607142857143,43.2678571428571,"North","2023",2.70696428571429,1.25862857142857,6.46863392857143,63.9749494949495,11.6831097928012
10.6607142857143,43.2678571428571,"North","2023",2.70696428571429,1.25862857142857,6.46863392857143,64.9157575757576,11.6469521999216
10.6607142857143,43.2678571428571,"North","2023",2.70696428571429,1.25862857142857,6.46863392857143,65.8565656565656,11.6109065097415
10.6607142857143,43.2678571428571,"North","2023",2.70696428571429,1.25862857142857,6.46863392857143,66.7973737373737,11.5749723759375
10.6607142857143,43.2678571428571,"North","2023",2.70696428571429,1.25862857142857,6.46863392857143,67.7381818181818,11.5391494532583
10.6607142857143,43.2678571428571,"North","2023",2.70696428571429,1.25862857142857,6.46863392857143,68.6789898989899,11.5034373975209
10.6607142857143,43.2678571428571,"North","2023",2.70696428571429,1.25862857142857,6.46863392857143,69.619797979798,11.4678358656076
10.6607142857143,43.2678571428571,"North","2023",2.70696428571429,1.25862857142857,6.46863392857143,70.5606060606061,11.4323445154627
10.6607142857143,43.2678571428571,"North","2023",2.70696428571429,1.25862857142857,6.46863392857143,71.5014141414141,11.396963006089
10.6607142857143,43.2678571428571,"North","2023",2.70696428571429,1.25862857142857,6.46863392857143,72.4422222222222,11.3616909975446
10.6607142857143,43.2678571428571,"North","2023",2.70696428571429,1.25862857142857,6.46863392857143,73.3830303030303,11.3265281509397
10.6607142857143,43.2678571428571,"North","2023",2.70696428571429,1.25862857142857,6.46863392857143,74.3238383838384,11.2914741284335
10.6607142857143,43.2678571428571,"North","2023",2.70696428571429,1.25862857142857,6.46863392857143,75.2646464646465,11.2565285932304
10.6607142857143,43.2678571428571,"North","2023",2.70696428571429,1.25862857142857,6.46863392857143,76.2054545454545,11.2216912095775
10.6607142857143,43.2678571428571,"North","2023",2.70696428571429,1.25862857142857,6.46863392857143,77.1462626262626,11.1869616427609
10.6607142857143,43.2678571428571,"North","2023",2.70696428571429,1.25862857142857,6.46863392857143,78.0870707070707,11.1523395591024
10.6607142857143,43.2678571428571,"North","2023",2.70696428571429,1.25862857142857,6.46863392857143,79.0278787878788,11.1178246259567
10.6607142857143,43.2678571428571,"North","2023",2.70696428571429,1.25862857142857,6.46863392857143,79.9686868686869,11.083416511708
10.6607142857143,43.2678571428571,"North","2023",2.70696428571429,1.25862857142857,6.46863392857143,80.9094949494949,11.0491148857667
10.6607142857143,43.2678571428571,"North","2023",2.70696428571429,1.25862857142857,6.46863392857143,81.850303030303,11.0149194185663
10.6607142857143,43.2678571428571,"North","2023",2.70696428571429,1.25862857142857,6.46863392857143,82.7911111111111,10.9808297815603
10.6607142857143,43.2678571428571,"North","2023",2.70696428571429,1.25862857142857,6.46863392857143,83.7319191919192,10.9468456472192
10.6607142857143,43.2678571428571,"North","2023",2.70696428571429,1.25862857142857,6.46863392857143,84.6727272727273,10.9129666890268
10.6607142857143,43.2678571428571,"North","2023",2.70696428571429,1.25862857142857,6.46863392857143,85.6135353535354,10.8791925814778
10.6607142857143,43.2678571428571,"North","2023",2.70696428571429,1.25862857142857,6.46863392857143,86.5543434343434,10.8455230000739
10.6607142857143,43.2678571428571,"North","2023",2.70696428571429,1.25862857142857,6.46863392857143,87.4951515151515,10.8119576213215
10.6607142857143,43.2678571428571,"North","2023",2.70696428571429,1.25862857142857,6.46863392857143,88.4359595959596,10.7784961227277
10.6607142857143,43.2678571428571,"North","2023",2.70696428571429,1.25862857142857,6.46863392857143,89.3767676767677,10.7451381827982
10.6607142857143,43.2678571428571,"North","2023",2.70696428571429,1.25862857142857,6.46863392857143,90.3175757575758,10.7118834810331
10.6607142857143,43.2678571428571,"North","2023",2.70696428571429,1.25862857142857,6.46863392857143,91.2583838383838,10.678731697925
10.6607142857143,43.2678571428571,"North","2023",2.70696428571429,1.25862857142857,6.46863392857143,92.1991919191919,10.6456825149548
10.6607142857143,43.2678571428571,"North","2023",2.70696428571429,1.25862857142857,6.46863392857143,93.14,10.6127356145895
10.6607142857143,43.2678571428571,"North","2022",2.70696428571429,1.25862857142857,6.46863392857143,0,13.6928379581437
10.6607142857143,43.2678571428571,"North","2022",2.70696428571429,1.25862857142857,6.46863392857143,0.940808080808081,13.6504605373169
10.6607142857143,43.2678571428571,"North","2022",2.70696428571429,1.25862857142857,6.46863392857143,1.88161616161616,13.6082142686881
10.6607142857143,43.2678571428571,"North","2022",2.70696428571429,1.25862857142857,6.46863392857143,2.82242424242424,13.5660987463597
10.6607142857143,43.2678571428571,"North","2022",2.70696428571429,1.25862857142857,6.46863392857143,3.76323232323232,13.5241135656901
10.6607142857143,43.2678571428571,"North","2022",2.70696428571429,1.25862857142857,6.46863392857143,4.7040404040404,13.48225832329
10.6607142857143,43.2678571428571,"North","2022",2.70696428571429,1.25862857142857,6.46863392857143,5.64484848484848,13.4405326170187
10.6607142857143,43.2678571428571,"North","2022",2.70696428571429,1.25862857142857,6.46863392857143,6.58565656565657,13.3989360459799
10.6607142857143,43.2678571428571,"North","2022",2.70696428571429,1.25862857142857,6.46863392857143,7.52646464646465,13.3574682105182
10.6607142857143,43.2678571428571,"North","2022",2.70696428571429,1.25862857142857,6.46863392857143,8.46727272727273,13.3161287122149
10.6607142857143,43.2678571428571,"North","2022",2.70696428571429,1.25862857142857,6.46863392857143,9.40808080808081,13.2749171538844
10.6607142857143,43.2678571428571,"North","2022",2.70696428571429,1.25862857142857,6.46863392857143,10.3488888888889,13.2338331395704
10.6607142857143,43.2678571428571,"North","2022",2.70696428571429,1.25862857142857,6.46863392857143,11.289696969697,13.192876274542
10.6607142857143,43.2678571428571,"North","2022",2.70696428571429,1.25862857142857,6.46863392857143,12.230505050505,13.1520461652899
10.6607142857143,43.2678571428571,"North","2022",2.70696428571429,1.25862857142857,6.46863392857143,13.1713131313131,13.1113424195226
10.6607142857143,43.2678571428571,"North","2022",2.70696428571429,1.25862857142857,6.46863392857143,14.1121212121212,13.0707646461629
10.6607142857143,43.2678571428571,"North","2022",2.70696428571429,1.25862857142857,6.46863392857143,15.0529292929293,13.0303124553438
10.6607142857143,43.2678571428571,"North","2022",2.70696428571429,1.25862857142857,6.46863392857143,15.9937373737374,12.9899854584047
10.6607142857143,43.2678571428571,"North","2022",2.70696428571429,1.25862857142857,6.46863392857143,16.9345454545455,12.9497832678882
10.6607142857143,43.2678571428571,"North","2022",2.70696428571429,1.25862857142857,6.46863392857143,17.8753535353535,12.9097054975357
10.6607142857143,43.2678571428571,"North","2022",2.70696428571429,1.25862857142857,6.46863392857143,18.8161616161616,12.8697517622844
10.6607142857143,43.2678571428571,"North","2022",2.70696428571429,1.25862857142857,6.46863392857143,19.7569696969697,12.8299216782628
10.6607142857143,43.2678571428571,"North","2022",2.70696428571429,1.25862857142857,6.46863392857143,20.6977777777778,12.7902148627876
10.6607142857143,43.2678571428571,"North","2022",2.70696428571429,1.25862857142857,6.46863392857143,21.6385858585859,12.75063093436
10.6607142857143,43.2678571428571,"North","2022",2.70696428571429,1.25862857142857,6.46863392857143,22.5793939393939,12.7111695126617
10.6607142857143,43.2678571428571,"North","2022",2.70696428571429,1.25862857142857,6.46863392857143,23.520202020202,12.6718302185515
10.6607142857143,43.2678571428571,"North","2022",2.70696428571429,1.25862857142857,6.46863392857143,24.4610101010101,12.6326126740615
10.6607142857143,43.2678571428571,"North","2022",2.70696428571429,1.25862857142857,6.46863392857143,25.4018181818182,12.5935165023937
10.6607142857143,43.2678571428571,"North","2022",2.70696428571429,1.25862857142857,6.46863392857143,26.3426262626263,12.5545413279161
10.6607142857143,43.2678571428571,"North","2022",2.70696428571429,1.25862857142857,6.46863392857143,27.2834343434343,12.5156867761594
10.6607142857143,43.2678571428571,"North","2022",2.70696428571429,1.25862857142857,6.46863392857143,28.2242424242424,12.4769524738131
10.6607142857143,43.2678571428571,"North","2022",2.70696428571429,1.25862857142857,6.46863392857143,29.1650505050505,12.438338048722
10.6607142857143,43.2678571428571,"North","2022",2.70696428571429,1.25862857142857,6.46863392857143,30.1058585858586,12.3998431298828
10.6607142857143,43.2678571428571,"North","2022",2.70696428571429,1.25862857142857,6.46863392857143,31.0466666666667,12.3614673474403
10.6607142857143,43.2678571428571,"North","2022",2.70696428571429,1.25862857142857,6.46863392857143,31.9874747474747,12.3232103326841
10.6607142857143,43.2678571428571,"North","2022",2.70696428571429,1.25862857142857,6.46863392857143,32.9282828282828,12.2850717180446
10.6607142857143,43.2678571428571,"North","2022",2.70696428571429,1.25862857142857,6.46863392857143,33.8690909090909,12.2470511370902
10.6607142857143,43.2678571428571,"North","2022",2.70696428571429,1.25862857142857,6.46863392857143,34.809898989899,12.209148224523
10.6607142857143,43.2678571428571,"North","2022",2.70696428571429,1.25862857142857,6.46863392857143,35.7507070707071,12.1713626161759
10.6607142857143,43.2678571428571,"North","2022",2.70696428571429,1.25862857142857,6.46863392857143,36.6915151515151,12.1336939490085
10.6607142857143,43.2678571428571,"North","2022",2.70696428571429,1.25862857142857,6.46863392857143,37.6323232323232,12.0961418611044
10.6607142857143,43.2678571428571,"North","2022",2.70696428571429,1.25862857142857,6.46863392857143,38.5731313131313,12.058705991667
10.6607142857143,43.2678571428571,"North","2022",2.70696428571429,1.25862857142857,6.46863392857143,39.5139393939394,12.0213859810163
10.6607142857143,43.2678571428571,"North","2022",2.70696428571429,1.25862857142857,6.46863392857143,40.4547474747475,11.9841814705856
10.6607142857143,43.2678571428571,"North","2022",2.70696428571429,1.25862857142857,6.46863392857143,41.3955555555556,11.9470921029179
10.6607142857143,43.2678571428571,"North","2022",2.70696428571429,1.25862857142857,6.46863392857143,42.3363636363636,11.9101175216623
10.6607142857143,43.2678571428571,"North","2022",2.70696428571429,1.25862857142857,6.46863392857143,43.2771717171717,11.8732573715711
10.6607142857143,43.2678571428571,"North","2022",2.70696428571429,1.25862857142857,6.46863392857143,44.2179797979798,11.8365112984956
10.6607142857143,43.2678571428571,"North","2022",2.70696428571429,1.25862857142857,6.46863392857143,45.1587878787879,11.7998789493835
10.6607142857143,43.2678571428571,"North","2022",2.70696428571429,1.25862857142857,6.46863392857143,46.099595959596,11.7633599722751
10.6607142857143,43.2678571428571,"North","2022",2.70696428571429,1.25862857142857,6.46863392857143,47.040404040404,11.7269540162996
10.6607142857143,43.2678571428571,"North","2022",2.70696428571429,1.25862857142857,6.46863392857143,47.9812121212121,11.6906607316727
10.6607142857143,43.2678571428571,"North","2022",2.70696428571429,1.25862857142857,6.46863392857143,48.9220202020202,11.6544797696921
10.6607142857143,43.2678571428571,"North","2022",2.70696428571429,1.25862857142857,6.46863392857143,49.8628282828283,11.618410782735
10.6607142857143,43.2678571428571,"North","2022",2.70696428571429,1.25862857142857,6.46863392857143,50.8036363636364,11.5824534242543
10.6607142857143,43.2678571428571,"North","2022",2.70696428571429,1.25862857142857,6.46863392857143,51.7444444444444,11.5466073487755
10.6607142857143,43.2678571428571,"North","2022",2.70696428571429,1.25862857142857,6.46863392857143,52.6852525252525,11.5108722118932
10.6607142857143,43.2678571428571,"North","2022",2.70696428571429,1.25862857142857,6.46863392857143,53.6260606060606,11.475247670268
10.6607142857143,43.2678571428571,"North","2022",2.70696428571429,1.25862857142857,6.46863392857143,54.5668686868687,11.439733381623
10.6607142857143,43.2678571428571,"North","2022",2.70696428571429,1.25862857142857,6.46863392857143,55.5076767676768,11.4043290047406
10.6607142857143,43.2678571428571,"North","2022",2.70696428571429,1.25862857142857,6.46863392857143,56.4484848484848,11.3690341994593
10.6607142857143,43.2678571428571,"North","2022",2.70696428571429,1.25862857142857,6.46863392857143,57.3892929292929,11.3338486266702
10.6607142857143,43.2678571428571,"North","2022",2.70696428571429,1.25862857142857,6.46863392857143,58.330101010101,11.2987719483141
10.6607142857143,43.2678571428571,"North","2022",2.70696428571429,1.25862857142857,6.46863392857143,59.2709090909091,11.2638038273779
10.6607142857143,43.2678571428571,"North","2022",2.70696428571429,1.25862857142857,6.46863392857143,60.2117171717172,11.2289439278915
10.6607142857143,43.2678571428571,"North","2022",2.70696428571429,1.25862857142857,6.46863392857143,61.1525252525253,11.1941919149248
10.6607142857143,43.2678571428571,"North","2022",2.70696428571429,1.25862857142857,6.46863392857143,62.0933333333333,11.1595474545839
10.6607142857143,43.2678571428571,"North","2022",2.70696428571429,1.25862857142857,6.46863392857143,63.0341414141414,11.1250102140085
10.6607142857143,43.2678571428571,"North","2022",2.70696428571429,1.25862857142857,6.46863392857143,63.9749494949495,11.0905798613685
10.6607142857143,43.2678571428571,"North","2022",2.70696428571429,1.25862857142857,6.46863392857143,64.9157575757576,11.0562560658606
10.6607142857143,43.2678571428571,"North","2022",2.70696428571429,1.25862857142857,6.46863392857143,65.8565656565656,11.0220384977053
10.6607142857143,43.2678571428571,"North","2022",2.70696428571429,1.25862857142857,6.46863392857143,66.7973737373737,10.9879268281438
10.6607142857143,43.2678571428571,"North","2022",2.70696428571429,1.25862857142857,6.46863392857143,67.7381818181818,10.9539207294348
10.6607142857143,43.2678571428571,"North","2022",2.70696428571429,1.25862857142857,6.46863392857143,68.6789898989899,10.9200198748513
10.6607142857143,43.2678571428571,"North","2022",2.70696428571429,1.25862857142857,6.46863392857143,69.619797979798,10.8862239386773
10.6607142857143,43.2678571428571,"North","2022",2.70696428571429,1.25862857142857,6.46863392857143,70.5606060606061,10.8525325962051
10.6607142857143,43.2678571428571,"North","2022",2.70696428571429,1.25862857142857,6.46863392857143,71.5014141414141,10.8189455237317
10.6607142857143,43.2678571428571,"North","2022",2.70696428571429,1.25862857142857,6.46863392857143,72.4422222222222,10.7854623985561
10.6607142857143,43.2678571428571,"North","2022",2.70696428571429,1.25862857142857,6.46863392857143,73.3830303030303,10.7520828989759
10.6607142857143,43.2678571428571,"North","2022",2.70696428571429,1.25862857142857,6.46863392857143,74.3238383838384,10.7188067042844
10.6607142857143,43.2678571428571,"North","2022",2.70696428571429,1.25862857142857,6.46863392857143,75.2646464646465,10.6856334947673
10.6607142857143,43.2678571428571,"North","2022",2.70696428571429,1.25862857142857,6.46863392857143,76.2054545454545,10.6525629517
10.6607142857143,43.2678571428571,"North","2022",2.70696428571429,1.25862857142857,6.46863392857143,77.1462626262626,10.619594757344
10.6607142857143,43.2678571428571,"North","2022",2.70696428571429,1.25862857142857,6.46863392857143,78.0870707070707,10.5867285949445
10.6607142857143,43.2678571428571,"North","2022",2.70696428571429,1.25862857142857,6.46863392857143,79.0278787878788,10.5539641487268
10.6607142857143,43.2678571428571,"North","2022",2.70696428571429,1.25862857142857,6.46863392857143,79.9686868686869,10.5213011038935
10.6607142857143,43.2678571428571,"North","2022",2.70696428571429,1.25862857142857,6.46863392857143,80.9094949494949,10.4887391466215
10.6607142857143,43.2678571428571,"North","2022",2.70696428571429,1.25862857142857,6.46863392857143,81.850303030303,10.4562779640589
10.6607142857143,43.2678571428571,"North","2022",2.70696428571429,1.25862857142857,6.46863392857143,82.7911111111111,10.4239172443221
10.6607142857143,43.2678571428571,"North","2022",2.70696428571429,1.25862857142857,6.46863392857143,83.7319191919192,10.3916566764926
10.6607142857143,43.2678571428571,"North","2022",2.70696428571429,1.25862857142857,6.46863392857143,84.6727272727273,10.3594959506143
10.6607142857143,43.2678571428571,"North","2022",2.70696428571429,1.25862857142857,6.46863392857143,85.6135353535354,10.3274347576903
10.6607142857143,43.2678571428571,"North","2022",2.70696428571429,1.25862857142857,6.46863392857143,86.5543434343434,10.2954727896801
10.6607142857143,43.2678571428571,"North","2022",2.70696428571429,1.25862857142857,6.46863392857143,87.4951515151515,10.2636097394962
10.6607142857143,43.2678571428571,"North","2022",2.70696428571429,1.25862857142857,6.46863392857143,88.4359595959596,10.231845301002
10.6607142857143,43.2678571428571,"North","2022",2.70696428571429,1.25862857142857,6.46863392857143,89.3767676767677,10.2001791690079
10.6607142857143,43.2678571428571,"North","2022",2.70696428571429,1.25862857142857,6.46863392857143,90.3175757575758,10.1686110392692
10.6607142857143,43.2678571428571,"North","2022",2.70696428571429,1.25862857142857,6.46863392857143,91.2583838383838,10.1371406084825
10.6607142857143,43.2678571428571,"North","2022",2.70696428571429,1.25862857142857,6.46863392857143,92.1991919191919,10.1057675742832
10.6607142857143,43.2678571428571,"North","2022",2.70696428571429,1.25862857142857,6.46863392857143,93.14,10.0744916352425
10.6607142857143,43.2678571428571,"South","2023",2.70696428571429,1.25862857142857,6.46863392857143,0,13.2557892708729
10.6607142857143,43.2678571428571,"South","2023",2.70696428571429,1.25862857142857,6.46863392857143,0.940808080808081,13.214764454685
10.6607142857143,43.2678571428571,"South","2023",2.70696428571429,1.25862857142857,6.46863392857143,1.88161616161616,13.1738666045728
10.6607142857143,43.2678571428571,"South","2023",2.70696428571429,1.25862857142857,6.46863392857143,2.82242424242424,13.1330953275939
10.6607142857143,43.2678571428571,"South","2023",2.70696428571429,1.25862857142857,6.46863392857143,3.76323232323232,13.0924502320222
10.6607142857143,43.2678571428571,"South","2023",2.70696428571429,1.25862857142857,6.46863392857143,4.7040404040404,13.0519309273439
10.6607142857143,43.2678571428571,"South","2023",2.70696428571429,1.25862857142857,6.46863392857143,5.64484848484848,13.0115370242537
10.6607142857143,43.2678571428571,"South","2023",2.70696428571429,1.25862857142857,6.46863392857143,6.58565656565657,12.9712681346513
10.6607142857143,43.2678571428571,"South","2023",2.70696428571429,1.25862857142857,6.46863392857143,7.52646464646465,12.9311238716373
10.6607142857143,43.2678571428571,"South","2023",2.70696428571429,1.25862857142857,6.46863392857143,8.46727272727273,12.8911038495098
10.6607142857143,43.2678571428571,"South","2023",2.70696428571429,1.25862857142857,6.46863392857143,9.40808080808081,12.8512076837608
10.6607142857143,43.2678571428571,"South","2023",2.70696428571429,1.25862857142857,6.46863392857143,10.3488888888889,12.8114349910719
10.6607142857143,43.2678571428571,"South","2023",2.70696428571429,1.25862857142857,6.46863392857143,11.289696969697,12.7717853893114
10.6607142857143,43.2678571428571,"South","2023",2.70696428571429,1.25862857142857,6.46863392857143,12.230505050505,12.7322584975299
10.6607142857143,43.2678571428571,"South","2023",2.70696428571429,1.25862857142857,6.46863392857143,13.1713131313131,12.6928539359573
10.6607142857143,43.2678571428571,"South","2023",2.70696428571429,1.25862857142857,6.46863392857143,14.1121212121212,12.6535713259985
10.6607142857143,43.2678571428571,"South","2023",2.70696428571429,1.25862857142857,6.46863392857143,15.0529292929293,12.6144102902306
10.6607142857143,43.2678571428571,"South","2023",2.70696428571429,1.25862857142857,6.46863392857143,15.9937373737374,12.5753704523981
10.6607142857143,43.2678571428571,"South","2023",2.70696428571429,1.25862857142857,6.46863392857143,16.9345454545455,12.5364514374106
10.6607142857143,43.2678571428571,"South","2023",2.70696428571429,1.25862857142857,6.46863392857143,17.8753535353535,12.4976528713382
10.6607142857143,43.2678571428571,"South","2023",2.70696428571429,1.25862857142857,6.46863392857143,18.8161616161616,12.4589743814083
10.6607142857143,43.2678571428571,"South","2023",2.70696428571429,1.25862857142857,6.46863392857143,19.7569696969697,12.4204155960019
10.6607142857143,43.2678571428571,"South","2023",2.70696428571429,1.25862857142857,6.46863392857143,20.6977777777778,12.3819761446504
10.6607142857143,43.2678571428571,"South","2023",2.70696428571429,1.25862857142857,6.46863392857143,21.6385858585859,12.3436556580315
10.6607142857143,43.2678571428571,"South","2023",2.70696428571429,1.25862857142857,6.46863392857143,22.5793939393939,12.305453767966
10.6607142857143,43.2678571428571,"South","2023",2.70696428571429,1.25862857142857,6.46863392857143,23.520202020202,12.2673701074141
10.6607142857143,43.2678571428571,"South","2023",2.70696428571429,1.25862857142857,6.46863392857143,24.4610101010101,12.229404310472
10.6607142857143,43.2678571428571,"South","2023",2.70696428571429,1.25862857142857,6.46863392857143,25.4018181818182,12.1915560123682
10.6607142857143,43.2678571428571,"South","2023",2.70696428571429,1.25862857142857,6.46863392857143,26.3426262626263,12.1538248494603
10.6607142857143,43.2678571428571,"South","2023",2.70696428571429,1.25862857142857,6.46863392857143,27.2834343434343,12.1162104592313
10.6607142857143,43.2678571428571,"South","2023",2.70696428571429,1.25862857142857,6.46863392857143,28.2242424242424,12.0787124802859
10.6607142857143,43.2678571428571,"South","2023",2.70696428571429,1.25862857142857,6.46863392857143,29.1650505050505,12.0413305523475
10.6607142857143,43.2678571428571,"South","2023",2.70696428571429,1.25862857142857,6.46863392857143,30.1058585858586,12.0040643162544
10.6607142857143,43.2678571428571,"South","2023",2.70696428571429,1.25862857142857,6.46863392857143,31.0466666666667,11.9669134139567
10.6607142857143,43.2678571428571,"South","2023",2.70696428571429,1.25862857142857,6.46863392857143,31.9874747474747,11.9298774885122
10.6607142857143,43.2678571428571,"South","2023",2.70696428571429,1.25862857142857,6.46863392857143,32.9282828282828,11.8929561840836
10.6607142857143,43.2678571428571,"South","2023",2.70696428571429,1.25862857142857,6.46863392857143,33.8690909090909,11.856149145935
10.6607142857143,43.2678571428571,"South","2023",2.70696428571429,1.25862857142857,6.46863392857143,34.809898989899,11.8194560204282
10.6607142857143,43.2678571428571,"South","2023",2.70696428571429,1.25862857142857,6.46863392857143,35.7507070707071,11.7828764550194
10.6607142857143,43.2678571428571,"South","2023",2.70696428571429,1.25862857142857,6.46863392857143,36.6915151515151,11.746410098256
10.6607142857143,43.2678571428571,"South","2023",2.70696428571429,1.25862857142857,6.46863392857143,37.6323232323232,11.7100565997731
10.6607142857143,43.2678571428571,"South","2023",2.70696428571429,1.25862857142857,6.46863392857143,38.5731313131313,11.67381561029
10.6607142857143,43.2678571428571,"South","2023",2.70696428571429,1.25862857142857,6.46863392857143,39.5139393939394,11.6376867816071
10.6607142857143,43.2678571428571,"South","2023",2.70696428571429,1.25862857142857,6.46863392857143,40.4547474747475,11.6016697666025
10.6607142857143,43.2678571428571,"South","2023",2.70696428571429,1.25862857142857,6.46863392857143,41.3955555555556,11.5657642192283
10.6607142857143,43.2678571428571,"South","2023",2.70696428571429,1.25862857142857,6.46863392857143,42.3363636363636,11.5299697945078
10.6607142857143,43.2678571428571,"South","2023",2.70696428571429,1.25862857142857,6.46863392857143,43.2771717171717,11.494286148532
10.6607142857143,43.2678571428571,"South","2023",2.70696428571429,1.25862857142857,6.46863392857143,44.2179797979798,11.4587129384561
10.6607142857143,43.2678571428571,"South","2023",2.70696428571429,1.25862857142857,6.46863392857143,45.1587878787879,11.4232498224964
10.6607142857143,43.2678571428571,"South","2023",2.70696428571429,1.25862857142857,6.46863392857143,46.099595959596,11.3878964599271
10.6607142857143,43.2678571428571,"South","2023",2.70696428571429,1.25862857142857,6.46863392857143,47.040404040404,11.3526525110766
10.6607142857143,43.2678571428571,"South","2023",2.70696428571429,1.25862857142857,6.46863392857143,47.9812121212121,11.3175176373248
10.6607142857143,43.2678571428571,"South","2023",2.70696428571429,1.25862857142857,6.46863392857143,48.9220202020202,11.2824915010996
10.6607142857143,43.2678571428571,"South","2023",2.70696428571429,1.25862857142857,6.46863392857143,49.8628282828283,11.2475737658734
10.6607142857143,43.2678571428571,"South","2023",2.70696428571429,1.25862857142857,6.46863392857143,50.8036363636364,11.2127640961604
10.6607142857143,43.2678571428571,"South","2023",2.70696428571429,1.25862857142857,6.46863392857143,51.7444444444444,11.1780621575128
10.6607142857143,43.2678571428571,"South","2023",2.70696428571429,1.25862857142857,6.46863392857143,52.6852525252525,11.143467616518
10.6607142857143,43.2678571428571,"South","2023",2.70696428571429,1.25862857142857,6.46863392857143,53.6260606060606,11.1089801407954
10.6607142857143,43.2678571428571,"South","2023",2.70696428571429,1.25862857142857,6.46863392857143,54.5668686868687,11.0745993989928
10.6607142857143,43.2678571428571,"South","2023",2.70696428571429,1.25862857142857,6.46863392857143,55.5076767676768,11.0403250607838
10.6607142857143,43.2678571428571,"South","2023",2.70696428571429,1.25862857142857,6.46863392857143,56.4484848484848,11.0061567968639
10.6607142857143,43.2678571428571,"South","2023",2.70696428571429,1.25862857142857,6.46863392857143,57.3892929292929,10.9720942789481
10.6607142857143,43.2678571428571,"South","2023",2.70696428571429,1.25862857142857,6.46863392857143,58.330101010101,10.9381371797674
10.6607142857143,43.2678571428571,"South","2023",2.70696428571429,1.25862857142857,6.46863392857143,59.2709090909091,10.9042851730654
10.6607142857143,43.2678571428571,"South","2023",2.70696428571429,1.25862857142857,6.46863392857143,60.2117171717172,10.8705379335956
10.6607142857143,43.2678571428571,"South","2023",2.70696428571429,1.25862857142857,6.46863392857143,61.1525252525253,10.836895137118
10.6607142857143,43.2678571428571,"South","2023",2.70696428571429,1.25862857142857,6.46863392857143,62.0933333333333,10.8033564603962
10.6607142857143,43.2678571428571,"South","2023",2.70696428571429,1.25862857142857,6.46863392857143,63.0341414141414,10.7699215811941
10.6607142857143,43.2678571428571,"South","2023",2.70696428571429,1.25862857142857,6.46863392857143,63.9749494949495,10.7365901782729
10.6607142857143,43.2678571428571,"South","2023",2.70696428571429,1.25862857142857,6.46863392857143,64.9157575757576,10.7033619313878
10.6607142857143,43.2678571428571,"South","2023",2.70696428571429,1.25862857142857,6.46863392857143,65.8565656565656,10.6702365212855
10.6607142857143,43.2678571428571,"South","2023",2.70696428571429,1.25862857142857,6.46863392857143,66.7973737373737,10.6372136297004
10.6607142857143,43.2678571428571,"South","2023",2.70696428571429,1.25862857142857,6.46863392857143,67.7381818181818,10.604292939352
10.6607142857143,43.2678571428571,"South","2023",2.70696428571429,1.25862857142857,6.46863392857143,68.6789898989899,10.5714741339418
10.6607142857143,43.2678571428571,"South","2023",2.70696428571429,1.25862857142857,6.46863392857143,69.619797979798,10.5387568981501
10.6607142857143,43.2678571428571,"South","2023",2.70696428571429,1.25862857142857,6.46863392857143,70.5606060606061,10.5061409176332
10.6607142857143,43.2678571428571,"South","2023",2.70696428571429,1.25862857142857,6.46863392857143,71.5014141414141,10.47362587902
10.6607142857143,43.2678571428571,"South","2023",2.70696428571429,1.25862857142857,6.46863392857143,72.4422222222222,10.4412114699096
10.6607142857143,43.2678571428571,"South","2023",2.70696428571429,1.25862857142857,6.46863392857143,73.3830303030303,10.4088973788676
10.6607142857143,43.2678571428571,"South","2023",2.70696428571429,1.25862857142857,6.46863392857143,74.3238383838384,10.3766832954237
10.6607142857143,43.2678571428571,"South","2023",2.70696428571429,1.25862857142857,6.46863392857143,75.2646464646465,10.3445689100683
10.6607142857143,43.2678571428571,"South","2023",2.70696428571429,1.25862857142857,6.46863392857143,76.2054545454545,10.3125539142498
10.6607142857143,43.2678571428571,"South","2023",2.70696428571429,1.25862857142857,6.46863392857143,77.1462626262626,10.2806380003713
10.6607142857143,43.2678571428571,"South","2023",2.70696428571429,1.25862857142857,6.46863392857143,78.0870707070707,10.2488208617882
10.6607142857143,43.2678571428571,"South","2023",2.70696428571429,1.25862857142857,6.46863392857143,79.0278787878788,10.2171021928048
10.6607142857143,43.2678571428571,"South","2023",2.70696428571429,1.25862857142857,6.46863392857143,79.9686868686869,10.1854816886712
10.6607142857143,43.2678571428571,"South","2023",2.70696428571429,1.25862857142857,6.46863392857143,80.9094949494949,10.1539590455811
10.6607142857143,43.2678571428571,"South","2023",2.70696428571429,1.25862857142857,6.46863392857143,81.850303030303,10.1225339606683
10.6607142857143,43.2678571428571,"South","2023",2.70696428571429,1.25862857142857,6.46863392857143,82.7911111111111,10.0912061320036
10.6607142857143,43.2678571428571,"South","2023",2.70696428571429,1.25862857142857,6.46863392857143,83.7319191919192,10.0599752585928
10.6607142857143,43.2678571428571,"South","2023",2.70696428571429,1.25862857142857,6.46863392857143,84.6727272727273,10.0288410403727
10.6607142857143,43.2678571428571,"South","2023",2.70696428571429,1.25862857142857,6.46863392857143,85.6135353535354,9.99780317820913
10.6607142857143,43.2678571428571,"South","2023",2.70696428571429,1.25862857142857,6.46863392857143,86.5543434343434,9.96686137389347
10.6607142857143,43.2678571428571,"South","2023",2.70696428571429,1.25862857142857,6.46863392857143,87.4951515151515,9.93601533014014
10.6607142857143,43.2678571428571,"South","2023",2.70696428571429,1.25862857142857,6.46863392857143,88.4359595959596,9.90526475058357
10.6607142857143,43.2678571428571,"South","2023",2.70696428571429,1.25862857142857,6.46863392857143,89.3767676767677,9.87460933977539
10.6607142857143,43.2678571428571,"South","2023",2.70696428571429,1.25862857142857,6.46863392857143,90.3175757575758,9.84404880318164
10.6607142857143,43.2678571428571,"South","2023",2.70696428571429,1.25862857142857,6.46863392857143,91.2583838383838,9.81358284717986
10.6607142857143,43.2678571428571,"South","2023",2.70696428571429,1.25862857142857,6.46863392857143,92.1991919191919,9.78321117905634
10.6607142857143,43.2678571428571,"South","2023",2.70696428571429,1.25862857142857,6.46863392857143,93.14,9.75293350700326
10.6607142857143,43.2678571428571,"South","2022",2.70696428571429,1.25862857142857,6.46863392857143,0,16.7822026630623
10.6607142857143,43.2678571428571,"South","2022",2.70696428571429,1.25862857142857,6.46863392857143,0.940808080808081,16.7302640900048
10.6607142857143,43.2678571428571,"South","2022",2.70696428571429,1.25862857142857,6.46863392857143,1.88161616161616,16.6784862595759
10.6607142857143,43.2678571428571,"South","2022",2.70696428571429,1.25862857142857,6.46863392857143,2.82242424242424,16.6268686742998
10.6607142857143,43.2678571428571,"South","2022",2.70696428571429,1.25862857142857,6.46863392857143,3.76323232323232,16.57541083824
10.6607142857143,43.2678571428571,"South","2022",2.70696428571429,1.25862857142857,6.46863392857143,4.7040404040404,16.5241122569951
10.6607142857143,43.2678571428571,"South","2022",2.70696428571429,1.25862857142857,6.46863392857143,5.64484848484848,16.4729724376936
10.6607142857143,43.2678571428571,"South","2022",2.70696428571429,1.25862857142857,6.46863392857143,6.58565656565657,16.4219908889894
10.6607142857143,43.2678571428571,"South","2022",2.70696428571429,1.25862857142857,6.46863392857143,7.52646464646465,16.3711671210573
10.6607142857143,43.2678571428571,"South","2022",2.70696428571429,1.25862857142857,6.46863392857143,8.46727272727273,16.3205006455877
10.6607142857143,43.2678571428571,"South","2022",2.70696428571429,1.25862857142857,6.46863392857143,9.40808080808081,16.2699909757825
10.6607142857143,43.2678571428571,"South","2022",2.70696428571429,1.25862857142857,6.46863392857143,10.3488888888889,16.2196376263499
10.6607142857143,43.2678571428571,"South","2022",2.70696428571429,1.25862857142857,6.46863392857143,11.289696969697,16.1694401135004
10.6607142857143,43.2678571428571,"South","2022",2.70696428571429,1.25862857142857,6.46863392857143,12.230505050505,16.1193979549414
10.6607142857143,43.2678571428571,"South","2022",2.70696428571429,1.25862857142857,6.46863392857143,13.1713131313131,16.0695106698731
10.6607142857143,43.2678571428571,"South","2022",2.70696428571429,1.25862857142857,6.46863392857143,14.1121212121212,16.0197777789837
10.6607142857143,43.2678571428571,"South","2022",2.70696428571429,1.25862857142857,6.46863392857143,15.0529292929293,15.9701988044448
10.6607142857143,43.2678571428571,"South","2022",2.70696428571429,1.25862857142857,6.46863392857143,15.9937373737374,15.9207732699068
10.6607142857143,43.2678571428571,"South","2022",2.70696428571429,1.25862857142857,6.46863392857143,16.9345454545455,15.8715007004942
10.6607142857143,43.2678571428571,"South","2022",2.70696428571429,1.25862857142857,6.46863392857143,17.8753535353535,15.8223806228015
10.6607142857143,43.2678571428571,"South","2022",2.70696428571429,1.25862857142857,6.46863392857143,18.8161616161616,15.773412564888
10.6607142857143,43.2678571428571,"South","2022",2.70696428571429,1.25862857142857,6.46863392857143,19.7569696969697,15.7245960562737
10.6607142857143,43.2678571428571,"South","2022",2.70696428571429,1.25862857142857,6.46863392857143,20.6977777777778,15.6759306279348
10.6607142857143,43.2678571428571,"South","2022",2.70696428571429,1.25862857142857,6.46863392857143,21.6385858585859,15.6274158122988
10.6607142857143,43.2678571428571,"South","2022",2.70696428571429,1.25862857142857,6.46863392857143,22.5793939393939,15.5790511432406
10.6607142857143,43.2678571428571,"South","2022",2.70696428571429,1.25862857142857,6.46863392857143,23.520202020202,15.5308361560774
10.6607142857143,43.2678571428571,"South","2022",2.70696428571429,1.25862857142857,6.46863392857143,24.4610101010101,15.4827703875646
10.6607142857143,43.2678571428571,"South","2022",2.70696428571429,1.25862857142857,6.46863392857143,25.4018181818182,15.4348533758915
10.6607142857143,43.2678571428571,"South","2022",2.70696428571429,1.25862857142857,6.46863392857143,26.3426262626263,15.3870846606763
10.6607142857143,43.2678571428571,"South","2022",2.70696428571429,1.25862857142857,6.46863392857143,27.2834343434343,15.3394637829622
10.6607142857143,43.2678571428571,"South","2022",2.70696428571429,1.25862857142857,6.46863392857143,28.2242424242424,15.2919902852128
10.6607142857143,43.2678571428571,"South","2022",2.70696428571429,1.25862857142857,6.46863392857143,29.1650505050505,15.2446637113077
10.6607142857143,43.2678571428571,"South","2022",2.70696428571429,1.25862857142857,6.46863392857143,30.1058585858586,15.1974836065382
10.6607142857143,43.2678571428571,"South","2022",2.70696428571429,1.25862857142857,6.46863392857143,31.0466666666667,15.1504495176027
10.6607142857143,43.2678571428571,"South","2022",2.70696428571429,1.25862857142857,6.46863392857143,31.9874747474747,15.1035609926025
10.6607142857143,43.2678571428571,"South","2022",2.70696428571429,1.25862857142857,6.46863392857143,32.9282828282828,15.0568175810378
10.6607142857143,43.2678571428571,"South","2022",2.70696428571429,1.25862857142857,6.46863392857143,33.8690909090909,15.0102188338025
10.6607142857143,43.2678571428571,"South","2022",2.70696428571429,1.25862857142857,6.46863392857143,34.809898989899,14.9637643031809
10.6607142857143,43.2678571428571,"South","2022",2.70696428571429,1.25862857142857,6.46863392857143,35.7507070707071,14.9174535428428
10.6607142857143,43.2678571428571,"South","2022",2.70696428571429,1.25862857142857,6.46863392857143,36.6915151515151,14.871286107839
10.6607142857143,43.2678571428571,"South","2022",2.70696428571429,1.25862857142857,6.46863392857143,37.6323232323232,14.8252615545978
10.6607142857143,43.2678571428571,"South","2022",2.70696428571429,1.25862857142857,6.46863392857143,38.5731313131313,14.77937944092
10.6607142857143,43.2678571428571,"South","2022",2.70696428571429,1.25862857142857,6.46863392857143,39.5139393939394,14.7336393259751
10.6607142857143,43.2678571428571,"South","2022",2.70696428571429,1.25862857142857,6.46863392857143,40.4547474747475,14.6880407702968
10.6607142857143,43.2678571428571,"South","2022",2.70696428571429,1.25862857142857,6.46863392857143,41.3955555555556,14.6425833357791
10.6607142857143,43.2678571428571,"South","2022",2.70696428571429,1.25862857142857,6.46863392857143,42.3363636363636,14.5972665856715
10.6607142857143,43.2678571428571,"South","2022",2.70696428571429,1.25862857142857,6.46863392857143,43.2771717171717,14.5520900845756
10.6607142857143,43.2678571428571,"South","2022",2.70696428571429,1.25862857142857,6.46863392857143,44.2179797979798,14.5070533984402
10.6607142857143,43.2678571428571,"South","2022",2.70696428571429,1.25862857142857,6.46863392857143,45.1587878787879,14.4621560945575
10.6607142857143,43.2678571428571,"South","2022",2.70696428571429,1.25862857142857,6.46863392857143,46.099595959596,14.417397741559
10.6607142857143,43.2678571428571,"South","2022",2.70696428571429,1.25862857142857,6.46863392857143,47.040404040404,14.372777909411
10.6607142857143,43.2678571428571,"South","2022",2.70696428571429,1.25862857142857,6.46863392857143,47.9812121212121,14.3282961694109
10.6607142857143,43.2678571428571,"South","2022",2.70696428571429,1.25862857142857,6.46863392857143,48.9220202020202,14.2839520941828
10.6607142857143,43.2678571428571,"South","2022",2.70696428571429,1.25862857142857,6.46863392857143,49.8628282828283,14.2397452576734
10.6607142857143,43.2678571428571,"South","2022",2.70696428571429,1.25862857142857,6.46863392857143,50.8036363636364,14.195675235148
10.6607142857143,43.2678571428571,"South","2022",2.70696428571429,1.25862857142857,6.46863392857143,51.7444444444444,14.1517416031866
10.6607142857143,43.2678571428571,"South","2022",2.70696428571429,1.25862857142857,6.46863392857143,52.6852525252525,14.1079439396793
10.6607142857143,43.2678571428571,"South","2022",2.70696428571429,1.25862857142857,6.46863392857143,53.6260606060606,14.0642818238227
10.6607142857143,43.2678571428571,"South","2022",2.70696428571429,1.25862857142857,6.46863392857143,54.5668686868687,14.0207548361159
10.6607142857143,43.2678571428571,"South","2022",2.70696428571429,1.25862857142857,6.46863392857143,55.5076767676768,13.9773625583561
10.6607142857143,43.2678571428571,"South","2022",2.70696428571429,1.25862857142857,6.46863392857143,56.4484848484848,13.9341045736348
10.6607142857143,43.2678571428571,"South","2022",2.70696428571429,1.25862857142857,6.46863392857143,57.3892929292929,13.8909804663338
10.6607142857143,43.2678571428571,"South","2022",2.70696428571429,1.25862857142857,6.46863392857143,58.330101010101,13.8479898221213
10.6607142857143,43.2678571428571,"South","2022",2.70696428571429,1.25862857142857,6.46863392857143,59.2709090909091,13.8051322279475
10.6607142857143,43.2678571428571,"South","2022",2.70696428571429,1.25862857142857,6.46863392857143,60.2117171717172,13.7624072720412
10.6607142857143,43.2678571428571,"South","2022",2.70696428571429,1.25862857142857,6.46863392857143,61.1525252525253,13.7198145439054
10.6607142857143,43.2678571428571,"South","2022",2.70696428571429,1.25862857142857,6.46863392857143,62.0933333333333,13.6773536343138
10.6607142857143,43.2678571428571,"South","2022",2.70696428571429,1.25862857142857,6.46863392857143,63.0341414141414,13.6350241353064
10.6607142857143,43.2678571428571,"South","2022",2.70696428571429,1.25862857142857,6.46863392857143,63.9749494949495,13.5928256401856
10.6607142857143,43.2678571428571,"South","2022",2.70696428571429,1.25862857142857,6.46863392857143,64.9157575757576,13.5507577435129
10.6607142857143,43.2678571428571,"South","2022",2.70696428571429,1.25862857142857,6.46863392857143,65.8565656565656,13.5088200411042
10.6607142857143,43.2678571428571,"South","2022",2.70696428571429,1.25862857142857,6.46863392857143,66.7973737373737,13.4670121300265
10.6607142857143,43.2678571428571,"South","2022",2.70696428571429,1.25862857142857,6.46863392857143,67.7381818181818,13.4253336085937
10.6607142857143,43.2678571428571,"South","2022",2.70696428571429,1.25862857142857,6.46863392857143,68.6789898989899,13.3837840763629
10.6607142857143,43.2678571428571,"South","2022",2.70696428571429,1.25862857142857,6.46863392857143,69.619797979798,13.3423631341307
10.6607142857143,43.2678571428571,"South","2022",2.70696428571429,1.25862857142857,6.46863392857143,70.5606060606061,13.3010703839289
10.6607142857143,43.2678571428571,"South","2022",2.70696428571429,1.25862857142857,6.46863392857143,71.5014141414141,13.2599054290211
10.6607142857143,43.2678571428571,"South","2022",2.70696428571429,1.25862857142857,6.46863392857143,72.4422222222222,13.2188678738987
10.6607142857143,43.2678571428571,"South","2022",2.70696428571429,1.25862857142857,6.46863392857143,73.3830303030303,13.1779573242771
10.6607142857143,43.2678571428571,"South","2022",2.70696428571429,1.25862857142857,6.46863392857143,74.3238383838384,13.1371733870922
10.6607142857143,43.2678571428571,"South","2022",2.70696428571429,1.25862857142857,6.46863392857143,75.2646464646465,13.096515670496
10.6607142857143,43.2678571428571,"South","2022",2.70696428571429,1.25862857142857,6.46863392857143,76.2054545454545,13.0559837838534
10.6607142857143,43.2678571428571,"South","2022",2.70696428571429,1.25862857142857,6.46863392857143,77.1462626262626,13.0155773377385
10.6607142857143,43.2678571428571,"South","2022",2.70696428571429,1.25862857142857,6.46863392857143,78.0870707070707,12.9752959439302
10.6607142857143,43.2678571428571,"South","2022",2.70696428571429,1.25862857142857,6.46863392857143,79.0278787878788,12.9351392154091
10.6607142857143,43.2678571428571,"South","2022",2.70696428571429,1.25862857142857,6.46863392857143,79.9686868686869,12.8951067663535
10.6607142857143,43.2678571428571,"South","2022",2.70696428571429,1.25862857142857,6.46863392857143,80.9094949494949,12.855198212136
10.6607142857143,43.2678571428571,"South","2022",2.70696428571429,1.25862857142857,6.46863392857143,81.850303030303,12.8154131693192
10.6607142857143,43.2678571428571,"South","2022",2.70696428571429,1.25862857142857,6.46863392857143,82.7911111111111,12.7757512556527
10.6607142857143,43.2678571428571,"South","2022",2.70696428571429,1.25862857142857,6.46863392857143,83.7319191919192,12.7362120900688
10.6607142857143,43.2678571428571,"South","2022",2.70696428571429,1.25862857142857,6.46863392857143,84.6727272727273,12.6967952926795
10.6607142857143,43.2678571428571,"South","2022",2.70696428571429,1.25862857142857,6.46863392857143,85.6135353535354,12.6575004847723
10.6607142857143,43.2678571428571,"South","2022",2.70696428571429,1.25862857142857,6.46863392857143,86.5543434343434,12.6183272888067
10.6607142857143,43.2678571428571,"South","2022",2.70696428571429,1.25862857142857,6.46863392857143,87.4951515151515,12.5792753284109
10.6607142857143,43.2678571428571,"South","2022",2.70696428571429,1.25862857142857,6.46863392857143,88.4359595959596,12.5403442283775
10.6607142857143,43.2678571428571,"South","2022",2.70696428571429,1.25862857142857,6.46863392857143,89.3767676767677,12.5015336146608
10.6607142857143,43.2678571428571,"South","2022",2.70696428571429,1.25862857142857,6.46863392857143,90.3175757575758,12.4628431143724
10.6607142857143,43.2678571428571,"South","2022",2.70696428571429,1.25862857142857,6.46863392857143,91.2583838383838,12.4242723557779
10.6607142857143,43.2678571428571,"South","2022",2.70696428571429,1.25862857142857,6.46863392857143,92.1991919191919,12.3858209682936
10.6607142857143,43.2678571428571,"South","2022",2.70696428571429,1.25862857142857,6.46863392857143,93.14,12.3474885824826
