"id.site","hanski.lcp.grasslands.r300","field.size.avg.r300","lc.shannon.div.r300","edge.dens.r300","agrar.r300","cereal.r300","legume.r300","rape.r300","special.crop.r300","cult.grassland.r300","perm.grassland.r300","wetland.r300","mire.r300","heathland.r300","margin.r300","hedge.r300","grove.r300","forest.r300","tree.avenue.r300","urban.r300","water.r300","anthrop.herb.area.r300","hanski.lcp.grasslands.r600","field.size.avg.r600","lc.shannon.div.r600","edge.dens.r600","agrar.r600","cereal.r600","legume.r600","rape.r600","special.crop.r600","cult.grassland.r600","perm.grassland.r600","wetland.r600","mire.r600","heathland.r600","margin.r600","hedge.r600","grove.r600","forest.r600","tree.avenue.r600","urban.r600","water.r600","anthrop.herb.area.r600","hanski.lcp.grasslands.r1200","field.size.avg.r1200","lc.shannon.div.r1200","edge.dens.r1200","agrar.r1200","cereal.r1200","legume.r1200","rape.r1200","special.crop.r1200","cult.grassland.r1200","perm.grassland.r1200","wetland.r1200","mire.r1200","heathland.r1200","margin.r1200","hedge.r1200","grove.r1200","forest.r1200","tree.avenue.r1200","urban.r1200","water.r1200","anthrop.herb.area.r1200"
"M_ALT",2.9921,9.1617,0.916,252.7749,48.43,45.0518,0,3.3738,0,0,41.01,0,0,0,0,0,0.348,1.4147,0,2.1907,7.1952,0.0035,8.2205,6.629,1.6321,276.6009,56.63,40.3017,0,15.2075,1.1168,0,25.35,0,0,0,0,0,0.5343,5.4172,0,7.1044,4.7863,1.7585,20.3208,6.5068,2.0089,275.6201,48.83,29.8064,0.004,10.0289,8.9903,0,17.92,0,0,0,0,0.0361,0.7566,6.5179,0.0361,18.1464,2.689,6.3384
"M_ASE",7.5703,10.0443,1.3712,306.2799,26.83,26.8338,0,0,0,0,36.74,0,0,0,0.4304,0.4948,34.1366,0,0,2.4471,0.5005,0,8.399,8.9391,1.8518,260.0506,47.14,43.2683,0,0,3.8766,0,27.14,4.3674,0,0,0.8,0.4279,14.7523,0,0,3.0373,0.9823,0,11.6929,9.5768,2.248,246.0452,53.3,39.2885,0,9.466,4.5441,0,15.67,7.2253,0,0,0.5877,0.3659,7.8201,0,0,8.5962,8.9671,0.8997
"M_BAD",0,14.775,1.0926,326.2321,39.51,0,20.9031,18.6021,0,0,0,0,0,0,0.5079,0.1086,0.8046,39.9062,0,10.4087,0,0,0.0024,11.6495,1.6658,272.9617,44.75,2.6833,20.6074,21.4643,0,0,4.37,0,0,0,0.127,0.3204,9.635,30.0762,0,9.695,0.2653,0,0.3703,10.3677,2.3095,261.0757,54.85,27.504,13.5657,12.7164,1.0682,0,7.61,0,0,0,0.3062,0.5015,5.5815,18.1659,0,6.7903,0.3607,4.8761
"M_BAL",0,11.1117,1.0414,232.0562,11.19,3.4973,0,7.6881,0,0,5.6,0,0,0,0,0,0.9337,66.4475,0,1.6549,0.2455,11.3884,0.0415,7.35,1.5002,244.4081,28.02,15.0329,0,12.9852,0,0,14.35,0,0,0,0,0,1.2139,45.6218,0,3.1955,1.8888,2.8471,0.6855,8.2487,1.885,250.7717,45.49,30.3029,0,13.1749,2.0132,0,19.5,0,0,0,0.0343,0.2288,1.597,23.4794,0.0033,4.9726,1.9632,0.7118
"M_BEE",4.2219,4.792,1.2026,408.0832,23.9,23.6233,0,0.2751,0,0,42.83,0,0,0,0,0,1.941,8.9074,0,22.9289,1.4073,0,8.9023,6.0467,1.7368,317.3559,38.15,32.8839,0,5.1816,0.0888,0,23.88,0,0,0,0.2771,0.0236,4.579,5.7806,0,20.6226,4.7118,3.34,15.5046,6.954,2.3046,285.1912,51.54,30.8035,0,9.7478,10.988,0,9,0.0422,0,0,0.5056,0.2201,2.6897,5.9728,0.0922,19.1355,8.3114,3.5774
"M_BEN",0,15.7614,1.1325,145.5578,35.61,35.6108,0,0,0,0,0,0,0,0,0,0,0,27.8426,0,0,0,42.4445,0,14.6719,1.4374,101.7858,62.42,62.4207,0,0,0,0,0,0,0,0,0,0,0.055,18.1174,0,3.2163,0,17.3996,5e-04,14.2482,1.8576,120.0963,72.16,63.923,0,4.0267,4.2074,0,0.82,0,0,0,0,0.1073,0.3802,15.7787,0,6.5856,0,5.5753
"M_BIR",5.012,7.453,0.9666,410.0415,0,0,0,0,0,0,54.79,0,0,0,0,0,10.1972,20.7658,0,2.468,5.1382,0,10.3695,5.8003,1.3062,260.1338,6.43,6.4252,0,0,0,0,53.47,0,0,0,0,0.0806,4.0144,28.5891,0,1.8743,3.3296,0,26.9181,10.3293,1.701,213.6654,28.72,24.9166,0,3.8014,0,0,22.83,0,0,0,0.2469,0.3618,2.3634,39.2549,0,2.1062,2.3183,0
"M_BOD",5.977,14.168,1.3728,271.0059,19.81,19.81,0,0,0,0,54.41,0,0,0,0,0.1128,0.9464,6.8313,0.1128,1.7083,6.6219,12.2898,9.923,12.9988,1.6548,201.5514,55.66,50.4131,5.2484,0,0,0,26.47,0,0,0,0,0.1446,0.7316,5.1552,0.1446,3.8852,3.4811,6.7343,18.5646,11.358,1.9435,164.3546,76.81,58.6971,6.154,4.9751,6.9883,0,10.3,0,0,0,0,0.0361,0.5413,3.356,0.0361,3.4281,1.7422,5.7344
"M_BRA",2e-04,8.5857,1.5405,312.834,43.28,28.175,0,0,15.1015,0,1.89,0,0,4.8281,1.6234,0.1411,8.0126,5.6977,0,2.6894,0.0184,0,0.0374,13.0336,1.9731,264.7875,65.82,55.4205,0,0,10.4025,0,5.08,0,0,2.2169,1.1111,0.2594,8.0212,4.7206,0,4.608,0.4048,0.1697,0.7858,11.2128,1.7436,226.7685,73.58,70.9787,0,0,2.6006,0,8.99,0,0,1.355,0.6436,0.1472,5.5399,3.4017,0,6.2061,0.3663,0.079
"M_BUH",3.7968,5.6645,1.5531,229.1627,68.79,33.2465,0,24.6393,10.9025,0,16.53,0,0,0,0,0,0,7.7003,0,1.3479,0,0.7342,5.7215,4.7291,2.098,223.4792,73.83,41.71,4.7876,16.0911,11.2455,0,6.79,0,0,0,0.4146,0,0.2184,13.1904,0,2.2564,0,0.377,6.582,4.8059,2.2903,228.7519,76.84,45.1298,5.6296,10.2762,15.8011,0,4.87,0,0,0.0301,0.3501,0.0151,2.2787,7.5593,0,2.8596,0,1.8756
"M_CAL",7.2425,13.4472,0.9902,212.1666,28.68,28.6814,0,0,0,0,49.58,3.495,0,0,0,0,1.2821,0,0,3.941,9.84,1.0076,10.9402,13.21,1.3202,217.4987,47.21,47.2056,0,0,0,0,29.67,2.8733,0,0,0,0.1688,1.6437,2.7531,0.1688,2.821,10.8032,0.7959,16.2971,12.8865,1.3851,173.8207,59.25,56.632,0,2.6186,0,0,14.13,1.037,0,0,0.0898,0.1333,1.1111,2.4026,0.0422,12.7203,8.8078,0.4421
"M_CBE",2.7081,13.2988,1.1031,224.4919,26.84,26.8424,0,0,0,0,46.91,0,0,0,0,0.6752,0,5.8689,0.6752,0.0343,18.7283,0,7.4157,13.2026,1.4316,203.8049,54.31,54.3074,0,0,0,0,27.39,1.4701,0,0,0,0.1688,1.733,2.2867,0.1688,2.8805,9.1944,0.4339,14.192,13.012,1.5768,181.0416,60.72,53.9001,0,6.8152,2e-04,0,14.97,1.037,0,0,0.0565,0.1381,1.1267,2.2987,0.0422,11.0542,8.7095,0.4268
"M_DOB",0,8.9025,1.2189,306.8959,19.39,6.0137,0,1.2837,12.0902,0,0,0,0,0,0,0,0.6585,50.2279,0,2.8089,1.3581,26.5317,0.0059,7.8558,2.0656,257.2939,38.76,23.8497,2.4485,5.6526,6.8127,0,11.82,0.9876,0,0,0.0138,0,0.5516,31.4961,0,6.4458,3.6404,8.5157,0.6467,6.6844,2.2404,234.2392,50.65,35.002,2.881,6.7562,6.0128,0,14.32,0.5872,0,0,0.0184,0.0032,1.0543,17.9806,0,7.8525,5.7843,3.1104
"M_DOR",1.581,5.79,0.8529,353.6057,66.01,66.01,0,0,0,0,15.23,0,0,0,0,0,5.4551,4.0846,0,3.9637,1.5463,0.1702,2.6484,7.0269,1.0882,294.6091,66.78,60.0886,0,5.6642,1.0299,0,12.21,0,0,0,0.1793,0,3.7649,3.8974,0,10.9351,1.0019,0.4744,6.7164,8.5598,1.8778,242.3069,73.09,61.8977,0.5934,6.2197,4.3779,0,9.71,0,0,0,0.0587,0.0736,2.6447,4.0504,0.0043,9.4965,0.8613,0.4448
"M_EIC",10.4119,9.785,0.6123,137.3514,8.11,8.1075,0,0,0,0,79.49,0,0,0,0,0,10.2977,0,0,3.5293,0.0693,0,21.0803,8.9271,1.0711,175.3241,18.65,18.6549,0,0,0,0,50.06,0.4965,0,0,0,0.0202,8.3502,2.1852,0,1.7825,17.4762,0,36.4069,7.2236,1.3208,231.0752,14.22,14.2241,0,0,0,0,28.52,0.9669,0,0,0.0041,0.3581,3.804,22.0455,0,15.8943,9.8432,0
"M_FAL",0.5566,11.1268,1.6222,343.4473,58.9,56.8663,0,2.0362,0,0,13.07,0,0,0,0.2126,0,3.8597,0,0.0134,6.9459,6.4974,14.9427,2.0524,13.2474,1.796,254.1499,70.26,56.124,0,14.1399,0,0,11.15,0,0,0,0.792,0.0757,2.7703,0,0.1464,6.8477,3.5314,7.1042,5.4044,16.0911,2.029,218.3913,75.28,56.7344,2.8361,9.2498,6.4594,0,5.43,0,0,0,0.7327,0.4178,1.7843,0,0.0767,13.6066,1.6747,1.8281
"M_FRB",0.062,6.9456,1.6763,277.6286,61.61,39.4671,8.0815,0,14.0603,0,13.02,0,0,0,0.191,0,1.0469,11.6328,0,12.4123,0,14.1172,0.6568,8.8964,1.7147,223.2375,55.22,35.1312,2.0204,4.0281,14.0411,0,6.39,0,0,0,0.3622,0,1.3174,15.3723,0,9.2088,0,5.093,2.1599,8.0909,1.8253,219.2004,61.96,40.873,2.6481,5.9756,12.4597,0,3.2,0,0,0,0.1417,0.0111,1.3279,10.4376,0,13.6069,1.7072,1.9321
"M_GRO",10.5453,9.6858,0.5843,258.5213,1.68,1.6842,0,0,0,0,76.02,0,0,0,0,0,0.5086,16.8025,0,3.4328,0.9581,0,23.8447,13.2143,1.4096,252.7351,21.42,13.6909,6.1381,1.5901,0,0,48.87,0,0,0,0.0068,0.0146,0.7036,19.4612,0,4.2532,2.699,2.3463,40.7751,11.7054,1.9548,215.4908,40.51,16.292,14.1283,10.0894,0,0,22.7,0,0,0,0.0273,0.0036,2.3095,21.439,0,11.0209,2.8528,0.9887
"M_HAH",0.1061,11.7721,1.0991,187.27,21.63,11.3787,0,0,10.2469,0,16.62,0,0,0,0,0.4294,59.108,0,0,0.5931,0,0,1.613,14.225,1.8067,188.7096,51.72,38.7788,0.6094,0,12.3322,0,18.04,0,0,0,0.0327,0.9199,27.4226,2.5947,0,1.4737,0,1.7507,9.0152,14.398,1.9784,151.4478,72.03,60.558,0.5825,0,10.8931,0,12.56,0,0,0,0.0997,0.5112,8.1025,5.6623,0.1185,1.3116,0,1.7031
"M_HAI",6.7154,4.86,0.8442,333.1003,3.47,3.4706,0,0,0,0,28.14,0,0,0,0,0.0661,2.4658,64.8065,0,1.4197,0.5977,0,9.8676,4.4786,1.2741,309.5815,18.45,16.4391,1.7062,0.3008,0,0,18,0,0,0,0.0302,0.0233,3.2728,53.7403,0,3.549,0.6025,0,14.9131,5.4202,1.3858,254.1327,25.49,11.9456,0.6996,12.8488,0,0,9.09,0,0,0,0.0076,0.0807,2.4345,52.8909,0,6.7808,0.5919,0.3946
"M_HAR",1.916,30.003,1.0682,156.98,58.92,58.9169,0,0,0,0,30.34,0,0,0,0,0,1.3171,21.4276,0,1.5127,0,0,6.0885,25.2977,1.1567,132.0201,53.05,52.7259,0,0,0.3211,0,17.78,0,0,1.9507,0.1381,0.0336,0.9719,31.8883,0,1.6941,0,0,12.2298,20.926,1.7715,144.0651,66.5,53.4916,1.0936,0.9634,10.9556,0,12.5,0,0,2.999,0.4376,0.3096,2.9573,18.3705,0.127,2.5194,0,0
"M_HIR",0,15.6017,0.8055,276.158,55.79,55.7903,0,0,0,0,0.61,0,0,0,0,0.7717,2.4464,35.2953,0,1.0441,1.2039,0,0.0067,11.8825,1.1141,232.0046,45.48,45.4831,0,0,0,0,5.98,0,0,0,0,0.1929,0.6901,41.9962,0,1.5924,0.9327,0.8563,0.256,12.3988,1.6832,219.597,67.46,49.4525,0.4399,15.9033,1.6648,0,4.95,0,0,0,0.122,0.3759,1.9933,18.5787,0,5.6804,0.4329,0.8875
"M_HLI",10.7495,6.454,0.8726,238.2335,0,0,0,0,0,0,51.83,0,0,0,0,0,4.729,42.6125,0,0.0665,0,0,6.7276,5.4016,1.0324,182.8681,7.82,7.8174,0,0,0,0,27.8,0,0,0,0,0.3103,3.6128,56.7841,0,1.2877,0,0.2564,21.4343,4.706,1.2175,170.6676,14.11,14.1117,0,0,0,0,18.3,0,0,0,0.0793,0.2008,3.9175,58.6823,0.0362,2.8708,0.3333,0.9074
"M_HNB",0,2.6892,0.9984,334.5886,11.89,0,0,0,11.8887,0,8.77,0,0,0,0,0,1.1325,53.1411,0,12.4919,0,3.3246,0.0107,3.1701,1.6977,393.4687,22.38,10.8532,0.0486,0.134,11.3438,0,12.54,0,0,0,0,0,5.2269,18.3904,0,34.4134,2.7509,0.9486,0.3714,4.7619,1.9693,338.0271,38.43,26.7507,0.7387,5.6165,5.3279,0.0344,11.35,0,0,0,0,0,3.7432,15.5737,0,27.5046,1.6305,0.4288
"M_HOH",2.6534,11.9008,1.2822,404.8694,30.85,30.8463,0,0,0,0,22.21,0,0,0,0,0,1.7298,8.9067,0,32.168,7.0435,0,4.2114,17.6301,1.148,294.3793,42.05,41.1835,0,0.8626,0,0,14.25,0,0,0,0,0,0.4325,4.6871,0,38.6904,4.1925,0,8.1404,19.3536,1.5333,201.469,64.46,52.0291,0,12.4334,0,0,7.8,0,0,0,0,0,0.4591,10.3809,0,17.9425,1.9251,0.5989
"M_ILB",2.2211,17.4779,1.4853,271.5993,66.3,24.5667,0,32.0781,9.6573,0,20.14,0,0,0,0,0.0251,5.065,0,0,1.7309,1.2612,0,3.534,22.707,1.2711,167.7575,85.9,27.8395,0.6676,51.9017,5.4908,0,7.16,0,0,0,0,0.0103,2.1339,1.1324,0,1.6614,0.6337,0.0075,5.3752,23.1795,1.4818,120.0997,87.72,26.2813,9.645,50.4251,1.3727,0,5.85,0,0,0,0,0.0285,0.7468,3.8815,0,1.4865,0.4768,0.0046
"M_JEP",27.2087,17.795,0.0278,77.425,0,0,0,0,0,0,100,0,0,0,0,0,0.4329,0,0,0,0,0,39.1474,11.7955,0.5025,125.8072,0,0,0,0,0,0,72.46,5.3516,0,0,0,0,0.1082,6.118,0,1.3661,15.2045,0,61.2788,9.6761,1.3377,151.5304,10.84,1.0107,0.3755,0,9.4582,0,44.13,8.3738,0,0,0.0632,0.0658,0.4023,24.7247,0,6.0463,7.9386,0
"M_JER",17.911,18.1412,0.4506,111.5298,13.58,0,0,0,13.5774,0,84.98,0,0,0,0,0,0.9422,0,0,2.3781,0,0,43.9109,12.91,0.7372,111.8682,13.95,0,0,0,13.9528,0,75.7,8.126,0,0,0,0,1.125,0,0,1.1652,3.0332,0,116.3,8.971,1.0755,160.1704,15.24,0.0065,0,0.252,14.9797,0,63.81,9.6321,0,0,0.2779,0.0639,0.5301,1.7896,0,1.7058,9.263,0.953
"M_KAL",8.3594,6.7208,1.1914,260.2156,22.58,22.5796,0,0,0,0,42.31,0,0,0,0,0,4.0719,34.4744,0,2.7651,0,0,11.285,4.6688,1.2605,285.7298,18.47,17.0013,0,1.4683,0,0,34.12,0,0,0,0,0.0315,2.2428,43.8775,0,3.2262,0,0.1077,18.6856,4.6704,1.67,275.8987,21.08,17.2567,0,3.8226,0,0,25.93,0,0,0,0,0.1737,1.3636,37.4341,0,9.2171,0.1981,2.4171
"M_KAP",4.0566,11.3567,0.8585,336.3738,0,0,0,0,0,0,44.6,0,0,0,0,0,25.6211,2.0655,0,14.0746,9.3615,0,8.1305,5.6556,0.9539,264.6832,0.1,0,0,0,0.0973,0,38,0,0,0,0,0,16.9691,7.2761,0,11.8928,22.1882,0,19.58,3.7988,1.0447,277.2712,0.23,0.0461,0,0,0.1839,0,31.37,0.3488,0,0,0,0.0587,8.5126,13.2239,0,27.5226,16.1677,0.1138
"M_KIF",0,5.6492,0.9239,323.7542,15.07,14.5992,0,0,0.4747,0,3.04,0,0,0,0,0,1.5502,54.8582,0,5.511,11.8326,0,0.0112,3.8156,1.5281,300.8,26.48,16.9392,0,7.3566,2.1846,0,7.13,0,0,0,0,0.0125,1.0627,38.9598,0.0125,6.7738,12.0526,2.5074,0.3526,6.2726,1.9983,281.1413,38.79,30.7613,1.0776,5.2355,1.7162,0.2023,9.2,0,0,0,0.0071,0.0031,0.679,25.6786,0.0031,17.0471,5.9725,1.0649
"M_KOL",0,17.9475,1.0419,115.5828,88.07,50.8819,0,33.5335,3.6585,0,0,0,0,0,0,0,0,8.4352,0,0,0,0,0,11.9667,1.663,134.9424,86.35,45.4804,0,27.369,13.5045,0,0.28,0,0,0,0,0,0.1059,5.942,0,1.8262,0,0.0283,0.1299,6.9173,2.1143,231.0783,67.22,35.0479,0,20.5757,11.5978,0.0055,8.31,0,0,0,0,0.0011,1.0485,10.058,0,11.2922,0.6099,2.7149
"M_KOT",2.68,1.805,1.2751,350.1165,13.07,13.0678,0,0,0,0,15.99,0,0,0,0,0,2.381,26.3967,0,38.008,2.9189,0.1737,2.7652,2.6311,1.6921,337.0149,17.91,16.0594,0,0,1.8526,0,5.23,0,0,0,0,0,1.6716,26.3662,0,48.3934,1.3704,3.2375,3.5528,5.2112,1.7171,325.5912,18.01,16.2707,0.3824,0.083,1.2766,0,1.93,0.3104,0,0,0,0,0.7269,22.0073,0,54.0777,2.043,2.2781
"M_KUH",0,22.59,1.0511,153.9549,63.69,63.6872,0,0,0,0,0,0,0,0,0.2299,0,0.1712,34.8751,0,0.0693,0,0,0,28.271,1.3029,167.9968,81.27,78.2986,0,0,2.9753,0,0,0,0,0,0.5941,0.6431,0.5362,15.6747,0,1.2694,0,0,0.0251,21.3579,1.432,179.4143,85.1,77.0047,0.6663,1.1557,6.2732,0,4.84,0,0,0,0.8625,0.9411,0.9467,4.5882,0,4.6532,0.081,0
"M_LOB",5.9435,13.3664,1.3907,343.4892,41.49,40.9114,0,0.5744,0,0,45.61,0,0,0,0.26,0.6511,10.0632,5.6935,0,2.7909,0,0,9.4617,13.9453,1.6365,206.1568,55.92,42.185,0,13.7302,0,0,24.3,0,0,0,0.7135,0.4358,5.3302,15.8479,0,1.9533,0.3332,0,17.2759,9.654,1.9356,222.4403,69.53,46.1487,0,11.611,11.7724,0,11.81,0,0,0,1.2986,0.4776,4.2967,8.1058,0,5.3801,2.1539,0.6551
"M_MOZ",1.1238,2.772,0.5134,201.4869,0,0,0,0,0,0,18.69,0,0,0,0,0,0,72.0339,0,2.2734,0.0124,0,1.4745,1.9919,0.4126,168.0244,0,0,0,0,0,0,12.33,0,0,0,0,0,0.2174,78.6419,0,6.969,0.2165,0,2.994,5.2436,0.4596,133.7995,0,0,0,0,0,0,14.05,0,0,0,0,0.0581,0.5192,79.1222,0,4.4512,0.3242,0
"M_NEL",0.6407,4.6193,0.6981,250.6997,0,0,0,0,0,0,44.95,0,0,0,0,0,0,48.0308,0,5.7738,0,0.0683,5.3625,2.4737,0.8305,278.2164,0.19,0.1942,0,0,0,0.0877,41.27,0,0,0,0,0,0.8765,39.2128,0,9.9915,1.9119,0.9714,15.3805,5.9147,1.8617,350.9657,24.35,18.671,2.9093,0,2.7714,0.0811,16.22,0,0,0,0.0071,0,1.1311,24.5337,0,23.964,4.8493,1.484
"M_NIS",0,10.285,0.5163,231.5023,17.63,17.6332,0,0,0,0,0,0,0,0,0,0,0,65.6235,0,4.8182,0,0,0.0019,5.1757,0.883,210.4366,22.65,22.6527,0,0,0,0,2.65,0,0,0,0,0,0.3788,61.4979,0,9.8049,0,0,0.1049,4.0946,1.3771,300.6642,21.6,14.1142,0.4341,3.9488,3.1079,0,4.3,0,0,0,0.3731,0.1419,2.9375,47.4623,0,19.4906,2.0248,0.2764
"M_PRA",1.1634,8.9275,1.0704,334.321,42.55,0,41.7648,0.7894,0,0,34.98,3.766,0,0,0.3455,2.1252,4.503,0,2.272,3.3748,0.8563,0,11.4881,7.9576,1.2165,301.651,20.14,2.7056,16.1448,1.2918,0,0,62.41,1.3816,0,0,0.3764,0.8003,3.9976,1.813,0.8389,1.8037,3.2076,0,44.4569,7.0309,1.6624,266.4539,30.43,24.8882,4.6886,0.6908,0.1592,0,42.71,1.4672,0,0,0.2441,0.3673,2.3543,11.8698,0.2815,2.8171,3.8238,0.0207
"M_SKF",3.1132,17.408,1.5568,273.1344,46.5,30.0147,0,16.485,0,0,22.59,17.9972,0,0,1.0854,0,0.2239,9.2547,0,1.5778,3.0943,0,4.5315,13.734,1.6028,201.9332,72.85,37.9488,0,34.899,0,0.0192,6.36,6.8094,0,0,0.2867,0,0.2818,5.2557,0,7.2875,1.5657,0.4515,5.6795,19.3777,1.8565,204.0408,70.06,41.5784,1.7649,25.5066,1.2149,0,6.47,1.9916,0,0,0.0717,0,0.3455,6.2299,0,14.6532,0.8159,1.233
"M_SMH",9.1506,9.2088,1.3206,177.4386,29.15,29.1527,0,0,0,0,37.73,0,0,0,0,0,6.5777,25.7435,0,2.8022,0,1.6551,13.9145,18.5977,1.5662,204.7599,44.1,33.5962,3.2658,7.238,0,0,15.71,0,0,0,0.6419,0.033,2.0854,27.6864,0,2.9916,0,4.1115,2.7332,23.3278,1.9613,158.0652,66.16,36.1762,7.2336,17.9932,4.7579,0,6.11,0,0,0,0.4934,0.2913,2.555,20.9134,0,1.7659,0,1.0279
"M_SSB",4e-04,7.4779,1.3816,259.7571,32.3,28.2801,0,0,4.019,0,3.52,0,0,0,0,0,6.3163,19.969,0,0.4474,0,0,0.1775,7.0187,1.3637,303.9607,36.01,33.4496,0,0.4069,2.1574,0,22.68,0,0,0,0,0,3.484,22.8364,0,5.0655,2.4683,0,2.8513,5.4576,1.8368,272.2428,41.3,27.7758,1.5308,6.6471,5.3424,0.1371,18.23,0,0,0,0,0,2.7378,21.9208,0,9.6688,2.007,2.3261
"M_SSL",12.8189,13.3664,1.2374,360.8103,22.6,19.2731,0,3.3243,0,0,65.07,0,0,0,0.2465,0.9224,13.1218,3.4116,0,2.9334,0.3342,0,13.8847,11.9807,1.6717,195.7635,49.24,35.5182,0,13.7002,0.0204,0,28.43,0,0,0,0.4821,0.2965,7.6238,17.6993,0,1.5648,0.3965,0,21.8221,9.6186,1.9243,232.8808,68.96,46.1806,0,11.8358,10.9467,0,12.3,0,0,0,1.3435,0.4958,4.1176,8.334,0,6.0173,1.2437,1.193
"M_STA",10.8851,18.732,0.6513,123.9479,0,0,0,0,0,0,69.4,0,0,0,0,0,0.8768,27.9448,0,0.7091,0,0,24.6976,20.6313,0.7055,69.8614,0,0,0,0,0,0,53.8,0,0,0,0,0,0.2232,45.4439,0,0.7114,0.1794,0,71.2081,14.1912,0.7022,74.3865,0,0,0,0,0,0,46.09,0,0,0,0,0,0.1172,48.42,0,0.6524,4.0212,0
"M_STF",1.6168,14.6958,1.0363,142.6943,55.7,55.6998,0,0,0,21.0085,10.48,3.6832,0,0,0,0,0,0,0,1.8048,9.6299,0,3.4781,10.3559,1.3478,170.4613,61.45,61.0879,0,0.179,0.1826,5.2521,21.12,5.2345,0,0,0,0,0.5766,0,0,2.6843,5.0384,1.249,8.5716,9.6513,2.1347,225.453,56.2,48.645,0,5.6243,1.9331,1.313,24.36,4.2072,0,0,0.2586,0.055,2.7794,0.0443,0.0522,8.4238,3.3384,2.2499
"M_STI",3.1078,5.3942,1.3309,518.6133,37.19,10.5889,26.5977,0,0,0,33.7,0,0,0,0.4545,1.0914,10.3758,0,0,13.4507,2.2271,0,5.8044,10.0933,1.9654,365.7099,58.86,40.9433,17.4538,0.4666,0,0,12.73,0,0,0,0.5864,0.6976,6.1,0,0,19.2898,1.072,0,9.534,10.2533,1.9716,250.5903,73.97,63.6639,8.1878,1.229,0.8915,0,7.48,0,0,0,0.5407,0.5708,3.1632,3.4438,0,11.6778,0.5835,0
"M_STN",0,12.427,0.8405,197.8551,27.87,27.8661,0,0,0,0,1.41,0,0,0,0,1.8883,0.3678,70.4713,0,2.4411,0.1047,0,0.0088,14.0894,1.2363,236.0295,29.62,29.5258,0,0.0898,0,0,6.69,0,0,0,0.1934,1.5341,1.181,57.8145,0.0374,2.8809,3.039,0,0.3703,14.2145,1.3257,148.7495,30.8,25.5113,0,3.563,1.7253,0,4.68,0,0,0,0.2191,0.7326,0.6179,59.629,0.0788,2.3337,1.9345,0.2853
"M_STP",26.9985,36.1512,0,74.7284,0,0,0,0,0,0,99.53,0,0,0,0,0,0,0,0,1.8076,0.0867,0,61.593,23.556,0.0544,86.7505,0,0,0,0,0,0,97.7,0,0,0,0,0,0,0.9529,0,1.5257,0.224,0,150.6939,12.5758,0.5393,132.527,0,0,0,0,0,0,75.8,0,0,0,0,0.02,0.2207,21.0563,0,1.5195,0.916,0
"M_SUL",5.5573,16.6025,1.5551,409.5166,4.97,4.9685,0,0,0,0,42.35,2.6908,0,0,0,0,0.7618,3.9332,0,29.4016,1.6032,15.0561,9.5371,14.3975,1.9181,334.4979,37.04,36.6057,0,0.434,0,0,18.49,2.333,0,0,0,0,1.0288,6.8715,0,27.77,2.1217,4.098,13.4139,19.5415,1.8995,207.1813,64.73,51.7528,1.408,11.0015,0.5721,0,10.91,2.1118,0,0,0.0717,0,0.7017,7.8291,0,13.5424,1.0765,1.0611
"M_TAN",0,9.36,0.9748,230.1161,36.61,36.6083,0,0,0,0,0,0,0,0,0,0,1.761,36.5413,0,25.7357,0.0523,0,0.0027,8.2033,1.3466,307.8173,30.94,30.457,0,0,0.4862,0,3.9,0,0,0,0,0,1.0105,28.0695,0,32.3957,3.3986,0,0.1204,7.6958,1.9074,261.3763,33.38,22.9365,0.8047,1.0619,8.5726,0,5.41,0,0,0,0,8e-04,1.0088,30.1798,8e-04,22.2474,5.6424,0.5018
"M_TRE",11.1477,5.604,1.234,378.5338,6.52,0,0,6.5172,0,0,68.52,6.7139,0,0,0,0,1.3231,0.6387,0,14.0364,3.8264,0,26.0989,14.0246,1.7727,360.2587,28.54,17.2804,0,10.8369,0.4271,0.4346,38.85,3.0742,0,0,0.2541,0.1561,2.2307,0.1597,0,21.8711,2.3339,0,26.9478,10.0276,2.2898,276.8135,49.07,34.6636,0,6.7352,7.6713,0.3681,21.38,2.7288,0,0,0.2905,0.276,3.5425,2.9571,0,17.6913,1.8591,0
"M_TRN",6.4618,6.7856,0.9587,246.9424,2.31,1.0178,0,1.2892,0,0,78.95,2.2749,0,0,0,0,0.1857,0.5818,0,12.5163,3.2163,0,18.8966,17.1412,1.8292,339.7916,27.42,20.6523,0,6.3644,0.3984,0.0235,41.76,2.6513,0,0,0.1393,0,2.2617,2.1726,0,20.2086,3.0862,0,36.3044,10.5857,2.328,274.5134,47.46,34.4919,0.0408,5.327,7.6021,0.1369,21.79,2.8827,0,0,0.2807,0.2411,3.9967,3.5894,0,17.8681,1.7479,0.234
"M_TTH",0,1.79,0.2805,57.4647,0.99,0,0.9891,0,0,0,0.27,0,0,0,0,0,5.2938,93.5527,0,0.1928,0,0,2e-04,4.9106,1.0734,116.6533,14.97,5.8293,9.1371,0,0,0,3,0,0,0,0,0,12.2216,70.0454,0,1.3536,0,0,0.0248,6.1497,1.2802,198.4387,20.39,6.9788,6.6836,4.4893,2.2402,0,4.09,0,0,0,0.3032,0.2515,4.9329,59.8842,0.0099,10.4327,0.7903,0.0818
"M_TTO",0.005,3.4725,0.5266,178.2265,2.14,0,0,0,2.1399,0,10.61,0,0,0,0,0,0.2614,78.1313,0,1.7631,0,0,0.0999,6.2511,1.3329,229.9678,21.59,12.8293,0,2.6803,6.0777,0,9.8,0,0,0,0.3894,0.341,1.0673,61.9264,0,1.6569,0.9151,0,0.6341,7.7459,1.8406,253.572,51.47,34.0567,1.3154,9.7017,6.3972,0.7062,9.46,0,0,0,0.7606,1.001,1.7541,32.2125,0,2.6175,0.7202,0
"M_TTP",0,0,0.4237,124.1801,0,0,0,0,0,0,0,0,0,0,0,0,14.7717,83.3296,0,1.8943,0,0,0,3.5017,0.2446,100.2798,1.18,0,0.9772,0.2018,0,0,0,0,0,0,0,0,4.08,92.5794,0,1.8355,0,0,0.0017,5.0633,1.2745,214.0631,20.74,12.6244,2.583,5.5251,0.0045,0,4.4,0,0,0,0.3512,0.2078,4.8855,59.5496,0,9.6893,0.3722,0.1712
"M_VOC",15.5908,10.304,0.4777,257.3955,0,0,0,0,0,0.0303,81.69,0,0,1.6223,0.8789,0,3.9591,4.2346,0,6.3948,1.2503,0,26.4657,6.8058,1.1405,243.1525,0,0,0,0,0,0.2755,56.15,0,0,1.907,0.6319,0,12.7898,19.0176,0,13.7275,1.2141,0,46.6921,4.02,1.2018,245.6013,0,0,0,0,0,0.4929,29.23,0,0,0.4768,0.4093,0.3461,9.1538,29.6524,0.1882,14.9175,11.8562,0.1845
"M_WDG",0,9.27,1.5336,138.6667,44.9,17.0659,0,27.832,0,0,0,0,0,9.6918,0,0,0,21.0265,0,13.5911,0,10.6647,0,11.344,1.8468,180.7385,48.88,29.2392,0,19.6413,0,0,0,0,0,17.6863,0,0,0.1455,13.3939,0,10.8491,1.1924,7.7207,0.024,10.3775,1.942,141.8324,25.4,20.4874,0,4.9106,0,0,5.04,0.2023,0,25.3141,0,0,0.1456,13.5607,0,25.4341,0.7725,6.1093
"M_WED",2.7786,10.3419,1.4641,188.347,78.04,59.3531,0,0,18.691,0,20.49,0,0,0,0,0,0.6048,0,0,2.602,0.5298,0,3.0449,12.2668,1.6646,193.4576,69.7,42.5019,0,0,27.2024,0,16.86,0,0,0,0,0,0.4511,0.8331,0,11.9204,2.7738,0,8.6062,10.3576,1.9019,190.8333,57.1,40.8501,0,0,16.247,0,20.89,0,0,0,0.0092,0,0.2997,1.4793,0,18.5826,1.8331,0.5564
"M_WEF",6.3704,7.3888,1.4713,405.7311,39.49,34.5881,0,0,4.8984,0,39.54,0,0,0,0.7724,0.0347,2.3134,3.7794,0,1.4688,3.3603,3.0988,8.6289,9.8117,1.3988,273.0101,62.06,60.839,0,0,1.2246,0,20.76,0,0,0,0.1931,0.0792,0.6037,8.4542,0,4.5347,1.4601,2.6447,13.1572,11.0327,1.3694,242.0648,68.72,63.4369,0.207,4.7466,0.3276,0,7.57,0,0,0,0.1261,0.0198,1.9778,4.9388,0,15.3167,1.0474,1.1613
"M_WIM",6.9034,15.8725,1.1931,273.3963,10.2,10.195,0,0,0,0,44.82,0,0,0,0,0,9.8298,29.8419,0,2.3979,0,0,11.517,11.4872,1.6449,303.3123,21.63,19.5456,0.9817,0,1.1052,0,18.04,0,0,0,0,0,6.8176,33.6803,0,15.1389,0,0,15.4974,9.2703,2.1338,290.8497,41.39,34.873,1.5142,4.7276,0.2763,0,7.31,0,0,0,0,0,3.9989,23.1559,0,22.5688,0.0852,1.7333
"M_WLE",26.1149,12.535,0.7919,218.7544,0,0,0,0,0,0,99.73,5.3501,0,0,0,0,0,0,0,0.6554,2.746,0.0506,66.3679,10.1025,1.3336,226.8524,10,6.9131,0,0.2828,2.8029,0,87.75,15.0583,0,0,0,0,0.7593,1.2002,0,1.1754,2.9822,0.0891,97.3856,9.878,1.9877,210.9545,43.86,18.4492,0,16.7653,8.6473,0,45.67,5.0206,0,0,0,0.0475,0.5909,7.3387,0,2.7315,1.8661,0.0249
"M_WUG",16.1339,16.4892,0,219.3002,0,0,0,0,0,0,92.68,0,0,0,0,0,0,0,0,3.9393,2.5185,0,28.2735,13.6484,0.5521,214.0543,8.18,5.3145,0,2.8625,0,0,83.63,0,0,0,0,0.0694,0.3232,2.4994,0,2.1395,2.7033,1.1716,68.2688,13.6341,1.4371,140.2612,43.99,35.2494,0,7.4047,1.3313,0,48.05,0,0,0,0,0.058,0.3718,1.4785,0,1.07,1.7531,0.2929
"M_WUM",9.3663,13.9339,0.6197,212.7049,15.87,15.8684,0,0,0,0,77.85,0,0,0,0,0,1.3065,0.5542,0,3.6694,2.8011,0,22.171,13.4714,0.9506,167.0713,29.38,29.3783,0,0,0,0,65.7,0.2145,0,0,0,0,0.6585,1.9909,0,2.1263,2.3317,0,80.0514,13.9899,1.3125,150.845,38.6,34.8525,0,0,3.7427,0,53.51,0.5168,0,0,0,0.0484,0.6341,4.1905,0,2.11,1.822,0
"M_WUN",6.8966,16.4408,0.0263,216.099,0,0,0,0,0,0,91.31,0,0,0,0,0,0.3707,0,0,4.3195,3.0968,0,27.2492,13.6433,0.3672,194.5118,4.31,4.3053,0,0,0,0,88.34,0,0,0,0,0.0624,0.5865,1.6951,0,2.073,2.7094,1.0445,73.9936,13.3967,1.3992,142.2918,41.29,34.7194,0.4821,4.6119,1.4735,0,51.82,0,0,0,0,0.058,0.4438,1.3908,0,0.9478,1.6346,0.4155
"M_WUP",15.0924,16.5775,0.2463,191.4422,0,0,0,0,0,0,85.87,0,0,0,0,0,0,6.1865,0,1.4964,8.5965,0,22.2384,18.2596,0.5211,156.9375,11.08,11.0788,0,0,0,0,81.19,0,0,0,0,0,0.5364,2.8037,0,2.908,3.3904,0,90.3777,17.0777,1.3095,160.2272,38.53,27.9184,0,6.4813,4.1257,0,55.78,0.2197,0,0,0,0,0.4067,2.4682,0,2.2418,2.3138,0
"M_WUR",12.944,14.663,0.4395,152.6819,0,0,0,0,0,0,84.64,0.5068,0,0,0,0,0.9196,11.0945,0,1.3256,0.4163,0,36.3987,12.9503,0.6284,160.4215,8.66,8.6609,0,0,0,0,80.88,0.8563,0,0,0,0,0.6712,6.158,0,1.1725,1.6254,0,76.8591,13.5517,1.21,152.8383,33.53,33.5319,0,0,0,0,59.43,0.5168,0,0,0,0.0484,0.5372,3.6153,0,1.8432,1.3485,0
"N_AFE",5.5872,4.5359,1.2833,266.7649,20.27,17.5382,0,0,2.7336,0,43.98,0,0,0,2.1719,0.0028,0,29.3712,0,4.1982,0,0.3321,9.3609,4.7767,1.7416,255.1954,32.43,26.5037,2.1707,0,3.7566,0,28.91,0,0.1445,0,1.1082,0.4175,0,30.2149,0,2.6825,0.2485,2.4343,18.3401,4.7851,1.8413,205.2576,25.36,20.2641,0.5427,0,4.558,0,29.52,0,1.4709,0,0.5635,0.3219,0.0702,29.8182,0.0075,2.3001,0.1365,5.4125
"N_ALA",22.5867,12.0043,0.2036,208.1423,0,0,0,0,0,0,93.14,0,0,0,0,0,0.557,3.9258,0,0.7155,3.3614,0,70.5441,8.5225,0.5888,218.4625,2.14,0.568,0,0.6832,0.8863,0,78.84,1.1573,0,0,0,0,0.6044,10.6107,0,0.8974,6.5714,0,133.9319,7.7029,1.4488,240.011,20.69,8.3332,1.3089,0.7063,10.339,0,50.57,2.5772,0.047,0,0,0.0172,0.7448,12.7516,0,1.4032,10.388,0.1957
"N_ARE",3.3877,5.9742,1.6762,293.1192,57.34,20.8787,0,24.3518,12.1135,0,26.62,0,0,0,0.0134,0,0,11.7156,0,4.1345,1.877,1.3093,5.8869,5.4885,1.8598,245.0617,50.48,38.6333,0,8.3765,3.4752,0,28.05,0,0,0,0.2311,0.0447,0,10.2395,0,2.2632,1.8517,6.1909,13.2293,5.9625,2.1439,221.992,39.6,26.4282,7.1115,2.5852,3.4731,2.9134,28.96,0,0,0,0.2555,0.2789,0.0772,20.3186,0.0224,1.4795,1.8302,2.9947
"N_BEB",7.8528,7.3412,1.0619,215.9959,10.79,10.7903,0,0,0,0.1301,57.9,0,0,0,0.3569,0.5065,0,20.1423,0,0.7247,0,5.8055,61.6307,5.2517,1.0775,229.5003,10.26,9.2103,0,0,1.0462,0,65.28,0,0,0,1.2097,0.6741,0,12.5861,0,1.1429,0,8.627,102.731,4.785,1.4744,211.4388,14.76,10.5454,0,0,4.2099,0,39.23,0,0.4206,0,0.9778,0.2591,0.2103,36.3686,0,1.1779,0.139,4.5757
"N_BEN",8.9903,4.5875,0.8426,291.8926,6.76,0,0,0,6.7606,0,58.5,0,0,0,1.3178,1.5031,0,27.6254,0,0.8219,0,0,12.7898,3.9166,1.2144,235.2239,13.76,3.5587,0,0,10.1986,0,39.99,0,0,0,0.8265,0.6022,0.2598,41.6936,0,0.9018,0.1547,0.2436,28.4275,3.434,1.4593,194.4972,22.1,10.8619,0.5582,0.63,10.0498,0,19.35,0,0,0,0.5722,0.2054,0.2893,53.9789,0.0135,1.1575,0.0877,0.773
"N_BIT",4.3468,3.9425,0.9906,303.3726,44.69,44.69,0,0,0,0,37.37,0,0,0,0.0396,1.5484,0.3084,10.3023,0,2.0004,1.1983,0,8.1001,4.9335,1.4845,232.8773,58.9,55.8946,0,0,3.0075,2.994,20.62,0,0,0,0.1284,1.5147,0.0771,13.9068,0,1.76,1.1384,0,15.9743,4.2695,1.819,239.6157,34.4,33.5016,0,0.0165,0.8787,5.7588,30.55,0.0873,0,0,0.2094,0.5715,0.1141,21.539,0,3.1586,3.2681,0.6624
"N_BLE",16.463,13.8375,0.1099,155.0995,0,0,0,0,0,0,83.02,0,0,0,0.7944,0,0.2628,0,0,0.226,9.6575,1.5003,39.478,9.6239,0.249,191.5277,0,0,0,0,0,0,65.42,0,0,0,0.4799,0.0155,1.1425,0,0,0.726,26.0021,2.72,122.9109,8.7093,0.5771,210.6446,2.8,1.4803,1.3235,0,0,0,69,0,0.0976,0,0.2992,0.2268,1.218,0.0426,0.08,1.2336,17.491,4.238
"N_BLU",4.0405,4.9886,1.3254,324.4041,43.95,19.2302,9.3548,15.368,0,0,43.68,0,0,0,0,0.2568,0.1316,0.1903,0,1.5381,5.3745,2.0114,10.1244,6.468,1.551,310.4235,38.97,24.0556,2.3387,11.4431,1.1352,0,45.73,0,0,0,0,0.1125,0.7595,3.9264,0,2.1334,6.2956,0.7668,30.5056,6.5682,1.9598,285.4937,39.41,29.3402,2.033,3.1411,4.8979,0,33.88,0.2631,0,0,0.2121,0.0281,0.5705,17.2216,0,2.7553,5.0815,0.335
"N_BRD",11.2306,3.7712,0.9624,359.8567,8.59,0.8131,0,7.7727,0,0,57.83,0,0,0,0.2359,0,2.4627,14.3979,0,1.0936,7.5033,0.5839,18.4074,3.5959,1.2989,291.6121,14.37,11.1507,0,3.1981,0.0218,0,45.36,0,0,0,0.1561,0,1.4385,20.5074,0,4.3654,8.1117,0.2223,34.9178,3.5697,1.7566,275.367,21.31,14.8504,1.7578,2.7211,1.9828,2.4462,26.84,0,0,0,0.2097,0.0374,0.6896,30.6599,0,6.9745,5.3311,0.4424
"N_BRE",0.0066,6.6814,1.9634,331.0875,30.96,9.5141,0,15.5005,5.9467,0,10.22,0,0,0,0.4294,0.0067,4.085,18.9476,0,11.8793,6.5243,22.6375,0.3789,5.0192,2.1754,270.6256,28.92,18.7941,0,4.7275,5.3996,0,14.36,0,1.0319,1.5973,0.129,0.7856,2.6664,14.8062,0,21.9025,3.7236,11.2336,2.9021,5.4519,2.1223,254.6216,29.96,23.0456,0,4.6863,2.2293,0,16.15,0,0.8624,0.4205,0.0418,0.568,1.6119,26.5656,0,17.134,1.9551,4.6066
"N_BRO",4.0849,14.151,1.0238,180.61,15.68,15.6799,0,0,0,0,32.99,0,0,0,0.9206,0.0092,0,48.6678,0,3.5265,0,0,9.6452,9.9018,1.3622,138.2682,32.13,32.1252,0,0,0,0,28.98,0,0,0,0.3938,0.3411,0.1159,37.5229,0,2.3106,0.1287,0,29.9206,7.0711,2.0079,161.0015,37.53,33.541,0,0,3.9916,0,23.54,0,0.0894,0,0.2769,0.1988,0.9649,27.8075,0.0491,6.1092,0.3251,4.5497
"N_BU1",16.745,7.5862,1.0483,265.5138,0,0,0,0,0,36.7021,44.73,0,0,0,1.1707,0.2377,0.3982,7.7791,0.0011,3.0568,2.1295,0,58.7795,6.6639,1.454,220.8003,1.02,1.0162,0,0,0,36.074,29.44,0.1585,0,0,0.5142,0.1294,0.2156,25.1373,0.037,2.8929,1.8814,0,220.3138,7.7164,1.6071,221.8701,8.03,8.027,0,0,0,18.6733,45,0.0677,0.1027,0,0.2931,0.6571,0.3216,20.3167,0.0568,3.0249,1.3619,0
"N_BU2",9.8845,18.0038,1.0424,173.7368,0,0,0,0,0,48.2157,32.05,0,0,0,0.7498,0.041,0.1093,15.3998,0,0.7604,2.2841,0,25.0811,14.0419,1.3848,184.3146,0,0,0,0,0,27.4703,47.12,0,0,0,0.4089,0.2262,0.0273,20.9204,0,1.8357,1.4915,0,121.2667,9.1936,1.64,200.9534,6.62,6.6199,0,0,0,14.4357,52.68,0.0677,0,0,0.3107,0.2685,0.1245,19.6096,0.0092,2.6193,1.415,0.7857
"N_CAM",5.8592,20.9563,0.7797,136.864,0,0,0,0,0,0,95.76,0,0,0,0,0,0,0,0,2.0888,0,0,23.3766,20.9563,1.2773,121.2471,0,0,0,0,0,0,64.23,0,0,7.1211,0,0.0088,0.0149,3.2758,0.006,1.8903,0,0,43.8089,7.4371,1.6317,205.7351,7.71,7.7073,0,0,0,0,18.84,0,0,14.8987,0,0.0194,0.0037,38.438,0.0187,8.7573,0.0718,0.0169
"N_CNI",15.3652,13.12,0.4841,232.1029,0,0,0,0,0,0,77.48,0.1952,0,0,0,0,0,0,0,1.802,2.5794,16.9214,34.5229,10.3658,0.4543,169.3161,0,0,0,0,0,0,63.45,0.3927,0,0,0.0238,0.1067,0,0,0,1.022,24.5092,11.255,86.995,6.3698,1.035,241.534,8.09,1.919,0,2.7993,3.3678,0,55.7,0.1878,1.1504,0,0.143,0.0766,0.1441,1.4535,0.0128,4.9491,19.7339,7.5411
"N_DAM",7.4192,4.235,0.9405,311.4109,11.82,11.8157,0,0,0,0,58.83,0.8273,0,0,1.0939,0.3257,3.0731,0,0.0375,0.8559,18.3007,0.0767,28.6622,3.1923,1.2684,263.5519,33.48,31.3192,0,2.1563,0,0,51.69,0.3462,0,0,0.9626,0.1187,1.4236,0.0162,0.0165,1.0884,8.0829,1.4758,40.1518,3.4534,1.6958,316.1206,41.61,36.8878,0.1279,2.4073,2.1829,0.2443,41.61,0.1685,0.4027,0,0.8967,0.3421,1.3481,0.943,0.039,5.316,3.8762,1.692
"N_DUM",1.8506,3.714,0.9608,346.6521,0,0,0,0,0,0,22.94,0,0,0,0.4195,0,2.1054,47.6397,0,0.9284,0.423,0,2.9471,3.5324,1.1805,377.925,5.79,5.7938,0,0,0,0,43.86,0,0,0,1.2543,0.0493,1.8881,25.4848,0.0493,1.2956,0.3033,0,12.7881,3.5833,1.575,343.8514,15.29,8.1052,5.4013,0,1.7838,0,40.77,0,0.3055,0,1.0569,0.051,2.1196,22.5729,0.0433,9.0869,0.148,1.4696
"N_EIC",6.7885,10.15,0.9249,249.271,0,0,0,0,0,0,35.34,0,0,52.8515,0,0,0,6.8596,0,1.5452,0,0,8.6197,3.167,1.1927,196.4532,6.53,6.5324,0,0,0,0,14.08,0,0,58.7513,0,0.0237,0.2047,12.6401,0,1.417,0,0,10.6838,3.0756,1.2136,199.0747,2.86,2.1519,0.7063,0,0,0,6.6,0,0,43.1473,0.0177,0.0835,0.4032,37.6019,0.0146,3.6093,0.0035,0
"N_ELB",3.1073,3.3959,1.4915,474.8579,29.55,27.5402,0,2.0084,0,0,53.04,0.8177,0,0,1.2322,0.3091,0.5008,5.1754,0,2.6038,0.3653,6.6484,5.5025,2.8909,2.0479,398.1703,53.18,41.2695,0,9.2686,2.6437,0,24.73,0.5,0.0225,0,0.9651,0.26,0.5144,8.0569,0,1.942,2.9785,3.9362,14.2208,3.5459,2.0617,356.0914,51.88,46.7546,0,3.1495,1.9784,0,24.8,0.125,0.9379,0,0.7588,0.1899,0.9325,8.6927,0.0326,2.9016,1.3707,4.1172
"N_FLA",3.6176,4.1925,1.468,405.1727,9.5,9.5049,0,0,0,0,45.6,0,0,0,0.7915,0.1846,0,33.6694,0,1.0225,0,2.5348,7.9425,4.2267,1.8542,399.157,16.61,16.6083,0,0,0,1.2572,44,0,0,0,0.7947,0.5715,0.9955,19.0745,0.0126,4.4346,0.585,1.8387,42.4301,4.244,2.1264,367.4374,37.04,22.7153,0.62,0.5612,13.1401,0.2903,36.32,0,0,0,0.7386,0.596,0.9727,8.7308,0.1675,8.8022,0.1723,1.2291
"N_GAM",5.6012,4.3822,1.5653,363.0424,15.42,10.0293,0,0,5.3938,0,44.3,0,0,0,2.2593,0,4.427,11.0086,0,14.6384,0.7158,3.4043,7.6294,3.6033,1.8487,370.5761,16.01,9.8296,0,0,6.1818,0.0931,31.49,0,0,0,1.2044,0.1206,1.5587,13.1779,0.1206,29.7851,0.334,5.1672,20.0979,3.5769,1.9217,342.1186,21.88,16.4728,0,0,5.4042,0.0684,18.36,0.0099,0.0312,0,0.6826,0.0897,1.0247,25.1975,0.0473,27.4324,0.5011,2.2196
"N_GAR",4.6642,4.915,1.2116,384.0685,18.8,18.8049,0,0,0,1.2299,49.77,1.112,0.3187,0,0,2.6215,0.3777,0.8131,0,0.8683,0,3.1506,10.3059,3.8621,1.4771,419.6532,30.49,29.5069,0,0.9815,0,0,41.63,0.4188,0.0951,0,0.6364,3.0657,0.1749,1.4695,0,0.7663,0,5.0386,29.6406,3.6103,1.7756,406.3187,35.14,32.9483,1.1321,1.0627,0,0.3835,36.97,0.1252,0.3569,0,1.1127,2.1053,0.9042,2.3671,0,1.1998,0.5114,6.814
"N_GBI",1.7163,10.1738,0.6993,262.6099,0,0,0,0,0,0,43.7,0,0,0,0,0,0,40.7101,0,4.4372,4.5769,0,9.4119,8.8875,0.9978,239.8117,5.18,5.1842,0,0,0,0,37.3,0,0,0,0,0,0.0255,45.4031,0,3.567,3.1572,3.2824,24.6397,6.682,1.2681,205.3527,15.69,15.686,0,0,0,0,30.39,0,0,0,0.0157,0.0494,0.2204,45.2533,0.0037,2.4457,2.0009,1.9216
"N_GUT",0.5085,6.9393,0.9366,257.3535,64.56,61.8067,0,0,2.7547,19.8944,0,0,0,0,0.7204,0.0874,0,9.3095,0,3.7278,0,0,1.6973,7.613,1.7193,276.8631,64.7,43.187,0,0,21.5175,6.574,2.91,0,0,0,0.4585,0.0538,0.1988,11.6493,0.0268,4.7337,0.4571,0.6637,3.5322,5.9449,2.2942,283.8346,61.82,38.1042,0,0,23.7121,1.6586,12.75,0,0,0,0.3416,0.7199,0.6653,8.4584,0.217,3.1098,0.4133,3.0969
"N_HAI",0.0918,11.9675,1.2309,269.6479,0,0,0,0,0,0,19.72,0,0,0,0,0,4.063,29.798,0,18.7456,0.4577,0,1.4386,7.1406,1.3229,209.8599,5.27,5.2683,0,0,0,0,18.45,0,0,0,0,0,1.372,24.2626,0,36.2146,0.6909,0,6.777,3.8439,1.3444,214.2052,5.28,2.6084,0,0,2.6736,0,15.05,0,0,0,0.0057,0.0423,0.8355,36.4838,0,27.1596,0.72,0.4569
"N_HOH",2.5761,3.2617,0.6601,347.7164,2.28,2.2772,0,0,0,0,12.95,0,0,0,0,0,0,69.6345,0,5.9075,0,2.4888,2.9267,4.6287,1.3505,277.2797,20.22,15.9641,0,0,4.2522,0,7.3,0,0,0,0,0,0,36.8379,0,12.6697,17.482,2.8277,3.4012,5.3913,1.6993,244.5878,22.1,18.181,1.9331,0,1.9852,0,20.41,0,0,0,0.0461,0.0202,0.6623,25.6875,0,9.9058,18.0465,3.2991
"N_HOR",0,12.6,0.6877,196.985,0,0,0,0,0,0,2.28,0,0,0,0,0,0,73.4256,0,1.5725,0,2.068,0.0469,11.8375,0.9759,153.1708,9.84,6.4952,0,0,3.3465,0,9.36,0.0304,0,0,0,0.0921,1e-04,72.0129,0,1.7488,0,1.4485,1.0165,8.0899,1.5607,179.7711,32.3,26.942,0,0.8975,4.4614,0,7.53,0.0076,0,0,0.0823,0.3725,0.0217,50.9951,0.0782,1.8309,0.1724,4.6892
"N_HOY",10.5096,9.5032,0.4399,272.6836,15,14.9981,0,0,0,0,78.67,0,0,0,0,0,0,0,0,4.4648,3.5937,0,27.8282,9.2989,0.3637,275.6421,4.47,4.474,0,0,0,0,88.52,0.5065,0,0,0,0,0.5106,2.2728,0,2.7688,3.9679,0,102.3094,7.073,1.0214,300.0512,13.3,9.7882,2.7708,0.2487,0.4959,0,68.25,1.6491,0,0,0.2294,0.0136,0.6226,7.2218,0.0124,4.2974,6.9272,0.2507
"N_ISE",6.6279,4.6221,0.9773,291.6808,2.64,2.6401,0,0,0,0,51.05,0,0,0,1.9781,0.9762,0.2875,34.0503,0,1.3758,0,4.0275,11.6458,4.6505,1.0802,260.1319,8.68,5.0846,0,3.5986,0,0,30.18,0,0,0,1.0296,0.6646,0.0719,50.4772,0,2.8061,0,1.7756,24.4994,5.1606,1.7036,215.0184,24.91,17.4961,0,3.559,3.8538,0,20.79,0,2.3884,0,0.5581,0.1896,0.2619,42.5079,0.0075,2.7767,0.0638,2.1506
"N_JAS",0.0516,11.4057,0.9801,133.5828,85.6,56.6477,0,28.9534,0,13.9365,0.46,0,0,0,0.1256,0.5436,0,0,0.1772,0.5878,0,0,0.1233,8.8811,1.4822,217.354,72.17,45.9405,2.0646,24.1609,0,3.7844,22.05,0,0.1407,0,0.7407,0.3127,0.0164,0,0.0488,0.956,0.4716,0.2685,5.3177,7.6334,1.7422,237.4654,50.7,35.5504,2.3509,10.0511,2.7462,1.7175,40.27,0.0168,0.9205,0,0.866,0.2587,0.2329,0.2249,0.0479,2.6515,0.212,0.7838
"N_KAP",2.4715,4.565,1.2735,302.5172,24.5,24.497,0,0,0,0,22.46,0,0,0,1.0869,0,0,42.9375,0,0,0,0,4.0919,3.4712,1.713,220.9597,44.73,41.2318,3.4994,0,0,0,12.53,0,0,0,0.8644,0.0298,0,37.5833,0,0.0835,0,0,7.6963,3.9615,1.878,236.7138,42.91,38.6041,2.3962,1.32,0.5935,0.0355,14.61,0,0,0,0.5562,0.0553,0.373,34.634,0.0068,3.592,0.0355,0.2246
"N_KIR",4.5393,1.7115,1.2408,1096.8669,5.02,5.0222,0,0,0,0,52.12,0,0.5524,0,10.1141,0,0,0,0,2.7488,2.7799,8.2092,24.6205,1.374,1.3592,1111.4655,7.12,6.2583,0,0,0.8665,0.9859,61.92,0,0.7583,0,8.9207,0.7165,0,0,0,1.8624,2.2109,8.719,118.9661,1.3253,1.3925,992.04,14.52,14.2999,0,0,0.2166,0.9726,65.64,0,1.5181,0,6.9781,0.5314,0.5664,0.0462,0,2.8834,1.5655,4.035
"N_KRI",4.094,3.7395,1.5771,416.2958,39.62,22.3911,0,17.2241,0,0,41.66,0,0,0,1.1052,1.1424,0,13.4528,0,1.2888,0.1623,2.0368,9.9945,5.2733,1.7286,353.0217,34.85,27.9355,0,6.9099,0,1.1106,31.54,0,0,0,2.084,0.5898,0.0514,24.8262,0,1.1182,0.8722,0.6868,24.2604,4.9457,2.0203,295.257,42.74,35.8865,0.3237,3.7242,2.8011,1.6899,25.75,0.0359,0,0,1.618,0.4187,0.2168,19.0922,0,2.9755,0.9646,0.5368
"N_LUB",3.0788,5.107,1.4964,314.9964,49.56,49.5572,0,0,0,0,28.51,0,0,0,0,0,0.0753,9.1461,0,2.1164,7.4485,0.5231,8.08,4.3841,1.9186,335.4423,37.93,33.4797,1.1301,0,3.3234,0,34.68,0.8868,0,0,0,0.2843,0.4364,10.3128,0.096,2.0115,5.8663,1.8494,20.2599,4.6642,2.0536,297.3835,29.06,23.8132,0.6963,0,4.5552,0,27.83,0.8505,0,0,0.0522,0.1174,0.5743,23.4978,0.0279,8.2856,3.078,3.6199
"N_MAU",1.0656,2.176,1.9599,385.7604,43.06,42.5849,0,0,0.4714,0,11.46,0,6.1688,0,0.0435,0.0212,0.3494,25.0085,0.0212,1.4649,0,5.2167,1.5131,2.6771,2.067,328.6075,45.62,36.5434,1.7921,0,7.2815,0,12.15,0,1.5422,0,0.1446,0.0755,1.6088,23.2708,0.0367,1.586,0.2293,1.3607,3.5354,2.7361,2.3394,318.707,46.22,33.617,2.2713,0.4078,9.9257,0,12.05,0,0.3856,0.2412,0.125,0.1771,1.3401,21.7703,0.0612,6.1146,0.1689,3.0066
"N_MEC",1.7773,4.0282,1.1863,523.828,34.21,31.8982,0,0,2.3168,0,50.1,0,0,0,0.6907,0.5263,0,2.6466,0,2.7063,0,0,4.4928,4.1087,1.7229,417.6756,42.16,38.0475,0,0,4.1085,3.413,38.41,0,0,0,1.396,1.1701,0,2.9615,0.6543,1.3486,0,2.0199,15.7505,3.9603,1.8633,386.1916,44.67,35.6751,0,0,8.9917,1.5092,36.5,0,0,0,1.4356,0.7685,0.4028,5.323,0.2357,4.8286,0.1184,1.462
"N_MOO",1.5004,5.258,1.3172,246.6075,51.39,51.3919,0,0,0,0,16.23,0,0,0,0,0.2578,0,21.9683,0,2.584,0,4.3687,2.2742,4.5812,1.7132,231.1003,53.05,53.0498,0,0,0,0,13.69,0,0,0,0.0126,0.5142,0.4409,17.3452,0,3.6929,0.1129,10.4935,4.4871,6.0269,2.1926,223.6238,50.22,43.8463,0,3.3901,2.9842,0,12.78,0,0.1797,0.1459,0.0138,0.5685,0.6847,19.7771,0,5.7823,1.4831,7.7639
"N_NLG",3.6506,2.5222,1.4905,455.9322,28.3,12.1285,0,0,16.1726,5.1624,44.52,0,0,0,1.112,2.1638,0.2182,0.0272,0,2.9999,4.4082,7.3924,10.5964,3.5053,1.9246,396.6606,42.18,20.3973,0,0,21.787,12.7609,32.45,0,0,0,1.1086,0.8775,0.3547,0.0541,0.0128,2.4581,2.3639,2.687,25.163,3.4643,1.9996,333.0798,38.41,28.611,0.4459,0,9.3551,6.0092,35.53,0,0,0,0.9279,0.4594,0.5807,3.6735,0.1094,8.6611,1.6493,1.1319
"N_OCH",0,4.0264,1.6755,449.3904,19.03,3.7521,0,0,15.2818,0,0,0,0,0,0,0.5199,4.5731,19.6783,0.5199,16.0156,0,31.3415,0,4.2729,2.0428,406.2934,26.43,10.224,0,2.28,13.9287,0,0,0.0594,0,0,0,0.257,4.1617,25.384,0.257,9.921,0.9719,20.9938,0.0115,3.9016,2.3534,382.4609,31.56,17.9508,0.9792,2.1176,10.514,0,2.52,0.0265,0.552,0.1474,0.0169,0.249,1.2715,19.7562,0.1136,28.3254,1.0308,8.4074
"N_OLE",0.6005,3.629,1.6274,338.384,41.25,36.0658,0,0,5.1807,14.7307,9.47,0,0,0,0.7272,0.6246,0.6989,28.7918,0,0.3073,0,0.6016,2.0223,3.6611,1.6956,260.0364,40.18,35.8952,0.4037,0,3.8792,3.6827,6.4,0,0,0,0.4856,0.5103,0.7396,43.7436,0,1.2124,0,0.2419,4.2626,3.8554,1.5848,235.4546,23.69,19.1457,2.3752,0,2.1731,0.9207,13.91,0,0,0,0.6508,0.3228,0.2728,54.2395,0,1.8189,1e-04,1.0894
"N_PAN",6.9268,2.1796,1.2782,347.8653,1.28,0,0,0,1.2842,0,44.85,0,1.6283,0,0.4043,1.548,3.1421,15.2389,0,2.6565,0.8318,28.9057,22.0414,3.1892,1.8652,331.4617,10.34,7.7611,0,0,2.5782,0,36.63,0,6.2186,1.3694,0.1847,1.1207,1.8154,18.7882,0.2249,2.5288,4.0335,12.4985,34.4394,3.5875,2.2455,311.3921,28.84,20.9298,0,2.6993,5.2137,0,23.73,0,2.1264,0.6892,0.1258,1.904,1.2212,16.0306,0.0729,8.3114,3.8551,7.0891
"N_PEV",10.5233,5.3775,0.5946,321.8857,0,0,0,0,0,0,78.28,0.2398,0,0,1.0621,0.3385,0.4113,4.172,0,1.8819,1.7458,11.8337,33.2784,4.311,0.6832,291.1042,0,0,0,0,0,0,56.01,0.0599,0,0,0.8495,0.176,1.3896,9.2307,0,1.2609,25.4394,3.5956,61.1628,5.5175,1.0025,240.1063,0,0,0,0,0,0,47.12,0.0264,1.4197,0,0.6942,0.0799,1.1024,15.0648,0,4.1131,22.1584,8.4899
"N_PFE",0,0,0.0459,190.1744,0,0,0,0,0,0,0,0,0,0,0,0,0,85.4365,0,1.8161,0,0.6759,0,0,0.0326,150.3881,0,0,0,0,0,0,0,0,0,0,0,0,0,89.6221,0,1.8925,0.1786,0.4703,1e-04,3.9456,0.3672,176.5972,0,0,0,0,0,0.8555,1.88,0,0,0,0.1361,0,0,85.2412,0,2.1062,0.0447,2.6639
"N_RAD",8.6262,5.676,0.6858,360.0879,0,0,0,0,0,0,64.66,0,0,0,0.5118,1.1084,5.6931,8.2046,0,2.8294,0.956,0.7052,15.4322,5.2283,1.1526,346.4389,0.8,0.805,0,0,0,0,29.91,0,0,0,0.73,0.4183,3.792,34.4586,0,11.2499,8.814,1.1846,22.0716,4.1586,1.5465,266.7592,16.12,16.0126,0,0,0.1034,0,14.61,0,0,0,0.8452,0.2116,2.9919,44.1306,0,7.4015,8.1795,1.0509
"N_RET",0.3826,5.455,0.8837,403.5201,0,0,0,0,0,0,42.44,0,0,0,0.3438,1.0992,5.4229,29.2753,0,3.6248,2.11,0,3.3819,4.6339,1.2369,290.2191,3.06,3.0603,0,0,0,0,31.85,0,0,0,0.5973,0.3747,3.1957,39.0274,0,3.418,9.7867,1.7443,11.1248,4.3975,1.407,262.5309,10.33,10.3173,0.0159,0,0,0,16.88,0,0,0,0.7659,0.1876,2.869,47.8914,0,7.0061,8.1777,0.8315
"N_SCH",18.6742,5.7112,0.5847,283.776,5.85,5.8505,0,0,0,0,76.5,0,0,0,0.3052,0,0,0,0,3.5276,4.3396,10.761,39.0161,4.0952,1.2084,279.1928,10.92,5.5041,5.4136,0,0,0,51.71,0,0,0,1.1166,0,0,21.6124,0,2.5833,2.3931,7.8,79.8581,4.1319,1.1981,268.1387,7.47,6.0664,1.4026,0,0,0,39.1,0.0099,0,0,0.6482,0.0083,0.2057,32.1416,0,6.024,6.6857,2.7955
"N_SMG",3.0717,4.8946,1.3686,403.2694,52.66,52.6641,0,0,0,0,40.56,0,0,0,1.6386,0.8106,1.6527,0,0.2967,0.9754,0,1.1686,11.4156,5.1258,1.8073,291.5018,45.65,38.7083,0,0,6.9422,0.0352,40.97,0,0,0,1.3487,0.3496,0.5325,3.3289,0.0915,1.2417,0,5.8156,32.9281,4.4354,2.0206,295.493,55.16,44.1522,1.3686,0,9.637,0,26.22,0,0,0,1.1217,0.2422,0.2969,8.1397,0.0229,1.2556,0.3917,5.8824
"N_STA",9.5127,11.6975,0.8616,224.4807,29.4,29.4018,0,0,0,0,56.3,2.0149,0,0,0.9659,0.2684,0,0,0,0.66,9.3863,2.5818,28.9745,9.0604,1.4605,276.5786,26.21,22.916,0.2377,3.0531,0,0,48.87,0.7303,0.6297,0,0.9578,1.2685,0.1309,0,0,0.5917,9.3695,11.654,106.6777,7.0235,1.6832,256.681,43.7,37.3068,1.034,5.3635,0,0.2506,38.89,0.4779,0.4731,0,0.7729,0.8979,0.1443,4.5892,0.0113,1.3157,3.8077,5.3104
"N_STE",13.6742,4.9645,0.8895,301.7699,14.56,14.5583,0,0,0,20.8276,64.61,0,0,0,0.1956,1.8462,0,0,0,1.4278,1.5392,0,32.3302,3.4909,1.5489,304.3997,23.07,23.0707,0,0,0,18.2402,53.56,0.3864,0.4531,0,0.7181,1.6925,0.0093,0.1097,0,3.5926,1.0441,1.1319,101.1451,2.9981,1.6103,341.123,16.44,16.4426,0,0,0,5.2285,67.31,0.2116,0.9735,0,1.092,1.4305,0.3222,2.8673,0.0467,5.4665,1.3504,0.8759
"N_TAN",0,5.0614,1.2991,359.6954,4.96,4.393,0,0,0.5659,0,0,0,0,0,0.0279,0.087,6.3397,29.7574,0,2.6925,0,32.3399,0.0013,3.9607,1.6689,282.6158,24.84,11.0556,0.0404,0,13.7463,0,1.63,0,0,0,0.007,0.5781,2.3766,37.7025,0,1.9772,0,19.7202,0.1004,3.7947,2.1193,266.4158,39.24,22.3583,1.5904,0.7872,14.5089,0.0895,3.01,0,0,0,0.1157,0.4633,1.4603,35.6059,0.0648,3.6715,0.0983,10.9757
"N_TAS",5.2402,3.1033,1.0123,393.4121,0,0,0,0,0,0,31.51,0,0,0,0.2904,0,2.828,39.6526,0,17.7928,0,2.3866,6.7337,3.325,0.6672,236.9244,0.91,0.9066,0,0,0,0,10.97,0,0,0,0.142,0.0225,0.707,70.4406,0,10.6804,0.2168,3.2991,10.5951,3.152,0.5286,188.5241,3.25,3.2486,0,0,0,0,5.31,0,0,0,0.0355,0.0455,0.3491,81.8925,0,5.0434,0.0798,2.6412
"N_TRI",15.0502,8.3889,0.9517,276.0641,19.04,19.0379,0,0,0,0,72.56,0,0,0,0.8771,0,0,3.0844,0,0.7604,0,1.2623,39.8772,9.534,1.1512,301.7187,15.55,15.5542,0,0,0,0,73.29,0,0,0,1.1297,0.144,1.7977,3.6468,0.1344,0.9203,2.5914,0.4356,92.7595,8.0742,1.5942,298.0869,22.33,19.8175,2.5165,0,0,2.065,60.27,0.0067,0.2304,0,1.0737,0.332,1.4152,1.6772,0.1064,3.5005,5.1942,1.524
"N_TUT",3.3828,3.5733,1.5901,291.197,23.09,23.0931,0,0,0,0,45.35,0.0916,0,11.4181,0.4831,0,2.8857,12.6631,0,1.7281,0,0,8.4321,3.6354,1.6687,251.842,26.6,26.6035,0,0,0,0,28.56,0.0744,0,19.9473,0.2404,0,0.7956,18.2049,0,2.4627,0,0.0113,20.2008,3.8155,1.8702,226.9928,27.86,25.0085,1.0247,0,1.824,0,15.02,0.1057,0,24.4301,0.1125,0.1458,1.2412,23.2807,0.0822,2.1317,0.024,1.9133
"N_UET",6.975,2.682,1.1068,255.0116,0.42,0.4151,0,0,0,0,50.36,0,0,0,0.0615,0.0676,1.031,18.3919,0,23.2444,0.0156,0,18.4319,3.0037,1.6741,256.6173,11.85,8.1393,0,0,3.7095,0,31.98,0,0,0,0.1164,0.1211,2.8401,18.7745,0,22.5227,0.3542,0.0059,22.6283,3.0169,1.9645,281.3034,21.89,10.7317,0,0,11.1589,0,19.39,0,0,0,0.1989,0.5174,2.4148,14.7364,0.0405,25.6427,0.9,1.6798
"N_VIE",4.254,3.7287,0.0436,242.6996,0,0,0,0,0,0,43.25,0,0,0,0,0.4499,0.3218,0,0,0.8322,45.9275,0,8.7653,5.0305,0.8511,226.0297,1.04,1.0351,0,0,0,0,37.29,0,0,0,0.0927,0.1257,0.3698,18.0601,0,0.8965,36.3863,0,24.4809,3.8507,1.539,272.8321,9.35,9.3523,0,0,0,0.1966,26.09,0,0,0,0.3856,0.1481,1.4753,27.7335,0,3.2489,19.8416,4.4267
"N_VOG",0.0206,3.9042,1.8448,355.8556,32.83,24.3476,0,8.4818,0,0,24.16,0,0,0,0.4202,0.1273,0,19.4682,0,2.417,0,0,0.3633,4.5441,2.0989,336.2658,43.31,38.7124,0.8042,2.1221,1.6713,1.1008,26.42,0,0,0,0.4014,0.3648,0.4503,12.2639,0.0882,6.9078,0.2714,2.681,3.3139,4.5107,2.4295,324.2089,48.52,37.977,0.8676,3.5575,6.1189,0.3321,13.64,0,0.0681,0,0.2637,0.401,1.6216,12.5319,0.1297,14.2151,0.2065,4.4857
"N_WAL",1.0328,3.0435,1.4988,422.7288,19.09,16.0271,0,0,3.0593,0.9484,45.71,0,0,0,0.1998,2.4163,1.9774,0,0,13.5338,0,0.8792,4.4929,2.8711,2.1444,437.0726,27.25,22.7955,0,0,4.4553,2.9597,35.39,0,0,0,0.5591,1.3829,2.5955,0.2208,0.0591,19.5815,0,4.283,15.8224,3.2208,2.2711,441.1235,44.52,34.1845,0.9898,0,9.3498,2.7067,24.03,0,0,0,1.4831,1.2909,2.6229,1.9602,0.1566,9.2759,0,6.783
"N_WEN",2.3645,3.7244,0.6869,189.7734,3.1,1.6781,0,1.4184,0,0,18.94,0,0,0,0.0523,0,0.6221,74.4163,0,3.917,0,0,4.3055,2.657,1.1801,235.8127,19.96,3.0695,0,16.8944,0,0,29.22,0,0,0,0.1759,0.1532,0.563,42.6262,0.0352,8.495,0.0447,0.0192,11.1646,2.4806,1.2777,242.0246,15.88,4.3853,0,11.4957,0,0,18.21,0.0496,0,0,0.1632,0.2023,0.4248,45.6528,0.0799,14.7411,0.726,0.0658
"N_WER",6.241,6.3325,0.5984,337.3994,0,0,0,0,0,0,51.29,0.0661,0,0,1.2729,0,0,5.911,0,16.5709,13.4578,5.1754,14.7548,5.2588,0.8338,307.7901,0,0,0,0,0,0,36.91,0.0397,0,0,0.3926,0,0.1432,8.7862,0,26.3714,18.2046,6.8027,39.3695,4.1222,1.3073,302.4412,5.64,3.513,0,0,2.1316,0,27.2,0.0099,0,0.1625,0.6353,0.026,0.0616,23.0012,0,23.2562,11.3311,5.8542
"N_WIZ",0,7.5967,0.6382,482.2632,3.64,3.6414,0,0,0,0,0.04,0,0,0,0,0.0821,2.0188,29.9929,0,17.541,40.0367,0.2126,0.0374,7.0814,1.6726,361.0295,22.55,10.7984,0,11.7469,0,0,12.49,0,0,0,0.0681,0.1614,1.8857,19.178,0,13.2692,24.1981,0.1934,2.8975,7.2896,2.042,306.0385,22.89,13.1792,0,9.6938,0.013,0.2248,28.77,0,0,0,0.0462,0.2171,4.088,12.4555,0,13.4603,12.3351,0.4239
"N_ZDF",5.2904,1.4688,1.3173,538.3274,6.54,6.541,0,0,0,0,41.25,4.0846,0,0,2.416,0.5192,1.7893,6.8256,0.5192,26.147,12.425,0,6.2827,1.7693,1.3479,370.0778,4.63,4.6288,0,0,0,0,42.12,4.2997,0,0,2.6496,0.191,0.6768,11.1095,0.191,12.5241,22.4236,0,26.0624,1.6825,1.8312,409.3768,3.76,1.5713,0.0191,0,2.1736,0.1343,33.91,7.7029,0,0,2.1759,0.1652,2.8649,8.4397,0.0808,11.57,15.0968,2.9008
"S_ACR",11.9684,3.2592,0.8694,265.3221,2.28,0,0,0,2.2794,0,49.03,0,0,0,0,0,1.5792,41.3877,0,1.3588,0,0.1334,14.1536,2.534,1.321,256.9771,10.92,5.6623,1.688,0,3.5677,0,20.9,0,0,0,0,0,0.5676,55.8201,0,2.0733,1.3036,4.7131,16.6113,2.1918,2.0404,312.8548,28.5,18.9052,2.4172,1.1313,6.0466,0,14.39,0,0,0.2626,0,0,1.1323,31.5336,0,3.9026,5.4046,12.5925
"S_AFR",2.7221,2.87,1.9087,385.8363,64.44,41.9978,11.2584,0,11.1887,0,16.64,0,0,0,0.1623,0,0.9716,7.5142,0,7.6762,0.302,0.7187,3.5711,3.4855,1.8915,269.115,52.01,34.5792,8.8302,0,8.5957,0,5.61,0,0,0,0.0942,0,0.4546,35.1498,0,3.1874,0.5301,1.815,4.3903,3.2367,2.1852,274.5926,50.36,37.655,7.5776,0.8621,4.2662,1.9968,5.57,0,0,0,0.1534,0.0117,0.4322,29.802,0,5.1572,0.3397,5.0135
"S_AMP",6.1117,3.496,0.8412,475.8415,1.01,1.0063,0,0,0,0.2774,76.06,2.3919,0,0,0,0.1128,2.3138,0.8014,0,1.0002,20.8122,12.8636,15.6056,3.1686,1.6878,421.0154,13.27,9.1487,3.6279,0.4922,0,0.8745,51.85,2.06,0,0,0.1283,0.0337,2.8306,8.483,0,4.8874,11.4882,11.8516,37.1727,3.1552,2.1325,364.5182,36.83,30.9669,2.5443,3.2936,0.0245,3.3895,39,0.5467,0,0,0.1596,0.0325,1.1554,4.5444,0,5.1986,5.4528,7.5032
"S_AUH",5.7826,2.5554,2.2373,541.7406,54.93,40.4985,4.4847,0,9.951,0,24.07,0,0,0,0,0,7.6564,0.4608,0,5.8587,0.4004,16.0712,6.232,3.0662,2.4507,401.6077,76.25,33.9173,19.1568,0,23.1795,0.0549,7.15,0,0,0,0,0,3.7993,0.5936,0,4.9026,0.2256,12.4958,7.3808,2.8362,2.544,350.779,60.56,40.4805,6.7521,0,13.3263,0.4233,6.73,0,0,0,0,0,1.7939,13.609,0,10.2131,0.2278,7.551
"S_AUL",0,3.7231,1.1585,396.1261,65.07,55.2991,9.7732,0,0,0,0,0,0,0,0,0,0.8354,0,0,29.6799,0.7632,5.3458,5e-04,2.4538,1.7125,419.3685,28.99,26.1031,2.6437,0,0.2476,1.4871,1.01,0.3492,0,0,0,0,7.1517,6.5687,0,33.1495,16.0217,4.1083,0.1319,2.7844,2.0659,331.4749,17.09,14.8619,0.6609,0.1503,1.4201,0.4399,11.38,0.0997,0,0,0,0,4.5834,16.5255,0,19.678,26.23,3.7867
"S_BUC",0.0045,1.6979,1.7761,283.4971,41.34,41.3401,0,0,0,0,11.42,0,0,0,0,0,0.133,26.8944,0,10.3306,0,7.0047,0.2079,1.8084,1.9632,346.8888,27.64,22.0335,5.6055,0,0,0,10.8,0,0,0,0,0,0.4996,31.7402,0,18.4938,0.4377,8.7525,1.6294,1.5382,2.0549,370.701,31.77,26.5924,4.7862,0,0.3957,0.6646,16.38,0,0,0,0,0,0.5571,26.8567,0,17.5351,0.4871,3.9408
"S_DIE",1.3349,1.9496,1.873,335.3687,72.34,67.6806,4.6569,0,0,0,8.93,0,0,0,0,0,3.8427,2.2494,0,1.7963,0,8.8957,1.5753,2.6271,2.1196,306.846,66.17,60.0633,5.5586,0,0.5468,1.5174,6.18,0,0,0,0,0,1.8356,10.5407,0,5.3387,2.6429,4.8239,2.4175,2.5235,1.8903,284.9902,39.06,35.9041,2.7509,0,0.4067,0.9162,2.2,0,0,0,0.0218,0,0.9527,31.5089,0,17.8192,4.5399,3.5873
"S_ECH",0,3.5268,1.8032,315.7323,50.56,21.5607,10.8634,0,18.1361,0,0,0,0,0,0,0,3.0827,0,0,17.3295,0,33.2463,0.02,3.375,2.4398,269.0651,47.04,30.0892,8.1125,0,8.8424,0,7.38,0,0,0,0,0,1.7536,0,0,9.6551,1.7243,36.3022,0.4538,4.0353,2.5711,252.4134,57.92,38.4996,7.2023,0,12.2196,0.2343,6.48,0,0,0.1406,0,0,2.6616,1.651,0,5.7611,1.7412,25.7372
"S_EIT",10.5189,2.1458,1.2676,516.3313,19.11,19.1061,0,0,0,0,63.12,0,0,0,0.1733,0.1001,0.3194,1.5753,0,7.261,3.5431,7.7568,13.6303,2.2177,1.6891,479.5789,19.44,14.9166,0,2.4135,2.1114,0.0071,47.87,0,0,0,0.2635,0.0401,1.4425,2.6204,0,11.7092,2.4933,16.0536,43.9282,2.2845,2.2979,417.2364,43.71,28.3209,1.6817,2.4092,11.2955,0.3382,22.84,0,0,0,0.1333,0.01,1.0538,9.5485,0,7.3366,1.4189,14.1975
"S_FCH",3.6265,3.9192,1.4459,251.1465,4.44,0.3809,4.0607,0,0,0,39.35,0,0,0,0,0,13.8359,19.2807,0,0.9291,9.7435,14.0128,9.7547,2.9959,1.7294,266.2352,11.62,8.8851,2.3417,0.3894,0,0,24.81,0,0,0,0,0,11.5668,28.3063,0,2.1414,8.2161,17.5826,16.8407,2.1967,2.0997,290.3249,26.5,22.6844,1.7629,1.124,0.9268,0,9.85,0,0,0,0,0,6.3352,20.5125,0,4.5944,19.363,16.8978
"S_FHZ",5.2094,2.6517,1.7012,337.0353,40.5,40.498,0,0,0,6.5164,48.06,0,0,0,0,0,1.2541,0,0,2.3109,1.5074,37.5776,11.3934,2.2654,2.0955,407.9678,42.43,40.9895,0,1.438,0,2.0558,33.02,0,0,0,0,0,3.62,3.5589,0,10.8527,1.5937,11.9278,23.908,2.1531,2.3136,393.229,42.94,38.9948,1.8367,1.512,0.5952,0.7431,23.03,0,0,0,0,0,3.121,10.9003,0,12.507,1.8055,8.9833
"S_GIG",5.1063,2.9858,1.4364,402.9355,24.92,24.9162,0,0,0,0,60.09,0,0,0,0,0,4.9352,0,0,3.2284,4.5002,15.4713,17.1687,3.1511,1.4684,317.5139,25.79,23.6082,2.1824,0,0,0,60.62,0,0,0,0,0,2.941,2.9596,0,2.9963,2.8138,6.6144,71.5183,3.1782,1.6101,310.0976,18.5,17.6007,0.8986,0,0,2.3179,64.24,0.0293,0.2932,0,0,0,2.7975,4.6131,0,3.1689,2.4428,6.6782
"S_GSH",0.0639,2.2011,1.8492,343.4426,55.46,50.6176,0,4.8454,0,0,4.06,0,0,0,0,0,0.3388,29.0058,0,4.6487,0.0481,7.6751,0.1648,2.4859,1.9944,368.2435,62.71,61.4958,0,1.2113,0,1.5783,6.62,0,0,0,0,0,0.1601,16.5317,0,5.8691,0.0986,5.706,0.6298,2.796,2.0461,337.8417,51.61,50.9063,0.3979,0.3028,0,2.0566,7.61,0,0,0,0,0,0.2703,21.4429,0,10.6991,0.2008,6.3918
"S_GSR",5.4048,2.4531,1.3765,471.4216,12.72,10.0258,0,0,2.6903,0,48.88,0,0,0,0.486,0.0732,0.8336,5.4728,0,1.0529,0.8481,36.5918,13.2305,2.2839,1.8389,428.9471,32.6,22.282,1.8789,0,8.4413,0.0291,43.49,0,0,0,0.185,0.0401,0.4545,1.3682,0,3.9179,1.6643,19.0574,38.954,2.2655,2.266,419.611,49.61,31.5266,0.918,1.749,15.4149,0.3382,22.16,0,0,0,0.1214,0.01,1.0441,4.8013,0,8.4849,1.3589,13.5025
"S_GTZ",7.3278,2.2996,1.4018,415.8584,8.77,0.5079,8.2584,0,0,0,44.3,0,0,0,0,0,3.4324,35.1156,0,8.5127,2.1054,2.9348,14.6076,1.8962,1.7552,359.19,13.82,10.8943,2.0646,0.8635,0,0.9898,31.65,0,0,0,0,0,1.2441,41.5837,0,6.4106,1.2196,5.2443,21.2108,1.6082,2.0271,378.1802,25.24,22.9065,1.9081,0.4288,0,1.2666,22.88,0,0,0,0.0464,0.002,1.6743,29.8946,0.002,11.4728,0.637,6.2961
"S_HBF",0.4856,1.8517,2.0262,334.0041,35.7,35.3715,0.331,0,0,1.6066,23.35,0,0,0,0,0,0,22.183,0,8.6354,0.0916,0.0509,1.4958,2.1352,2.2014,339.4145,51.27,39.7495,8.2034,0,3.3165,0.9726,16.92,0,0,0,0,0,0.0121,18.0593,0,7.9423,0.1761,0.1368,6.8323,2.1667,2.271,337.9033,43.7,34.0798,5.748,2.4394,1.431,1.3502,22.03,0,0,0,0,0.0078,0.3593,18.809,0.003,7.369,0.3356,1.1928
"S_HGR",1.2602,1.893,1.7413,471.5334,10.51,10.5067,0,0,0,0,12.03,0,0,0,0,0,1.622,20.0652,0,45.1841,0,18.6357,1.9408,2.1244,2.2066,446.0685,24.7,24.7042,0,0,0,1.6898,9.12,0,0,0,0,0,2.7209,9.256,0,43.9948,0.069,7.5621,2.8865,2.4027,2.2576,401.775,19.63,19.2614,0.3701,0,0,3.0792,5.97,0,0,0,0,0,2.4033,9.3355,0,51.2251,0.0489,6.7964
"S_HLZ",0.3339,1.3553,1.4657,389.569,23.95,22.9419,0,0,1.008,0,14.59,0,0,0,0,0,0.3537,38.4982,0,13.6845,0.2911,5.0718,1.578,1.7971,1.9791,379.3917,29.82,27.3415,0.7629,0.9637,0.7501,0.2868,16.82,0,0,0,0,0,0.1439,32.3985,0,12.5318,0.1691,2.3372,4.6994,1.9729,1.9984,319.33,43.85,38.3284,3.0587,1.8458,0.6211,0.1006,9.77,0,0,0,0.0263,0.0032,0.1,31.9176,0,8.4042,0.1329,2.1243
"S_HTH",0,2.951,1.5794,414.1397,34.49,34.4903,0,0,0,0,0,0,0,0,0,0,13.1073,16.9811,0,3.4208,22.1165,17.6835,1e-04,3.3676,1.5547,386.5906,27.19,26.8598,0.3267,0,0,0,0.23,0,0,0,0,0,6.556,34.8945,0,5.0333,19.0997,7.4612,0.0121,2.6451,2.1156,372.9241,33.01,24.5758,2.9851,5.2834,0.1696,0.7952,2.05,0,0,0,0.0053,0,4.487,24.7407,0,14.6961,13.5745,6.8934
"S_HUB",0.3426,2.4882,1.9315,323.4307,49.58,43.4383,3.3082,2.8372,0,0,14.54,0,0,0,0,0,1.1788,15.102,0,2.0962,0.1001,12.8116,1.6561,2.9245,2.1005,326.272,59,46.6807,5.7782,6.5433,0,0,15.26,0,0,0,0.0765,0,0.7428,13.9474,0,4.5438,0.1898,3.3656,7.3994,2.4554,2.1063,354.3387,46.28,40.8833,1.4446,3.5324,0.4233,0.1304,18.45,0,0,0,0.1055,0.0925,0.7903,16.6493,0,12.2391,0.2451,2.6469
"S_JAN",0,3.55,1.1958,278.824,59.82,59.8194,0,0,0,0,0,0,0,0,0,0,0.0562,26.205,0,7.2483,0,2.4351,0.006,2.6713,1.3007,251.9353,41.75,40.4067,0,1.3447,0,0,2.85,0,0,0,0,0,0.0141,46.663,0,5.1612,0.0993,0.8806,0.1419,2.4777,1.984,310.4974,42.6,39.5585,1.1425,1.5153,0.3879,0.8237,10.04,0,0,0,0.0013,0,0.4695,31.1805,0,9.7185,0.2423,3.5067
"S_JAU",4.3558,5.8208,1.0007,277.6693,8.59,8.5942,0,0,0,0,37.94,0,0,0,0,0,0,49.1074,0,5.9443,0.1185,0.2752,6.8334,3.8241,1.2416,217.7619,24.74,19.9709,0.6739,0,4.0949,0,9.6,0,0,0,0,0,0.0099,60.5354,0,4.6945,0.0584,0.2455,8.6802,2.7914,1.8783,318.2364,43.74,35.936,4.7897,1.1724,1.8435,0.0831,8.34,0,0,0,0,0.0306,0.5964,35.2463,0,7.9655,0.6234,1.9029
"S_JHB",0.555,3.5846,1.4958,324.0873,20.63,3.1027,17.2799,0.2499,0,0.962,19.56,0,0,0,0,0,0.0898,43.171,0,2.1857,0.1072,14.7449,1.9694,3.2263,2.1686,334.4506,39.3,24.2008,9.1961,5.8994,0,10.1228,7.43,0,0,0,0.3994,0,0.4353,29.6599,0,3.7424,0.1301,7.8985,5.0175,2.9775,2.1223,330.0665,55,39.0585,4.4201,11.2556,0.2697,3.3969,5.5,0,0,0,0.5902,0.0139,0.3003,20.4623,0,9.2243,0.1568,3.5985
"S_JOS",1e-04,1.9605,1.6504,518.3834,14.99,14.9929,0,0,0,0,2.62,0,0,0,0,0,0.9189,26.7929,0,37.2819,0,13.8528,0.0393,2.4553,2.1763,432.2679,28.03,28.0279,0,0,0,2.4133,10.09,0,0,0,0,0,2,8.3458,0,40.1381,0.0687,8.4707,0.6102,2.3601,2.2196,392.405,26.1,25.4676,0.6361,0,0,3.1029,6.35,0,0,0,0,0,2.0754,11.6273,0,42.6371,0.0749,6.0863
"S_KDT",0.2792,4.1329,2.181,498.6886,49.89,31.6901,3.4182,0,14.7782,0,4.95,0,0,0,0,0,3.297,2.3672,0,21.922,0,17.3848,0.1597,3.5474,2.1653,400.9377,60.96,30.8353,3.0903,0,27.0326,0,7.67,0,0,0,0.3268,0.0215,3.2133,3.9157,0,11.8512,0.2482,13.2052,2.4387,3.257,2.3963,382.6392,56.16,24.7644,0.7726,1.7841,28.8389,0.9316,4.97,0,0,0,0.4368,0.0181,2.2107,10.9223,0,14.8969,0.3443,8.7605
"S_KRT",0.1728,1.7858,1.9113,546.2271,14.45,14.4518,0,0,0,0,23.55,0,0,0,0,0.4541,1.8271,19.0597,0,1.2432,15.5088,6.118,0.9775,1.8505,2.1904,470.6823,24.29,24.1821,0.0553,0.0497,0,0.9107,24.8,0,0,0,0.017,0.1319,2.2031,11.1666,0,4.6891,15.9413,6.8973,6.2502,1.9541,2.3072,389.4307,32.23,29.4052,1.4472,1.04,0.3404,3.7157,25.34,0,0,0,0.03,0.0731,1.9147,10.745,0,13.576,5.8169,4.4524
"S_LAP",1e-04,2.0825,1.3926,403.6036,32.4,32.4014,0,0,0,0,1.03,0,0,0,0,0,0,0,0,43.0001,0.1047,26.4369,0.0171,1.9104,1.9437,436.4287,37.67,37.1319,0.1955,0,0.3453,0.8577,7.41,0,0,0,0,0,0.1247,0,0,34.0507,0.3041,19.8256,0.4582,1.8179,2.4663,433.6972,35.54,29.6359,2.6597,1.7451,1.5009,0.7615,5.66,0,0,0,0,0.0156,1.2511,2.0693,0,42.1048,0.4038,13.8261
"S_LPI",0,0.8425,1.2672,497.7765,3.37,0.3352,0,0,3.0352,0,0.24,0,0,0,0,0,0.4913,50.0861,0,2.8142,9.7891,32.7192,0.0031,1.5233,1.7662,445.6312,13.88,12.2271,0,0.4431,1.2069,0,2.33,0,0,0,0.0649,0,2.3078,38.622,0,4.7701,22.8417,14.4052,0.0869,2.0915,2.3057,402.2806,42.07,28.3566,2.409,2.3236,8.9787,0.0236,1.91,0,0,0,0.1813,0.0114,2.8094,20.6748,0,8.7145,15.4646,8.0827
"S_MAS",4.48,2.9081,1.4943,476.5322,26.09,24.5528,1.5344,0,0,0,44.48,0,0,0,0,0,2.1603,5.545,0,8.9258,1.866,9.3155,12.3293,3.0244,1.9548,379.9526,42.12,28.3207,12.3944,0,1.4053,0,33.81,0,0,0,0,0,0.9119,6.54,0,9.7396,2.3482,3.8456,29.7919,2.6686,2.0768,346.6782,46.36,38.1758,4.9095,0.5462,2.7252,0.0962,20.59,0,0,0,0,0,2.1737,10.5419,0,11.0978,5.6789,2.8318
"S_MBM",0.6535,2.4126,1.7835,387.773,43.95,39.2242,0,0,4.7289,0,32.39,0,0,0,0,0,1.6715,0,0,15.7121,0,8.2962,7.2621,2.3925,1.9782,312.9368,42.31,36.7307,0.3448,0,5.2371,0,35.27,0,0,0,0,0,2.4646,0.9,0,13.8406,0.1258,5.7024,39.8044,2.8316,2.1994,302.2605,37.62,32.3171,0.8279,0.7578,3.7178,0,30.17,0,0,0,0,0,1.8672,6.4312,0,17.8394,0.4178,6.7036
"S_MCH",0.1813,2.1605,1.7865,474.9008,47.02,43.637,0.0119,1.2263,2.1422,0,8.44,0,0,0,0,0,0.1701,0,0,28.7763,0,8.4942,0.5956,1.7019,2.1656,413.7517,51.65,41.9318,4.0894,2.9311,2.699,0,9.07,0,0,0,0,0,1.7011,0,0,27.8723,0,5.9277,1.6401,1.92,2.3104,438.9426,56.29,48.4844,2.8384,1.949,3.0229,0.2144,6.69,0,0,0,0,0.0209,2.1119,0.2332,0,25.3416,0.6044,7.6193
"S_MHH",3e-04,3.6075,0.6481,141.2595,0.07,0.0687,0,0,0,0,2.35,0,0,0,0,0,17.1611,1.8267,0,5.4809,0,0,0.029,3.7783,0.8713,147.2635,4.01,4.0126,0,0,0,0,2.97,0,0,0,0,0,12.4877,48.4158,0,4.4171,3.7921,0.1621,0.3822,3.4683,1.3358,196.473,5.8,4.4457,1.3498,0,0,0,6.82,0,0,0.1163,0,0,9.2243,41.271,0,19.8847,1.5958,2.6566
"S_MTK",2.1917,2.4972,1.5411,408.5169,63.83,63.8319,0,0,0,0,25.42,0,0,0,0,0,0,0,0,2.9822,0,11.3421,3.5381,1.967,1.9181,434.1521,56.88,54.6016,1.2423,0,1.0389,0.8444,18.61,0,0,0,0,0,1.5015,5.6877,0,12.5469,0.2639,6.1926,7.5821,1.9792,2.1006,384.7469,40.01,37.5455,1.2712,0,1.1949,0.2111,18.36,0,0,0,0,0,1.9265,21.6269,0,11.6965,0.5779,3.4877
"S_NOZ",0,2.2293,1.7356,450.1558,66.57,53.0864,2.4625,0,11.0178,0,0,0,0,0,0,0,1.2379,0,0,26.4494,0.6494,5.6978,0.0021,1.9733,1.9573,407.8244,55.1,40.7553,1.8845,0.0977,12.3663,0,4.45,0,0,0,0,0,1.3644,0,0,31.2387,3.4774,3.0844,0.2092,2.0454,2.1915,383.4276,63.25,41.0253,2.6465,2.9159,16.6618,0,6.74,0,0,0,0,0.0146,1.0896,0,0,23.1084,2.6339,2.46
"S_OST",0.003,1.3676,2.0393,528.7824,38.01,18.6964,0.7888,4.1203,14.4084,0,2.41,0,0,0,0.1365,1.3684,1.2693,0,0,37.279,0.3105,17.775,0.0847,1.6186,1.9187,486.6353,29.9,22.8554,0.6543,1.0301,5.3582,0,14.46,0,0,0,0.4217,1.0015,1.3816,0,0,44.854,0.2215,9.7081,1.7013,2.1114,2.2098,425.4214,41.7,29.6253,0.1647,2.3427,9.565,0,12.36,0,0,0,0.2664,0.3803,2.0927,1.8292,0,35.1522,1.0574,7.3503
"S_OSW",0.5117,3.0164,1.925,394.9313,39.21,39.2142,0,0,0,5.8326,20.13,0,0,0,0,0,1.3698,10.7748,0,8.2845,0.4906,5.4564,2.1772,2.5558,1.968,352.4125,41.36,41.0265,0.3314,0,0,5.3432,24.95,0,0,0,0,0,0.5145,14.918,0,6.1041,0.2496,2.3975,10.0691,2.1247,2.1423,355.3692,38.42,35.1515,2.389,0.8795,0,3.0432,24.88,0,0,0,0,0,0.3491,17.3491,0,10.4056,0.1842,1.3554
"S_PEI",0.0136,2.1353,1.6583,405.4382,37.25,32.9962,1.9682,2.286,0,0,12.4,0,0,0,0,0,1.1272,34.2116,0,6.9176,0.2009,6.7852,0.275,2.591,1.8425,318.5954,48.49,28.0167,1.6042,18.4386,0.4335,0,6.34,0,0,0,0,0,0.4299,33.417,0,4.9285,0.2279,6.2269,1.3681,3.0711,2.127,303.4171,57.47,39.5145,1.8317,8.5719,7.5508,0.4609,2.39,0,0.0323,0,0,0,0.7602,25.7285,0,7.7564,0.2487,5.1113
"S_PEN",6.4216,2.9304,1.9091,337.699,40.62,16.5688,0,18.1721,5.8823,0,26.31,0,0,0,0,0,0,30.023,0,2.1051,0.4216,2.0563,8.9728,3.5879,2.0177,326.556,59.05,35.6808,2.5765,17.9909,2.8004,0,10.29,0,0,0,0,0,0.4829,25.0313,0,5.3183,0.4072,2.4445,10.1879,3.8842,2.0818,286.6852,63.59,33.3585,1.2489,15.5469,13.4402,0,3.83,0,0,0,0,0,0.2689,25.7212,0,5.258,0.2529,2.4364
"S_POP",1.9543,1.8208,1.5857,280.9757,24.51,24.5061,0,0,0,0.488,32.18,0,0,0,0,0,0,31.9173,0,8.2552,0,0.092,2.3674,2.2273,1.8914,334.9667,33.13,31.1762,7e-04,1.958,0,4.6028,21.83,0,0,0,0,0,0.4435,27.6713,0,8.5728,0.15,0.3852,7.2875,2.0797,2.0095,365.1961,46.56,42.5267,0.8011,2.4879,0.7398,1.2898,21.31,0,0,0,0,0,0.3878,17.7989,0,8.818,0.2176,1.7167
"S_RUP",4.096,2.4156,1.5557,496.6181,47.58,47.5843,0,0,0,0,26.59,0,0,0,0,0,0.6097,13.1002,0,12.169,0.5708,1.7348,9.6764,2.2975,1.8213,450.7474,45.1,41.9552,3.0357,0.1114,0,0,19.05,0,0,0,0,0,0.7194,18.9352,0,9.4839,0.3876,2.5658,14.7428,2.483,2.1672,397.6981,50.86,42.9801,2.4284,4.6076,0.8432,0.8533,13.14,0,0,0,0,0,0.4282,20.1158,0,7.4239,0.3575,4.6181
"S_SBA",0,2.4162,1.2913,343.0745,19.22,19.2179,0,0,0,0,0,0,0,0,0,0,5.059,31.0483,0,2.9468,33.1725,7.2681,1e-04,2.4311,1.8071,338.8389,23.85,22.1014,0,0,1.7494,0,0.5,0,0,0,0,0,3.9366,29.7294,0,3.3875,25.3994,14.479,0.0401,1.978,2.2179,343.4974,33.66,26.7598,2.3424,0.3879,4.169,0.0217,4.05,0,0,0,0,0,3.7064,22.5114,0,9.3598,16.2809,11.3786
"S_SBN",0,2.19,1.4327,340.1855,19.07,19.0702,0,0,0,0,0,0,0,0,0,0,6.6124,30.5234,0,3.373,32.0085,7.2232,1e-04,2.2198,1.7675,330.1471,22.54,22.4636,0,0.076,0,0.2901,0.64,0,0,0,0,0,5.1163,31.1705,0,3.5548,24.4005,13.5313,0.0907,1.9473,2.2859,349.6204,34.37,26.8605,2.9484,0.3879,4.169,0.4148,4.81,0,0,0,0,0,3.6739,22.4953,0,9.707,14.9748,10.6539
"S_SHH",2.6925,3.0312,1.8892,383.2894,35.43,23.4425,6.4338,0,5.5584,0,29.42,0,0,0,0,0,3.3815,0,0,3.7405,0.1075,22.1855,4.7043,2.4377,2.3166,353.2532,63.39,34.7024,2.7852,2.0602,23.8407,0,13.16,0,0,0,0,0,1.4793,5.5458,0,5.3094,0.0954,11.0121,8.1135,2.4421,2.3212,347.1604,58.29,33.2595,1.5914,1.8483,21.5888,0,5.18,0,0,0,0,0,1.0836,14.8752,0,14.0819,0.102,6.2165
"S_SIM",2.3588,1.3821,1.3712,356.7516,22.06,22.057,0,0,0,0,11.85,0,0,0,0,0,0.8421,47.3493,0,10.3306,0.3356,4.9359,2.8196,1.4784,1.6344,449.6302,11.24,11.24,0,0,0,0,22.5,0,0,0,0,0,1.1247,33.4749,0,21.1972,0.6767,4.4957,5.0655,1.4659,1.8714,412.4773,19.38,18.3067,1.0706,0,0,0.2929,23.48,0,0,0,0,0,1.1619,27.8054,0,19.6947,0.565,3.3756
"S_SNF",1.4207,2.833,1.0883,355.685,16.73,14.5774,0,0,2.1483,0,16.44,0,0,0,0,0,0.0301,57.9476,0,5.3458,0.2295,0,3.2137,2.8579,1.6963,318.88,36.26,31.4376,1.2527,0,3.5694,0,9.81,0,0,0,0.0074,0.016,0.6283,43.7429,0.016,5.0764,0.1386,1.2856,6.2623,2.4691,1.9667,300.3991,36.86,31.3036,3.923,0.429,1.2025,0,13.33,0,0,0,0.0019,0.004,0.3196,31.5972,0.004,11.8092,0.3579,3.114
"S_STB",2.826,2.1922,1.2458,310.6976,14.79,7.215,7.5799,0,0,0,35.4,0,0,0,0,0,1.3892,39.7873,0,5.5591,0.2334,0.9719,6.7758,2.3975,1.5502,331.4572,15.56,12.6992,1.9496,0.9118,0,0,25.01,0,0,0,0,0,0.685,46.984,0,6.3005,0.5781,0.73,13.9367,2.1814,2.0648,341.0252,34.72,29.2761,3.8415,1.2622,0.3414,0.7273,19.67,0,0,0,0,0.0025,0.3433,30.8484,0,7.4446,0.4058,1.7799
"S_STW",8.0873,2.1221,1.5608,542.0349,19.34,19.336,0,0,0,0,54.26,0,1.6135,0,0,0,11.1522,3.8876,0,4.2968,1.9459,13.8398,13.2541,1.8242,1.8856,461.1854,32.05,32.0458,0,0,0,0,35.63,0,0.9056,0,0,0,7.3868,7.0833,0,3.8142,3.5397,14.2528,23.4952,1.6579,1.9405,376.1617,20.12,19.7302,0,0,0.3857,0,28.62,0,0.2391,0,0,0,12.2407,18.5456,0,7.0992,6.1233,10.9199
"S_TIE",0.3825,1.4812,1.9044,584.9428,29.14,2.2651,24.9813,0,1.8965,0,5.58,0,0,0,0,0,7.3936,8.5349,0,25.8489,9.4344,12.1614,0.6768,1.2898,1.7446,449.1332,20.84,7.7537,12.0559,0,1.0349,0,2.02,0,0,0,0,0,5.1364,30.881,0,25.6612,5.0791,8.0392,1.0448,1.7665,1.6502,357.2073,21.26,8.9012,4.3005,2.7919,5.2654,0.473,1.78,0,0,0,0,0,2.6439,43.4692,0,18.3635,6.0797,3.612
"S_TRN",0.3795,1.685,2.1364,610.5738,32.32,31.8602,0,0,0.4614,0,20.34,0,0,0,0,0,1.9834,1.9721,0,28.0173,0.521,15.5631,2.2417,1.8594,2.3228,527.445,34.95,30.2137,0,0,4.7319,0,24.87,0,0,0,0.0995,0.0034,1.1625,2.025,0,22.5919,2.3886,12.3258,9.5375,2.0601,2.6153,467.6668,42.28,23.4745,2.8456,0.0902,15.8704,0,20.09,0.0252,0,0,0.2128,0.0724,1.295,4.7509,0,20.1367,1.349,8.4893
"S_UKB",3.5396,2.2238,1.8885,370.4571,30.39,25.7744,0,4.6175,0,5.5688,40.61,0,0,0,0,0,0,0,0,3.2153,6.7867,8.0182,9.8647,2.4797,2.3002,345.2012,32.41,23.0971,5.0914,4.2171,0,8.7624,25.57,0,0,0,0.1341,0.0419,0.2142,0.7585,0,22.7596,3.7747,2.3104,16.0983,2.3693,2.3939,337.6466,47.47,40.714,3.0073,3.1111,0.642,2.9701,18.74,0,0,0,0.107,0.04,0.9753,3.1507,0,20.2753,1.993,1.3749
"S_VIB",2.2642,3.929,0.8009,371.2206,6.09,6.0903,0,0,0,0,43.91,0,0,0,0.307,0,1.0009,0.2161,0,44.0442,4.224,0.2412,6.049,3.9078,1.8629,377.1191,20.94,20.9403,0,0,0,0,23.51,0,0,0,0.1225,0,0.6268,8.4856,0,37.0552,2.9857,5.2024,12.1586,2.8026,2.1476,410.9053,25.89,25.0582,0,0.0461,0.7886,0,13.68,0,0,0,0.1333,0.0432,1.3087,9.8604,0,40.1805,1.756,4.5343
"S_VLP",4.8178,2.9345,1.5416,437.5618,27.17,17.3964,0,0,9.7719,0,48.43,0,0,0,0,0,3.2174,0,0,1.8299,8.5279,14.3171,12.5428,2.7451,2.0337,365.3568,53.29,32.2783,2.0234,0,18.9875,0,26.45,0,0,0,0,0,2.8362,0,0,2.5464,5.952,10.325,17.5824,2.7441,2.0339,336.7105,67.15,41.5112,1.9962,0,23.6472,0,15.66,0,0,0,0,0,1.3398,0.3682,0,7.4403,3.0908,6.0739
"S_VLR",4.2413,3.3403,1.5277,341.6972,56.9,44.2749,10.9426,0,1.6817,0,24.7,0,0,0,0,0,0.5521,0,0,4.9027,4.3987,8.7214,5.5414,2.6856,1.8953,357.8255,65.32,46.4823,6.693,0,12.1467,0,9.57,0,0,0,0,0,0.7143,0,0,14.1623,3.8827,6.3967,7.522,2.708,2.166,337.2523,73.73,47.0048,1.9419,0,24.7806,0,7.44,0,0,0,0,0,1.3042,1.6638,0,9.4113,2.9457,6.6557
"S_WGD",0.0095,3.181,1.4379,332.4083,74.55,63.5652,0,0,10.9834,4.4382,9.09,0,0,0,0,0,0,0,0,12.3547,0.6642,0.3247,0.2298,3.5112,1.94,340.4747,70.41,60.3289,0,4.6914,5.3892,2.069,6.45,0,0,0,0,0,0.3661,12.1884,0,8.8048,0.3406,1.0187,1.4633,2.9865,1.9089,285.8923,60.07,51.5129,1.0471,6.1639,1.3473,0.5703,2.31,0,0,0,0,0.0187,0.1468,26.5464,0,8.3862,0.2764,1.911
"S_WLF",0.1957,3.695,1.5531,337.0371,49.56,25.3932,9.615,14.5501,0,26.4261,0,0,0,0,0.2221,0.0637,0,0,0,21.609,0,1.3118,0.2409,2.7755,1.9802,354.295,51.8,36.024,2.8515,12.9213,0,15.721,3.65,0,0,0,0.0555,0.0216,0.2042,0.6074,0,26.406,0,1.0891,1.5537,2.524,2.3498,335.2737,53,42.3909,5.305,4.7952,0.5046,4.8686,15.79,0,0,0,0.0653,0.0099,0.482,8.9325,0,13.8473,0.1573,2.1975
"S_WNG",3.687,1.9927,1.6761,564.8159,37.45,37.4491,0,0,0,0,17.16,0,0,0,0.3314,0.0884,8.1717,0,0,21.5715,0.0067,11.0276,4.1067,2.2024,1.9244,509.3359,41.22,39.0453,1.6888,0.4861,0,0,7.46,0,0,0,0.3834,0.092,3.0639,1.1297,0,34.5617,0.1329,8.6546,4.967,2.4047,1.9654,445.0889,57.44,55.3519,0.4222,1.6612,0,1.4022,4.26,0,0,0,0.4084,0.1025,1.4039,9.1843,0,17.4661,0.1859,8.0063
"S_WNK",3.4606,2.604,1.0883,408.3462,9.26,9.256,0,0,0,0,35.48,0,0,0,0,0,1.4681,41.2703,0,10.0229,0.0665,0.6787,7.286,1.8178,1.4493,338.66,14.78,14.7754,0,0,0,0,24.76,0,0,0,0,0,0.5385,41.6175,0,11.2963,0.0774,4.5165,15.9892,2.0285,1.6714,312.5472,19.85,17.5228,1.0485,0,1.2814,0.0129,16.88,0,0,0,0,0,0.5851,44.0135,0,13.2065,0.2306,4.8633
"S_WTB",0.6712,3.1286,1.9717,316.4338,51.97,46.7931,5.1814,0,0,0,18.71,0,0,0,0,0,0.2048,20.1579,0,4.5586,0.0545,0.1744,1.8067,2.6151,2.0216,305.708,46.1,44.4599,1.6414,0,0,0,23.58,0,0,0,0,0,1.3887,18.4721,0,5.1223,0.3232,1.7063,5.8648,2.2531,2.0861,323.684,48.73,45.2354,2.5838,0.6544,0.2608,0.7297,19.52,0,0,0,0,0.0121,1.0812,18.332,0,6.3126,0.2701,1.6172
"S_WTH",9.6006,1.9828,1.1447,433.1364,9.36,3.1846,0,0,6.1717,0,66.71,0,0.5921,0,0,0,14.214,0.1457,0,2.2271,1.3213,8.7206,32.8065,1.8879,1.5967,449.0346,12.23,10.6848,0,0,1.5429,0,50.87,0,0.9563,0,0,0,15.8341,9.9704,0,2.9076,5.151,11.6144,29.8373,1.7091,1.913,351.9559,16.54,16.1565,0,0,0.3857,0,29.52,0,0.2391,0,0,0,12.4842,13.9683,0,9.0844,13.3765,12.4783
"S_WTZ",6.5718,1.9831,1.2923,316.2193,21.48,21.4807,0,0,0,0,31.16,0,0,0,0,0,0,26.8721,0,4.1822,0,7.4923,6.1825,1.7838,1.8359,337.0694,24.38,24.3823,0,0,0,0.0169,23.99,0,0,0,0,0,0.3077,28.6379,0,5.7744,0.0408,9.6202,5.7795,1.9991,1.8729,355.9343,26.51,26.0189,0.4885,0,0,0.4234,28.73,0,0,0,0,0,0.4941,26.1866,0,7.0807,0.3699,4.8975
